model,rep,n_train_samples,n_test_samples,recurse_level,cov_scale,onehot,shuffle_label_frac,n_estimators,bootstrap,max_depth,n_jobs,train_01_error,train_mse,test_01_error,test_mse,IRM_L0,IRM_L1,IRM_L2,n_regions,ACTS_L2,IRM_h*,ACTS_h*,IRM_entropy,IRM_rows_mean_L2,IRM_cols_mean_L1,IRM_cols_mean_L2,IRM_mean_dot_product,IRM_mean_sim_entropy,n_total_leaves,IRM_scaled_L0,IRM_scaled_L1,IRM_scaled_L2,mean_affine_unexpanded_mat_norm,mean_affine_mat_norm
forest,0,1024,8192,0,1.0,True,None,1,False,1,-2,0.4873046875,0.24862748919857977,0.5009765625,0.2515943893983133,2.0,1024.0,993.483769369183,2,993.483769369183,2,2,0.13569138300580474,0.9701989935245928,512.0,16.0,963.876953125,6.795780422593602,2,2.0,2.0,1.4142135623730951,0.5013706321688739,0.5013706321688739
forest,0,1024,8192,0,1.0,True,None,1,False,2,-2,0.4619140625,0.24471076012260276,0.4820556640625,0.24657014875459074,4.0,1024.0,849.3538720698223,4,849.3538720698223,4,4,0.5804831523864448,0.8294471406931858,256.0,8.0,704.494140625,6.350988653213143,4,4.0,4.0,1.9999999999999998,0.5052615559068341,0.5052615559068341
forest,0,1024,8192,0,1.0,True,None,1,False,3,-2,0.369140625,0.2166038459893782,0.3935546875,0.22595022883716043,8.0,1024.0,668.9140453002911,8,668.9140453002911,8,8,1.1645631519502295,0.6532363723635656,128.0,4.0,436.958984375,5.766908653649229,8,8.0,7.999999999999999,2.82842712474619,0.5323496539029747,0.5323496539029747
forest,0,1024,8192,0,1.0,True,None,1,False,4,-2,0.287109375,0.18541995267472935,0.3262939453125,0.21207214807225036,14.0,1024.0,481.4228910220203,14,481.4228910220203,8,14,1.7719368762319176,0.4701395420136917,73.14285714285712,2.285714285714286,226.3359375,5.159534929367502,14,14.0,14.0,3.7416573867739413,0.5608743596611203,0.5608743596611203
forest,0,1024,8192,0,1.0,True,None,1,False,5,-2,0.208984375,0.15224870849422187,0.2755126953125,0.1965807922713295,23.0,1024.0,368.22547440393095,23,368.22547440393095,14,23,2.348789085223663,0.3595951898475888,44.52173913043477,1.3913043478260871,132.412109375,4.582682720375806,23,23.0,23.0,4.795831523312719,0.589704410281777,0.589704410281777
forest,0,1024,8192,0,1.0,True,None,1,False,6,-2,0.189453125,0.13766997379566187,0.2808837890625,0.2035222610930211,36.0,1024.0,284.54525123431597,36,284.54525123431597,12,0,2.868362480856754,0.2778762219085117,28.444444444444454,0.8888888888888888,79.068359375,4.06310932474265,36,36.0,36.0,6.0,0.601938556834781,0.601938556834781
forest,0,1024,8192,0,1.0,True,None,1,False,7,-2,0.173828125,0.1246106070260434,0.2911376953125,0.2144527024124344,53.0,1024.0,252.44009190300974,53,252.44009190300974,10,0,3.1751386125207777,0.24652352724903295,19.32075471698113,0.6037735849056604,62.232421875,3.75633319307866,53,53.0,53.0,7.280109889280518,0.6126902912352673,0.6126902912352673
forest,0,1024,8192,0,1.0,True,None,1,False,8,-2,0.15625,0.11156938725550732,0.2958984375,0.22605877289737025,77.0,1024.0,210.70832921363123,77,210.70832921363123,4,0,3.570712724573471,0.20576985274768675,13.298701298701301,0.4155844155844156,43.357421875,3.3607590810259644,77,77.0,77.0,8.774964387392123,0.623242017794446,0.623242017794446
forest,0,1024,8192,0,1.0,True,None,1,False,9,-2,0.1279296875,0.09326105263380369,0.31298828125,0.25193454341473104,107.0,1024.0,191.06543381784158,107,191.06543381784158,3,0,3.845546539996661,0.18658733771273592,9.570093457943925,0.2990654205607477,35.650390625,3.0859252656027603,107,107.0,107.0,10.344080432788601,0.6377608857292802,0.6377608857292802
forest,0,1024,8192,0,1.0,True,None,1,False,10,-2,0.1083984375,0.07594467148757611,0.314697265625,0.26688380525581834,134.0,1024.0,180.3108427133543,134,180.3108427133543,3,0,4.039069189114993,0.17608480733726006,7.641791044776117,0.23880597014925375,31.75,2.892402616484459,134,134.0,134.0,11.575836902790225,0.6511953075018464,0.6511953075018464
forest,0,1024,8192,0,1.0,True,None,1,False,11,-2,0.0859375,0.061356776709434,0.3194580078125,0.2789088727666257,156.0,1024.0,163.45029825607537,156,163.45029825607537,2,0,4.238686217027305,0.1596194318906986,6.564102564102566,0.20512820512820512,26.08984375,2.692785588572146,156,156.0,156.0,12.489995996796797,0.6623014595262235,0.6623014595262235
forest,0,1024,8192,0,1.0,True,None,1,False,12,-2,0.0703125,0.050457219209275164,0.3238525390625,0.28794916094568734,174.0,1024.0,155.69842645319187,174,155.69842645319187,2,0,4.3730467248774865,0.1520492445831952,5.885057471264366,0.18390804597701152,23.673828125,2.5584250807219533,174,174.0,174.0,13.19090595827292,0.6704795155638424,0.6704795155638424
forest,0,1024,8192,0,1.0,True,None,1,False,13,-2,0.056640625,0.03908541776946524,0.326416015625,0.3004203710555972,194.0,1024.0,136.71137480107498,194,136.71137480107498,1,0,4.576767073587476,0.1335072019541748,5.278350515463917,0.16494845360824745,18.251953125,2.354704732011969,194,194.0,194.0,13.92838827718412,0.67890690247672,0.67890690247672
forest,0,1024,8192,0,1.0,True,None,1,False,14,-2,0.041015625,0.029761476614216763,0.3345947265625,0.31250413639665864,212.0,1024.0,132.1060180309739,212,132.1060180309739,1,0,4.678382050585442,0.12900978323337295,4.830188679245283,0.1509433962264151,17.04296875,2.253089755014007,212,212.0,212.0,14.560219778561036,0.6857393990327398,0.6857393990327398
forest,0,1024,8192,0,1.0,True,None,1,False,15,-2,0.0361328125,0.024412363352793034,0.3333740234375,0.3183222086741267,223.0,1024.0,130.81284340614266,223,130.81284340614266,1,0,4.71878663571408,0.1277469173888112,4.591928251121076,0.14349775784753363,16.7109375,2.2126851698853676,223,223.0,223.0,14.933184523068078,0.6896286222650616,0.6896286222650616
forest,0,1024,8192,0,1.0,True,None,1,False,16,-2,0.017578125,0.01321653521232058,0.3326416015625,0.3241699697749805,243.0,1024.0,124.65953633797938,243,124.65953633797938,1,0,4.84458644297947,0.12173782845505798,4.213991769547326,0.13168724279835392,15.17578125,2.086885362619985,243,243.0,243.0,15.588457268119896,0.6976986919779049,0.6976986919779049
forest,0,1024,8192,0,1.0,True,None,1,False,17,-2,0.0146484375,0.010646945827609878,0.33154296875,0.3266867005114366,247.0,1024.0,125.50697191789786,247,125.50697191789786,1,0,4.84296701484611,0.12256540226357213,4.145748987854249,0.12955465587044535,15.3828125,2.0885047907533414,247,247.0,247.0,15.716233645501712,0.6995377432078915,0.6995377432078915
forest,0,1024,8192,0,1.0,True,None,1,False,18,-2,0.0078125,0.005634014423076919,0.3367919921875,0.33363443609133436,252.0,1024.0,123.52327715859873,252,123.52327715859873,1,0,4.88193649080022,0.12062820035019407,4.063492063492063,0.12698412698412695,14.900390625,2.0495353147992326,252,252.0,252.0,15.874507866387544,0.7031116451723176,0.7031116451723176
forest,0,1024,8192,0,1.0,True,None,1,False,19,-2,0.005859375,0.003658234126984126,0.337158203125,0.3360049477690401,256.0,1024.0,123.08533625091171,256,123.08533625091171,1,0,4.898642281703334,0.12020052368253097,4.0,0.125,14.794921875,2.032829523896118,256,256.0,256.0,16.0,0.7045152701489272,0.7045152701489272
forest,0,1024,8192,0,1.0,True,None,1,False,20,-2,0.00390625,0.0023193359375,0.3385009765625,0.3376884460449219,260.0,1024.0,122.89833196589773,260,122.89833196589773,1,0,4.910038482031672,0.120017902310447,3.9384615384615387,0.1230769230769231,14.75,2.02143332356778,260,260.0,260.0,16.1245154965971,0.7054648567168318,0.7054648567168318
forest,0,1024,8192,0,1.0,True,None,1,False,21,-2,0.0,0.0,0.341064453125,0.341064453125,266.0,1024.0,122.69474316367429,266,122.69474316367429,1,0,4.925915224993397,0.11981908512077567,3.8496240601503757,0.12030075187969926,14.701171875,2.005556580606054,266,266.0,266.0,16.30950643030009,0.7071067811865475,0.7071067811865475
forest,0,1024,8192,0,1.0,True,None,1,False,22,-2,0.001953125,0.0009765625,0.337158203125,0.336944580078125,261.0,1024.0,122.76807402578245,261,122.76807402578245,1,0,4.915274543920643,0.11989069729080318,3.9233716475095775,0.12260536398467431,14.71875,2.0161972616788093,261,261.0,261.0,16.15549442140351,0.7064159097160821,0.7064159097160821
forest,0,1024,8192,0,1.0,True,None,1,False,23,-2,0.0,0.0,0.3406982421875,0.3406982421875,265.0,1024.0,122.70289320142373,265,122.70289320142373,1,0,4.9245614219063665,0.11982704414201537,3.864150943396226,0.12075471698113208,14.703125,2.0069103836930857,265,265.0,265.0,16.278820596099706,0.7071067811865475,0.7071067811865475
forest,0,1024,8192,0,1.0,True,None,1,False,24,-2,0.0009765625,0.00048828125,0.3377685546875,0.3377685546875,265.0,1024.0,122.67028980156523,265,122.67028980156523,1,0,4.9231204312456285,0.11979520488434105,3.864150943396226,0.12075471698113208,14.6953125,2.008351374353823,265,265.0,265.0,16.278820596099706,0.7067614298686651,0.7067614298686651
forest,0,1024,8192,0,1.0,True,None,1,False,None,-2,0.0,0.0,0.3406982421875,0.3406982421875,267.0,1024.0,122.67844146385298,267,122.67844146385298,1,0,4.927780012595823,0.11980316549204392,3.8352059925093642,0.11985018726591758,14.697265625,2.003691793003628,267,267.0,267.0,16.34013463836819,0.7071067811865475,0.7071067811865475
forest,0,1024,8192,0,1.0,True,None,2,False,None,-2,0.0,0.0,0.3382568359375,0.33428955078125,533.0,1024.0,122.4642805066032,279,122.27019260637483,1,0,4.940157244314431,0.16939911505277724,3.8424015009380876,0.12007504690431517,7.34619140625,2.0220071904609784,533,532.0,266.4999999999999,16.21288924830419,0.7071067811865475,0.5
forest,0,1024,8192,0,1.0,True,None,3,False,None,-2,0.0,0.0,0.34033203125,0.322943793402777,798.0,1024.0000000000005,122.11197047518861,300,121.38368918433811,1,0,4.9651907618272,0.20753274314560355,3.8496240601503757,0.12030075187969926,4.900390625000012,2.0520556986837897,798,798.0,266.0,16.03552598271289,0.7071067811865475,0.408248290463863
forest,0,1024,8192,0,1.0,True,None,4,False,None,-2,0.0,0.0,0.34130859375,0.32376861572265625,1024.0,1024.0000000000007,122.18786764650571,300,121.39192724394815,1,0,4.961398921607785,0.23962623101576402,3.860508953817153,0.12064090480678608,3.6749267578125,2.049084042682373,1061,1023.0,265.25000000000006,16.029704060263104,0.7071067811865475,0.35355339059327373
forest,0,1024,8192,0,1.0,True,None,5,False,None,-2,0.0,0.0,0.34130859375,0.32368164062499927,1024.0,1024.0000000000005,122.08619905624057,301,121.36721138759019,1,0,4.9651352425070705,0.2679378569564773,3.8670694864048354,0.12084592145015105,2.9405468750000026,2.055372573191694,1324,1024.0,264.8,15.98167238234948,0.7071067811865475,0.316227766016838
forest,0,1024,8192,0,1.0,True,None,7,False,None,-2,0.0,0.0,0.3419189453125,0.3224026426977055,1024.0,1024.0000000000007,122.09547953322834,301,121.309521472966,1,0,4.964716335142798,0.31705361533204,3.8704103671706274,0.1209503239740821,2.100725446428567,2.05614730844713,1852,1024.0,264.5714285714285,15.964328394640466,0.7071067811865475,0.2672612419124244
forest,0,1024,8192,0,1.0,True,None,10,False,None,-2,0.0,0.0,0.3367919921875,0.3201745605468744,1024.0,1024.0000000000005,122.03114356589468,304,121.18580774991764,1,0,4.969300467318988,0.37893645176026053,3.8670694864048354,0.12084592145015105,1.4703906250000018,2.0597220301347896,2648,1024.0,264.8,15.954490475917865,0.7071067811865475,0.223606797749979
forest,0,1024,8192,0,1.0,True,None,13,False,None,-2,0.0,0.0,0.336669921875,0.31846555450258907,1024.0,1024.0000000000005,122.02056282233454,303,121.28478882366082,1,0,4.970157022608771,0.43202930746624774,3.86078886310905,0.12064965197215778,1.1309402736686496,2.0592067852946636,3448,1023.0,265.2307692307692,15.95295716426688,0.7071067811865475,0.19611613513818404
forest,0,1024,8192,0,1.0,True,None,16,False,None,-2,0.0,0.0,0.343017578125,0.3192005157470703,1024.0,1024.0000000000007,122.02068216085337,305,121.17755567760888,1,0,4.9718134411308,0.47930817656806146,3.860508953817153,0.12064090480678608,0.9189453125,2.0609934266942984,4244,1023.0,265.24999999999994,15.942506984096553,0.7071067811865475,0.17677669529663687
forest,0,1024,8192,0,1.0,True,None,20,False,None,-2,0.0,0.0,0.3375244140625,0.3182321166992169,1024.0,1024.0000000000005,121.99258174167805,305,121.17755567760888,1,0,4.9723657724933625,0.5358757139129546,3.864150943396226,0.12075471698113208,0.735136718750001,2.0617690718424124,5300,1024.0,265.0,15.934518619247232,0.7071067811865475,0.158113883008419
forest,1,1024,8192,0,1.0,True,None,1,False,1,-2,0.474609375,0.24896666422090488,0.5084228515625,0.25170353888390423,2.0,1024.0,849.3997880856812,2,849.3997880856812,2,2,0.4910575917265567,0.829491980552423,512.0,16.0,704.5703125,6.440414213872968,2,2.0,2.0,1.4142135623730951,0.5010322701973382,0.5010322701973382
forest,1,1024,8192,0,1.0,True,None,1,False,2,-2,0.3818359375,0.22779274235426886,0.3804931640625,0.2277766751893474,4.0,1024.0,617.5289466899508,4,617.5289466899508,4,4,1.15884943342206,0.603055612001905,256.0,8.0,372.404296875,5.772622372177428,4,4.0,4.0,1.9999999999999998,0.5217348537770234,0.5217348537770234
forest,1,1024,8192,0,1.0,True,None,1,False,3,-2,0.287109375,0.1878559287266628,0.3016357421875,0.20015953300764128,8.0,1024.0,442.2035730294363,8,442.2035730294363,8,8,1.8334359385959251,0.4318394267865589,128.0,4.0,190.9609375,5.098035867003577,8,8.0,8.0,2.8284271247461903,0.5586985513435121,0.5586985513435121
forest,1,1024,8192,0,1.0,True,None,1,False,4,-2,0.2666015625,0.1728520284021851,0.3045654296875,0.19612902222340106,16.0,1024.0,341.6108897561669,16,341.6108897561669,16,16,2.405931283638606,0.33360438452750674,64.0,2.0,113.962890625,4.525540521960865,16,16.0,16.0,4.0,0.5719685057744122,0.5719685057744122
forest,1,1024,8192,0,1.0,True,None,1,False,5,-2,0.2451171875,0.15879352971089297,0.31298828125,0.20267022729382725,30.0,1024.0,263.16914712785007,30,263.16914712785007,19,12,2.9424286463612206,0.2570011202420411,34.13333333333333,1.0666666666666667,67.634765625,3.98904315923822,30,30.0,30.0,5.477225575051661,0.5841288130961422,0.5841288130961422
forest,1,1024,8192,0,1.0,True,None,1,False,6,-2,0.2177734375,0.14173106662582424,0.3175048828125,0.21678024785410838,52.0,1024.0,217.3798518722469,52,217.3798518722469,2,0,3.398201095971949,0.2122850115939911,19.692307692307686,0.6153846153846154,46.146484375,3.5332707096275238,52,52.0,52.0,7.211102550927978,0.5985557061578943,0.5985557061578943
forest,1,1024,8192,0,1.0,True,None,1,False,7,-2,0.189453125,0.12224919222347155,0.3319091796875,0.23517206817995942,80.0,1024.0,194.1288232076834,80,194.1288232076834,1,0,3.7181252359191275,0.18957892891375333,12.800000000000002,0.40000000000000013,36.802734375,3.2133465696803007,80,80.0,80.0,8.944271909999157,0.6146143569560741,0.6146143569560741
forest,1,1024,8192,0,1.0,True,None,1,False,8,-2,0.162109375,0.10473429595284081,0.3270263671875,0.2494853031894657,113.0,1024.0,176.13063333787227,113,176.13063333787227,1,0,4.030902163679855,0.1720025716190159,9.061946902654867,0.28318584070796465,30.294921875,2.9005696419195943,113,113.0,113.0,10.63014581273465,0.6287016017532951,0.6287016017532951
forest,1,1024,8192,0,1.0,True,None,1,False,9,-2,0.130859375,0.08426386210682367,0.3304443359375,0.2647725741006289,145.0,1024.0,153.17310468878014,145,153.17310468878014,1,0,4.272230248080701,0.14958311004763686,7.062068965517241,0.2206896551724138,22.912109375,2.6592415575187496,145,145.0,145.00000000000003,12.041594578792298,0.6447760370029088,0.6447760370029088
forest,1,1024,8192,0,1.0,True,None,1,False,10,-2,0.1103515625,0.0687459240683439,0.3414306640625,0.28538638692431545,169.0,1024.0,141.76741515595182,169,141.76741515595182,1,0,4.456883143497319,0.1384447413632342,6.059171597633138,0.1893491124260355,19.626953125,2.474588662102119,169,169.0,169.0,13.0,0.6566993801821777,0.6566993801821777
forest,1,1024,8192,0,1.0,True,None,1,False,11,-2,0.08984375,0.0559471827748699,0.3377685546875,0.29764293763509436,189.0,1024.0,133.8656042454521,189,133.8656042454521,0,0,4.590968885889953,0.1307281291459493,5.417989417989418,0.16931216931216928,17.5,2.340502919709494,189,189.0,189.0,13.74772708486752,0.6663728815198965,0.6663728815198965
forest,1,1024,8192,0,1.0,True,None,1,False,12,-2,0.072265625,0.043796964597103506,0.3494873046875,0.3135803921925157,208.0,1024.0,124.76377679438852,208,124.76377679438852,0,0,4.742041102325432,0.12183962577577004,4.923076923076922,0.15384615384615385,15.201171875,2.1894307032740175,208,208.0,208.0,14.422205101855956,0.6754280386561522,0.6754280386561522
forest,1,1024,8192,0,1.0,True,None,1,False,13,-2,0.05859375,0.034294826236803716,0.3507080078125,0.3220068233425276,227.0,1024.0,120.02499739637572,227,120.02499739637572,0,0,4.8471513186161825,0.11721191151989817,4.511013215859031,0.1409691629955947,14.068359375,2.084320486983268,227,227.0,227.0,15.066519173319364,0.6824259474574486,0.6824259474574486
forest,1,1024,8192,0,1.0,True,None,1,False,14,-2,0.044921875,0.024937274639423065,0.350830078125,0.33011235532942484,242.0,1024.0,117.39676315810415,242,117.39676315810415,0,0,4.9045984709820685,0.11464527652158608,4.231404958677686,0.1322314049586777,13.458984375,2.026873334617383,242,242.0,242.0,15.556349186104047,0.689247941861691,0.689247941861691
forest,1,1024,8192,0,1.0,True,None,1,False,15,-2,0.0341796875,0.02032433712121209,0.356201171875,0.3367722198654454,251.0,1024.0,115.51623262554921,251,115.51623262554921,0,0,4.9497341918282665,0.1128088209233879,4.079681274900397,0.12749003984063742,13.03125,1.9817376137711862,251,251.0,251.0,15.84297951775486,0.6925862133184488,0.6925862133184488
forest,1,1024,8192,0,1.0,True,None,1,False,16,-2,0.01953125,0.013096668956043946,0.348876953125,0.33918426990707584,263.0,1024.0,108.8852607105296,263,108.8852607105296,0,0,5.02426870673549,0.10633326241262656,3.893536121673003,0.12167300380228135,11.578125,1.907203098863962,263,263.0,263.0,16.217274740226856,0.697784587852122,0.697784587852122
forest,1,1024,8192,0,1.0,True,None,1,False,17,-2,0.0205078125,0.011475271002710032,0.357177734375,0.3477668323755441,264.0,1024.0,112.36547512470189,264,112.36547512470189,0,0,5.003419968182181,0.10973190930146669,3.878787878787877,0.1212121212121212,12.330078125,1.9280518374172702,264,264.0,264.0,16.24807680927192,0.6989454406441822,0.6989454406441822
forest,1,1024,8192,0,1.0,True,None,1,False,18,-2,0.01953125,0.010653831845238087,0.3541259765625,0.3447585831207491,267.0,1024.0,110.32678731840241,267,110.32678731840241,0,0,5.026110756132769,0.10774100324062735,3.8352059925093642,0.11985018726591758,11.88671875,1.9053610494666833,267,267.0,267.0,16.34013463836819,0.6995328213563405,0.6995328213563405
forest,1,1024,8192,0,1.0,True,None,1,False,19,-2,0.0087890625,0.005436197916666668,0.35546875,0.3495224338107624,277.0,1024.0,105.77334257741882,277,105.77334257741882,0,0,5.098058358699554,0.10329427986076056,3.696750902527077,0.11552346570397114,10.92578125,1.8334134468998977,277,277.0,277.0,16.64331697709324,0.7032523032904573,0.7032523032904573
forest,1,1024,8192,0,1.0,True,None,1,False,20,-2,0.0048828125,0.0031926081730769234,0.351806640625,0.3493746243990379,282.0,1024.0,105.45141061171255,282,105.45141061171255,0,0,5.110742963962086,0.10297989317550053,3.631205673758864,0.11347517730496455,10.859375,1.820728841637365,282,282.0,282.0,16.792855623746668,0.7048456510661913,0.7048456510661913
forest,1,1024,8192,0,1.0,True,None,1,False,21,-2,0.00390625,0.0024857954545454545,0.354736328125,0.3526379293646689,286.0,1024.0,105.18555033843765,286,105.18555033843765,0,0,5.12169179335073,0.10272026400238052,3.5804195804195804,0.11188811188811192,10.8046875,1.8097800122487213,286,286.0,286.0,16.911534525287763,0.7053468682467191,0.7053468682467191
forest,1,1024,8192,0,1.0,True,None,1,False,22,-2,0.0029296875,0.001985677083333333,0.3572998046875,0.3559442816840279,285.0,1024.0,104.9285471165974,285,104.9285471165974,0,0,5.125874669090222,0.10246928429355215,3.5929824561403496,0.11228070175438595,10.751953125,1.8055971365092294,285,285.0,285.0,16.881943016134134,0.7057012986502623,0.7057012986502623
forest,1,1024,8192,0,1.0,True,None,1,False,23,-2,0.0029296875,0.0018833705357142862,0.3546142578125,0.3524630799585461,284.0,1024.0,104.98571331376475,284,104.98571331376475,0,0,5.122723677491626,0.10252511065797339,3.6056338028169024,0.11267605633802817,10.763671875,1.8087481281078257,284,284.0,284.0,16.852299546352718,0.7057737806579993,0.7057737806579993
forest,1,1024,8192,0,1.0,True,None,1,False,24,-2,0.0,0.0,0.35693359375,0.35693359375,287.0,1024.0,104.82366145102927,287,104.82366145102927,0,0,5.131896789299229,0.10236685688577077,3.5679442508710797,0.11149825783972127,10.73046875,1.799575016300222,287,287.0,287.0,16.941074346097416,0.7071067811865475,0.7071067811865475
forest,1,1024,8192,0,1.0,True,None,1,False,None,-2,0.0,0.0,0.355224609375,0.355224609375,284.0,1024.0,104.98571331376475,284,104.98571331376475,0,0,5.122324244344523,0.10252511065797339,3.6056338028169024,0.11267605633802817,10.763671875,1.8091475612549277,284,284.0,284.0,16.852299546352718,0.7071067811865475,0.7071067811865475
forest,1,1024,8192,0,1.0,True,None,2,False,None,-2,0.0,0.0,0.360595703125,0.35003662109375,569.0,1024.0000000000002,103.99278821149088,308,103.05338422390601,0,0,5.160285443294919,0.1449068704328156,3.5992970123022854,0.11247803163444638,5.37548828125,1.8451245196315496,569,565.0,284.49999999999994,16.671693969677882,0.7071067811865475,0.5
forest,1,1024,8192,0,1.0,True,None,3,False,None,-2,0.0,0.0,0.3543701171875,0.3407253689236103,864.0,1024.0000000000002,104.1067827868205,329,103.24727599312246,0,0,5.181126257478147,0.1773476217914357,3.5555555555555567,0.1111111111111111,3.578559027777787,1.8562716765654679,864,864.0,288.00000000000006,16.64872079524508,0.7071067811865475,0.408248290463863
forest,1,1024,8192,0,1.0,True,None,4,False,None,-2,0.0,0.0,0.3621826171875,0.342559814453125,1024.0,1024.0000000000005,103.74427695058652,329,102.3132444994293,0,0,5.180220148903682,0.2049990546972298,3.5992970123022854,0.11247803163444638,2.6895751953125,1.869190034251571,1138,1022.0,284.5,16.535901198276235,0.7071067811865475,0.35355339059327373
forest,1,1024,8192,0,1.0,True,None,5,False,None,-2,0.0,0.0,0.3599853515625,0.33731445312499925,1024.0,1024.0000000000005,103.78863136201382,340,102.12737145349429,0,0,5.190339303759368,0.22887841794322877,3.5408022130013843,0.11065006915629322,2.145703124999993,1.862927267694853,1446,1024.0,289.2,16.65152071891503,0.7071067811865475,0.316227766016838
forest,1,1024,8192,0,1.0,True,None,7,False,None,-2,0.0,0.0,0.3563232421875,0.33532714843750067,1024.0,1024.0000000000007,103.62707864535905,346,101.84301645179212,0,0,5.195323706634072,0.2710589911524248,3.585792896448225,0.11205602801400699,1.5354352678571408,1.881052897913823,1999,1023.0,285.57142857142856,16.474338830811455,0.7071067811865475,0.2672612419124244
forest,1,1024,8192,0,1.0,True,None,10,False,None,-2,0.0,0.0,0.3585205078125,0.3344067382812496,1024.0,1024.0000000000005,103.45685090896588,343,101.87246929372037,0,0,5.200508212089793,0.32377134039222033,3.560500695410291,0.11126564673157163,1.0734374999999965,1.8793180830746201,2876,1024.0,287.6,16.53741457579146,0.7071067811865475,0.223606797749979
forest,1,1024,8192,0,1.0,True,None,13,False,None,-2,0.0,0.0,0.3543701171875,0.3337958522096903,1024.0,1024.0000000000007,103.47620713858323,344,101.86265262597475,0,0,5.200576558907575,0.3693240078553252,3.5746509129967787,0.11170784103114931,0.826472355769234,1.883744258852133,3724,1024.0,286.4615384615385,16.48024069154747,0.7071067811865475,0.19611613513818404
forest,1,1024,8192,0,1.0,True,None,16,False,None,-2,0.0,0.0,0.35791015625,0.3340110778808594,1024.0,1024.0000000000007,103.44235260520712,347,101.82337649086284,0,0,5.202518432720965,0.4096513819831958,3.5687214114571977,0.11152254410803746,0.6712570190429688,1.8849810974577308,4591,1024.0,286.93750000000006,16.491908972706444,0.7071067811865475,0.17677669529663687
forest,1,1024,8192,0,1.0,True,None,20,False,None,-2,0.0,0.0,0.3568115234375,0.3331118774414066,1024.0,1024.0000000000005,103.42018661750711,348,101.81355508968342,0,0,5.204000246247743,0.4581129526841521,3.579793742352735,0.111868554448523,0.5372607421874981,1.8883214568757567,5721,1024.0,286.05,16.4368775569103,0.7071067811865475,0.158113883008419
forest,2,1024,8192,0,1.0,True,None,1,False,1,-2,0.478515625,0.24856055198667254,0.4969482421875,0.2511768475256144,2.0,1024.0,938.3261693036169,2,938.3261693036169,2,2,0.2976301418929464,0.9163341497105634,512.0,16.0,859.8203125,6.633841663706606,2,2.0,1.9999999999999993,1.4142135623730945,0.5014373819464637,0.5014373819464637
forest,2,1024,8192,0,1.0,True,None,1,False,2,-2,0.44140625,0.24072864195107357,0.438232421875,0.24004295287215482,4.0,1024.0,696.5888313775926,4,696.5888313775926,4,4,0.9427954459081268,0.6802625306421802,256.0,8.0,473.86328125,5.988676359691426,4,4.0,3.9999999999999996,1.9999999999999998,0.5091869578543071,0.5091869578543071
forest,2,1024,8192,0,1.0,True,None,1,False,3,-2,0.2802734375,0.19426319157075567,0.311767578125,0.20533760868156775,8.0,1024.0,493.9878541016975,8,493.9878541016975,8,8,1.63291484555507,0.482410013771189,128.0,4.0,238.3046875,5.298556960044376,8,8.0,8.0,2.8284271247461903,0.5529347234794053,0.5529347234794053
forest,2,1024,8192,0,1.0,True,None,1,False,4,-2,0.2373046875,0.17316439932148678,0.28857421875,0.20274232966405847,16.0,1024.0,409.53876495394184,16,409.53876495394184,13,16,2.117461314444645,0.3999402001503338,64.0,2.0,163.791015625,4.814010491154734,16,16.0,16.0,4.0,0.5716953740223157,0.5716953740223157
forest,2,1024,8192,0,1.0,True,None,1,False,5,-2,0.21875,0.15583509400949758,0.2958984375,0.2037914189735976,30.0,1024.0,308.4931117545415,30,308.4931117545415,10,16,2.6558158071514946,0.3012628044477944,34.13333333333333,1.0666666666666667,92.9375,4.275655998447937,30,30.0,30.0,5.477225575051661,0.5866556962908507,0.5866556962908507
forest,2,1024,8192,0,1.0,True,None,1,False,6,-2,0.201171875,0.14038710622748993,0.303955078125,0.21457099712101058,49.0,1024.0,254.01181074902797,49,254.01181074902797,9,2,3.1361288997606125,0.24805840893459763,20.89795918367347,0.6530612244897959,63.009765625,3.7953429058388437,49,49.0,49.0,7.0,0.5996773247109732,0.5996773247109732
forest,2,1024,8192,0,1.0,True,None,1,False,7,-2,0.1748046875,0.1212718479789453,0.312744140625,0.2355265459803575,73.0,1024.0,226.19018546347232,73,226.19018546347232,6,0,3.478852677063399,0.22088885299167219,14.027397260273972,0.4383561643835617,49.962890625,3.452619128536048,73,73.0,73.0,8.54400374531753,0.6154089307290355,0.6154089307290355
forest,2,1024,8192,0,1.0,True,None,1,False,8,-2,0.1552734375,0.10452213064149617,0.3194580078125,0.2508855915653427,102.0,1024.0,186.3223014027038,102,186.3223014027038,2,0,3.8725548780974615,0.18195537246357793,10.039215686274506,0.3137254901960784,33.90234375,3.05891692750199,102,102.0,102.0,10.099504938362077,0.6288703120346069,0.6288703120346069
forest,2,1024,8192,0,1.0,True,None,1,False,9,-2,0.126953125,0.08672424108820818,0.333251953125,0.2700234711051265,131.0,1024.0,157.23867208800766,131,157.23867208800766,0,0,4.187757603461373,0.15355339071094498,7.816793893129771,0.24427480916030536,24.14453125,2.7437142021380674,131,131.0,131.0,11.445523142259598,0.6428652727530024,0.6428652727530024
forest,2,1024,8192,0,1.0,True,None,1,False,10,-2,0.091796875,0.06493723886215505,0.33837890625,0.29352925482915027,166.0,1024.0,143.54093492798492,166,143.54093492798492,0,0,4.422948466206476,0.14017669426561027,6.168674698795182,0.19277108433734938,20.12109375,2.5085233393929647,166,166.0,166.0,12.884098726725126,0.659592875293423,0.659592875293423
forest,2,1024,8192,0,1.0,True,None,1,False,11,-2,0.0703125,0.04739182494458305,0.3453369140625,0.3099149971881907,194.0,1024.0,131.232617896619,194,131.232617896619,0,0,4.608392733420043,0.12815685341466698,5.278350515463917,0.16494845360824745,16.818359375,2.3230790721793997,194,194.0,194.0,13.92838827718412,0.6727616034342454,0.6727616034342454
forest,2,1024,8192,0,1.0,True,None,1,False,12,-2,0.0537109375,0.036338791274286734,0.3480224609375,0.3190844975721612,218.0,1024.0,122.69474316367429,218,122.69474316367429,0,0,4.7606667135338565,0.11981908512077567,4.697247706422019,0.14678899082568808,14.701171875,2.170805092065592,218,218.0,218.0,14.7648230602334,0.680926727868508,0.680926727868508
forest,2,1024,8192,0,1.0,True,None,1,False,13,-2,0.0390625,0.025550061264219593,0.34765625,0.32983043683262026,234.0,1024.0,118.29623831720095,234,118.29623831720095,0,0,4.840735622622327,0.11552367023164155,4.376068376068376,0.13675213675213677,13.666015625,2.0907361829771216,234,234.0,234.0,15.297058540778355,0.6888032656250843,0.6888032656250843
forest,2,1024,8192,0,1.0,True,None,1,False,14,-2,0.02734375,0.01816029429554819,0.3472900390625,0.33458752557138755,248.0,1024.0,114.12274094149684,248,114.12274094149684,0,0,4.923717411672803,0.11144798920068051,4.129032258064514,0.12903225806451613,12.71875,2.0077543939266453,248,248.0,248.0,15.748015748023622,0.6941467465201085,0.6941467465201085
forest,2,1024,8192,0,1.0,True,None,1,False,15,-2,0.017578125,0.012086969020562777,0.3516845703125,0.3417961968487546,259.0,1024.0,111.83917024012652,259,111.83917024012652,0,0,4.980433312314506,0.10921793968762356,3.9536679536679533,0.12355212355212356,12.21484375,1.9510384932849418,259,259.0,259.0,16.09347693943108,0.6985077171939029,0.6985077171939029
forest,2,1024,8192,0,1.0,True,None,1,False,16,-2,0.0107421875,0.006784784226190476,0.3526611328125,0.34535222406019667,267.0,1024.0,110.98648566379602,267,110.98648566379602,0,0,5.012819123617601,0.1083852399060508,3.8352059925093642,0.11985018726591758,12.029296875,1.9186526819818464,267,267.0,267.0,16.34013463836819,0.7022928276536857,0.7022928276536857
forest,2,1024,8192,0,1.0,True,None,1,False,17,-2,0.0029296875,0.0020019531250000003,0.35009765625,0.34931945800781244,275.0,1024.0,110.27239001672177,275,110.27239001672177,0,0,5.041659260431619,0.10768788087570486,3.7236363636363645,0.11636363636363636,11.875,1.8898125451678283,275,275.0,275.0,16.583123951777,0.7056897667353552,0.7056897667353552
forest,2,1024,8192,0,1.0,True,None,1,False,18,-2,0.0,0.0,0.355224609375,0.355224609375,277.0,1024.0,110.4445562261898,277,110.4445562261898,0,0,5.0410631914099975,0.10785601193963848,3.696750902527077,0.11552346570397114,11.912109375,1.890408614189448,277,277.0,277.0,16.64331697709324,0.7071067811865475,0.7071067811865475
forest,2,1024,8192,0,1.0,True,None,1,False,19,-2,0.0,0.0,0.3524169921875,0.3524169921875,279.0,1024.0,110.41738993473808,279,110.41738993473808,0,0,5.044281782099455,0.10782948235814266,3.6702508960573472,0.1146953405017921,11.90625,1.8871900234999905,279,279.0,279.0,16.703293088490067,0.7071067811865475,0.7071067811865475
forest,2,1024,8192,0,1.0,True,None,1,False,20,-2,0.0,0.0,0.3551025390625,0.3551025390625,279.0,1024.0,110.41738993473808,279,110.41738993473808,0,0,5.044281782099455,0.10782948235814266,3.6702508960573472,0.1146953405017921,11.90625,1.8871900234999908,279,279.0,279.0,16.703293088490067,0.7071067811865475,0.7071067811865475
forest,2,1024,8192,0,1.0,True,None,1,False,21,-2,0.0,0.0,0.35107421875,0.35107421875,280.0,1024.0,110.12719918348964,280,110.12719918348964,0,0,5.0517409325091585,0.1075460929526266,3.657142857142858,0.11428571428571427,11.84375,1.8797308730902864,280,280.0,280.0,16.73320053068151,0.7071067811865475,0.7071067811865475
forest,2,1024,8192,0,1.0,True,None,1,False,22,-2,0.0,0.0,0.3536376953125,0.3536376953125,278.0,1024.0,110.42644610780518,278,110.42644610780518,0,0,5.042927979012424,0.10783832627715349,3.683453237410071,0.11510791366906474,11.908203125,1.8885438265870216,278,278.0,278.0,16.673332000533065,0.7071067811865475,0.7071067811865475
forest,2,1024,8192,0,1.0,True,None,1,False,23,-2,0.0,0.0,0.3529052734375,0.3529052734375,279.0,1024.0,110.18166816671456,279,110.18166816671456,0,0,5.049517843988425,0.10759928531905719,3.6702508960573472,0.1146953405017921,11.85546875,1.8819539616110215,279,279.0,279.0,16.703293088490067,0.7071067811865475,0.7071067811865475
forest,2,1024,8192,0,1.0,True,None,1,False,24,-2,0.0,0.0,0.354248046875,0.354248046875,279.0,1024.0,110.13627921806692,279,110.13627921806692,0,0,5.050387129422128,0.10755496017389347,3.6702508960573472,0.1146953405017921,11.845703125,1.8810846761773174,279,279.0,279.0,16.703293088490067,0.7071067811865475,0.7071067811865475
forest,2,1024,8192,0,1.0,True,None,1,False,None,-2,0.0,0.0,0.3533935546875,0.3533935546875,277.0,1024.0,110.4445562261898,277,110.4445562261898,0,0,5.0410631914099975,0.10785601193963848,3.696750902527077,0.11552346570397114,11.912109375,1.890408614189448,277,277.0,277.0,16.64331697709324,0.7071067811865475,0.7071067811865475
forest,2,1024,8192,0,1.0,True,None,2,False,None,-2,0.0,0.0,0.3533935546875,0.345672607421875,555.0,1024.0000000000002,110.31998912255204,288,110.20889256316842,0,0,5.053411484924105,0.15251267677523872,3.6900900900900893,0.11531531531531533,5.95458984375,1.9020466027922474,555,555.0,277.49999999999994,16.55407385241201,0.7071067811865475,0.5
forest,2,1024,8192,0,1.0,True,None,3,False,None,-2,0.0,0.0,0.3499755859375,0.3396945529513886,837.0,1024.0000000000002,109.84028809543832,300,109.34349546269316,0,0,5.074539019178977,0.18646974439884845,3.6702508960573472,0.1146953405017921,3.956163194444443,1.9133289466303458,837,837.0,279.0,16.52373806839985,0.7071067811865475,0.408248290463863
forest,2,1024,8192,0,1.0,True,None,4,False,None,-2,0.0,0.0,0.349853515625,0.33968353271484375,1024.0,1024.000000000001,109.81973866295621,301,109.2977584399607,0,0,5.075460957105762,0.21538018966152112,3.6702508960573472,0.1146953405017921,2.9688720703125,1.916630204745805,1116,1023.0,279.0,16.50896221248729,0.7071067811865475,0.35355339059327373
forest,2,1024,8192,0,1.0,True,None,5,False,None,-2,0.0,0.0,0.353271484375,0.34134277343749975,1024.0,1024.000000000001,109.72985008647373,304,109.1604323919615,0,0,5.0803005610568475,0.24063895048845999,3.657142857142858,0.11428571428571427,2.371875000000002,1.915983116967076,1400,1024.0,280.0,16.54638849484147,0.7071067811865475,0.316227766016838
forest,2,1024,8192,0,1.0,True,None,7,False,None,-2,0.0,0.0,0.351806640625,0.3385159239477048,1024.0,1024.000000000001,109.70703101014642,306,109.09628774619236,0,0,5.082391017481231,0.28471779755253107,3.6702508960573472,0.1146953405017921,1.6940768494897946,1.9207825842083115,1953,1024.0,278.99999999999994,16.474217642691727,0.7071067811865475,0.2672612419124244
forest,2,1024,8192,0,1.0,True,None,10,False,None,-2,0.0,0.0,0.3524169921875,0.33828979492187444,1024.0,1024.000000000001,109.78752205965849,305,109.20622692868754,0,0,5.079686579913775,0.34046896063984994,3.667621776504298,0.11461318051575929,1.1870117187500013,1.9196544387219754,2792,1024.0,279.20000000000005,16.483842425572718,0.7071067811865475,0.223606797749979
forest,2,1024,8192,0,1.0,True,None,13,False,None,-2,0.0,0.0,0.354736328125,0.33817015879253065,1024.0,1024.000000000001,109.8565498204888,306,109.09628774619236,0,0,5.078683147437176,0.38837977796058193,3.6702508960573472,0.1146953405017921,0.9139584874260359,1.9205796841305793,3627,1024.0,279.0,16.477800573368405,0.7071067811865475,0.19611613513818404
forest,2,1024,8192,0,1.0,True,None,16,False,None,-2,0.0,0.0,0.3521728515625,0.3372364044189453,1024.0,1024.000000000001,109.76395127727501,306,109.09628774619236,0,0,5.08188976854532,0.4307515235028194,3.672719121273259,0.1147724725397893,0.7421875,1.9228205177312747,4461,1023.0,278.8125,16.454269012933995,0.7071067811865475,0.17677669529663687
forest,2,1024,8192,0,1.0,True,None,20,False,None,-2,0.0,0.0,0.3521728515625,0.33700500488281165,1024.0,1024.000000000001,109.95726442577589,306,109.09628774619236,0,0,5.0758196673037315,0.4819749004745994,3.6781609195402307,0.1149425287356322,0.5946875000000006,1.9210069467389042,5568,1024.0,278.4,16.456363036072094,0.7071067811865475,0.158113883008419
