model,rep,n_train_samples,n_test_samples,recurse_level,cov_scale,onehot,n_neighbors,n_jobs,train_01_error,train_mse,test_01_error,test_mse,IRM_L0,IRM_L1,IRM_L2,n_regions,ACTS_L2,IRM_h*,ACTS_h*,IRM_entropy,IRM_rows_mean_L2,IRM_cols_mean_L1,IRM_cols_mean_L2
knn,0,200,8192,0,1.0,True,1,-2,0.0,0.0,0.337158203125,0.47681370352471786,200.0,0.9999999999999998,0.07071067811865477,200,14.142135623730951,0,0,-5.298317366548037,0.07071067811865477,0.9999999999999998,0.07071067811865477
knn,0,200,8192,0,1.0,True,3,-2,0.18999999999999995,0.3606244584051393,0.3170166015625,0.4910271943249357,200.0,3.0000000000000004,0.3412477106150311,146,18.16590212458495,0,146,-10.296207044945373,0.22726636354727023,3.000000000000001,0.21213203435596426
knn,0,200,8192,0,1.0,True,5,-2,0.22999999999999998,0.4384062043356595,0.3035888671875,0.49846194335889593,200.0,4.999999999999999,0.6764244229771718,154,18.110770276274835,0,154,-13.219931138203838,0.3699324262618783,5.0,0.35355339059327384
knn,0,200,8192,0,1.0,True,7,-2,0.25,0.4535584925039426,0.30029296875,0.5032266277243129,200.0,6.999999999999999,1.0616967551989598,163,17.378147196982766,0,163,-15.069754113633435,0.5138093031466052,7.000000000000003,0.49497474683058335
knn,0,200,8192,0,1.0,True,9,-2,0.24,0.48554665641476263,0.2960205078125,0.5078877319948298,200.0,9.0,1.5265320173517491,165,16.792855623746664,8,165,-15.506862939065012,0.6643041472096949,9.0,0.6363961030678926
knn,0,200,8192,0,1.0,True,11,-2,0.245,0.4917606250979171,0.29345703125,0.5135532493068047,200.0,11.000000000000004,2.0374371155940008,174,16.30950643030009,15,174,-15.285052738619063,0.8145244011077876,11.000000000000004,0.7778174593052023
knn,0,200,8192,0,1.0,True,13,-2,0.26,0.5025897429356693,0.2957763671875,0.521857765307034,200.0,13.0,2.588281283013884,181,15.620499351813308,15,181,-14.523512097372441,0.9621850133939938,12.999999999999996,0.9192388155425117
knn,0,200,8192,0,1.0,True,15,-2,0.26,0.5020458146424488,0.2913818359375,0.527268718640633,200.0,15.000000000000002,3.1922875810302553,179,15.748015748023622,16,179,-13.004725112091418,1.111125555461668,14.999999999999996,1.0606601717798212
knn,0,200,8192,0,1.0,True,17,-2,0.29000000000000004,0.5124444437775451,0.29248046875,0.53193456186974,200.0,17.0,3.8263559688037394,183,15.427248620541512,16,183,-11.097413852065287,1.2592855117089214,16.999999999999996,1.2020815280171306
knn,0,200,8192,0,1.0,True,19,-2,0.29000000000000004,0.5236311795418276,0.294677734375,0.5378987015962274,200.0,19.0,4.494952725001677,191,14.89966442575134,16,191,-8.851801125879486,1.4076221083799445,19.0,1.3435028842544405
knn,0,200,8192,0,1.0,True,21,-2,0.29000000000000004,0.5293199333453584,0.2899169921875,0.5433433628920766,200.0,21.0,5.223432779312852,191,14.832396974191326,15,191,-5.967170141718224,1.5583484847748272,21.0,1.4849242404917495
knn,0,200,8192,0,1.0,True,23,-2,0.27,0.5370937159708254,0.2926025390625,0.5499952923130249,200.0,23.0,5.996144594654136,191,14.832396974191326,14,191,-2.6880343840454963,1.7118557182192664,23.0,1.6263455967290592
knn,0,200,8192,0,1.0,True,25,-2,0.275,0.5461692777884893,0.2928466796875,0.5552307407039604,200.0,25.0,6.805339815174551,188,15.0996688705415,14,188,0.9801305932378761,1.8632632664226492,25.0,1.7677669529663689
knn,0,200,8192,0,1.0,True,27,-2,0.27,0.5494481581219914,0.2906494140625,0.5600805909251845,200.0,27.000000000000004,7.675815917542579,188,14.966629547095765,14,188,5.155179869166609,2.0187991480085383,27.0,1.909188309203678
knn,0,200,8192,0,1.0,True,29,-2,0.255,0.5552007381937133,0.293212890625,0.5645650931181891,200.0,28.999999999999993,8.587540392918102,189,14.89966442575134,12,189,9.743140295922133,2.173695010805334,29.0,2.0506096654409873
knn,0,200,8192,0,1.0,True,31,-2,0.245,0.5599829509074111,0.29150390625,0.5688440609614689,200.0,30.999999999999996,9.535641037706903,188,15.033296378372908,12,188,14.556287633043937,2.3284866329871856,31.0,2.1920310216782974
knn,0,200,8192,0,1.0,True,33,-2,0.27,0.570613744939326,0.2918701171875,0.573064722013201,200.0,32.99999999999999,10.516857895778568,196,14.422205101855956,11,196,19.52431967910928,2.4842302630794917,33.0,2.333452377915607
knn,0,200,8192,0,1.0,True,35,-2,0.28,0.5745747673412975,0.2894287109375,0.5775231500807092,200.0,35.0,11.531415784716119,194,14.560219778561036,11,194,24.918856092350325,2.637451421353576,35.0,2.4748737341529163
knn,0,200,8192,0,1.0,True,37,-2,0.265,0.5775342412826343,0.285888671875,0.5812009766421075,200.0,37.00000000000001,12.556731262553965,191,14.7648230602334,11,191,30.42905005280234,2.7873643464749995,37.0,2.616295090390226
knn,0,200,8192,0,1.0,True,39,-2,0.26,0.5796462511418956,0.2867431640625,0.5852098301879802,200.0,39.00000000000001,13.63481573032801,187,15.033296378372908,10,187,36.239564329119396,2.9397789032510593,39.0,2.7577164466275352
knn,0,200,8192,0,1.0,True,41,-2,0.275,0.5839667222189391,0.2852783203125,0.589092842167537,200.0,41.0,14.726114558837304,190,14.89966442575134,10,190,42.18765622564393,3.09219177930477,41.00000000000001,2.8991378028648445
knn,0,200,8192,0,1.0,True,43,-2,0.265,0.587227515259805,0.285888671875,0.5928876455309036,200.0,42.99999999999999,15.886105564297376,193,14.628738838327793,10,193,48.48561963278582,3.247052509584654,43.0,3.040559159102154
knn,0,200,8192,0,1.0,True,45,-2,0.275,0.5928697523148542,0.288330078125,0.5974614962847857,200.0,45.00000000000001,17.07415005205237,191,14.7648230602334,11,191,54.96858924322261,3.403468818720101,45.000000000000014,3.1819805153394642
knn,0,200,8192,0,1.0,True,47,-2,0.265,0.5984831437361885,0.2860107421875,0.602086849505999,200.0,47.0,18.26653086932491,193,14.628738838327793,11,193,61.52475116431138,3.557562367689427,46.999999999999986,3.3234018715767726
knn,0,200,8192,0,1.0,True,49,-2,0.265,0.5980103063749087,0.2869873046875,0.6062782527527455,200.0,48.99999999999999,19.48191084057208,196,14.422205101855956,12,196,68.26705819049745,3.7085104826601203,49.000000000000014,3.4648232278140827
knn,0,200,8192,0,1.0,True,51,-2,0.26,0.601872654339373,0.286865234375,0.6107028235799257,200.0,51.000000000000014,20.750551799891973,193,14.628738838327793,11,193,75.3903603416772,3.862835745925524,50.999999999999986,3.6062445840513924
knn,0,200,8192,0,1.0,True,53,-2,0.24,0.6066442517085343,0.2867431640625,0.6152820498866601,200.0,53.0,22.052505526583598,192,14.696938456699069,11,192,82.6473023779192,4.018681375774895,53.000000000000014,3.7476659402887016
knn,0,200,8192,0,1.0,True,55,-2,0.255,0.611325953553097,0.2904052734375,0.6192457503849946,200.0,55.0,23.401948636812282,195,14.560219778561036,11,195,90.15898087410909,4.175871166595061,54.999999999999986,3.889087296526012
knn,0,200,8192,0,1.0,True,57,-2,0.26,0.6167955993086867,0.2899169921875,0.6229434110933758,200.0,57.000000000000014,24.76505501710021,190,14.966629547095765,13,190,97.88625817270498,4.330236714083885,57.00000000000001,4.030508652763321
knn,0,200,8192,0,1.0,True,59,-2,0.25,0.620096692518508,0.288818359375,0.6265776463885795,200.0,59.00000000000001,26.147766635030226,194,14.628738838327793,13,194,105.2896383827204,4.487794558577743,58.99999999999999,4.17193000900063
knn,0,200,8192,0,1.0,True,61,-2,0.25,0.6241086737554707,0.286865234375,0.6304263803306567,200.0,60.99999999999999,27.59452300729259,194,14.560219778561036,14,194,113.21385161968784,4.647623048397966,61.000000000000014,4.31335136523794
knn,0,200,8192,0,1.0,True,63,-2,0.24,0.6271924909953058,0.2877197265625,0.6336690419450131,200.0,63.0,29.085805816583456,197,14.352700094407323,13,197,121.28595550415355,4.80899157828333,63.0,4.4547727214752495
knn,0,200,8192,0,1.0,True,65,-2,0.245,0.628889892621451,0.2918701171875,0.6370574221353336,200.0,65.00000000000001,30.612964573853354,191,14.832396974191326,14,191,129.540712727148,4.97145853849753,65.00000000000001,4.596194077712559
knn,0,200,8192,0,1.0,True,67,-2,0.24,0.6331244149758356,0.2904052734375,0.6407124556792636,200.0,67.00000000000001,32.16771673588288,191,14.7648230602334,14,191,137.8787348355403,5.134199061197374,67.0,4.737615433949869
knn,0,200,8192,0,1.0,True,69,-2,0.24,0.6381382502099465,0.2933349609375,0.6446009475900252,200.0,69.0,33.750131851594304,195,14.491376746189438,14,195,146.2204410856965,5.296140103886981,68.99999999999997,4.879036790187177
knn,0,200,8192,0,1.0,True,71,-2,0.24,0.641076950774339,0.2939453125,0.648202288720434,200.0,70.99999999999999,35.376569929827845,194,14.560219778561036,14,194,155.02233684536836,5.458049102014382,71.0,5.020458146424488
knn,0,200,8192,0,1.0,True,73,-2,0.25,0.6433703069371299,0.2958984375,0.6516843358878,200.0,73.00000000000003,37.052570761014685,192,14.696938456699069,14,192,164.12183328072288,5.61892338442161,73.00000000000001,5.161879502661796
knn,0,200,8192,0,1.0,True,75,-2,0.27,0.6485583397043014,0.2979736328125,0.6549231293757396,200.0,75.0,38.737326314550934,192,14.696938456699069,14,192,173.17363258893812,5.778767169561341,75.0,5.303300858899107
knn,0,200,8192,0,1.0,True,77,-2,0.25,0.65375236042429,0.300537109375,0.6580295457456564,200.0,77.0,40.39416418246576,195,14.491376746189438,14,195,182.1953880122794,5.931458505291932,76.99999999999999,5.444722215136417
knn,0,200,8192,0,1.0,True,79,-2,0.25,0.6552821196286981,0.30322265625,0.6608541168687986,200.0,78.99999999999999,42.162886523576624,192,14.696938456699069,13,192,191.8874403096187,6.091961917149516,79.0,5.586143571373727
knn,0,200,8192,0,1.0,True,81,-2,0.27,0.6587441692387269,0.306884765625,0.6638333193170582,200.0,81.0,43.95779566811783,188,14.966629547095765,12,188,201.57832166038637,6.250455983366334,81.00000000000003,5.727564927611036
knn,0,200,8192,0,1.0,True,83,-2,0.265,0.6626357282010804,0.3074951171875,0.6666835051948055,200.0,83.00000000000001,45.78125653583571,191,14.832396974191326,11,191,211.3154932696806,6.407156155424964,83.0,5.868986283848345
knn,0,200,8192,0,1.0,True,85,-2,0.29500000000000004,0.666011398844647,0.314208984375,0.6696635923711891,200.0,84.99999999999996,47.61140829675172,187,15.0996688705415,12,187,221.2422325566195,6.56,84.99999999999997,6.010407640085654
knn,0,200,8192,0,1.0,True,87,-2,0.29500000000000004,0.6702884625799377,0.3155517578125,0.6725284912682734,200.0,87.0,49.55517631892756,187,15.0996688705415,11,187,231.27151607529393,6.721763161552183,86.99999999999997,6.151828996322964
knn,0,200,8192,0,1.0,True,89,-2,0.26,0.6718308923273534,0.3309326171875,0.6753732539848601,200.0,89.0,51.54288069171144,191,14.832396974191326,11,191,241.75640746781352,6.8824886487374615,89.00000000000001,6.293250352560272
knn,0,200,8192,0,1.0,True,91,-2,0.29500000000000004,0.6740048593419904,0.34423828125,0.6781631638258334,200.0,91.00000000000001,53.53144309655772,193,14.832396974191326,11,193,252.17262835949296,7.038323664055241,91.0,6.434671708797582
knn,0,200,8192,0,1.0,True,93,-2,0.29000000000000004,0.6769977182457009,0.356201171875,0.6808015208848774,200.0,92.99999999999997,55.46618113769865,191,14.7648230602334,11,191,262.38508324736324,7.184716417507374,92.99999999999999,6.576093065034893
knn,0,200,8192,0,1.0,True,95,-2,0.29000000000000004,0.679343535988381,0.35693359375,0.6833742190918305,200.0,95.0,57.5126099216511,187,15.0996688705415,11,187,272.9348282155743,7.338106022673698,94.99999999999999,6.7175144212722016
knn,0,200,8192,0,1.0,True,97,-2,0.29500000000000004,0.6819571070103251,0.360595703125,0.6859743061548116,200.0,97.00000000000001,59.6104760088359,187,15.0996688705415,11,187,283.6569621565345,7.4912382154087185,97.0,6.85893577750951
knn,0,200,8192,0,1.0,True,99,-2,0.29500000000000004,0.6847507789126698,0.363037109375,0.688120584666762,200.0,99.00000000000001,61.67638486487353,191,14.89966442575134,11,191,294.2606647475886,7.638510980551118,99.0,7.000357133746821
knn,0,200,8192,0,1.0,True,101,-2,0.30000000000000004,0.6865936834748981,0.3724365234375,0.6903356938736358,200.0,101.0,63.78486575983365,189,15.165750888103101,11,189,305.1242024418601,7.785569985556613,101.0,7.141778489984129
knn,0,200,8192,0,1.0,True,103,-2,0.29000000000000004,0.6883650189279138,0.3765869140625,0.6922452164376542,200.0,103.00000000000001,65.95673127134184,190,14.89966442575134,11,190,315.9819471364557,7.934046886677693,102.99999999999997,7.283199846221439
knn,0,200,8192,0,1.0,True,105,-2,0.30500000000000005,0.6897995009232196,0.387451171875,0.6944173974970066,200.0,105.00000000000003,68.261436404459,188,15.033296378372908,12,188,327.5033073381372,8.089066695237467,105.00000000000003,7.424621202458748
knn,0,200,8192,0,1.0,True,107,-2,0.345,0.6918412048824267,0.399658203125,0.6964712673924156,200.0,106.99999999999997,70.52362760096787,191,14.7648230602334,12,191,338.75702560061427,8.237411608023482,107.00000000000001,7.566042558696059
knn,0,200,8192,0,1.0,True,109,-2,0.345,0.6932890064716178,0.4022216796875,0.6984909445465165,200.0,109.00000000000001,72.83642838580155,190,14.89966442575134,12,190,350.74902298393016,8.385570940609828,109.0,7.707463914933369
knn,0,200,8192,0,1.0,True,111,-2,0.33499999999999996,0.6965957344391799,0.40185546875,0.7003180857775366,200.0,111.00000000000003,75.16503010043967,184,15.362291495737216,12,184,362.6482671549923,8.531825713175346,110.99999999999999,7.848885271170679
knn,0,200,8192,0,1.0,True,113,-2,0.355,0.6982210145557078,0.40771484375,0.7020072184022195,200.0,112.99999999999997,77.53559763102362,189,14.89966442575134,12,189,374.54288670025767,8.677874163641691,112.99999999999996,7.990306627407986
knn,0,200,8192,0,1.0,True,115,-2,0.39,0.6997897631899215,0.4368896484375,0.7037081531451788,200.0,115.00000000000003,79.90766577744591,188,15.033296378372908,12,188,386.57459899139315,8.8210855341052,115.00000000000003,8.131727983645296
knn,0,200,8192,0,1.0,True,117,-2,0.41000000000000003,0.7014861888232699,0.4554443359375,0.7051355132836002,200.0,117.00000000000004,82.25306772394572,189,14.966629547095765,11,189,398.50285114280626,8.95957309250837,117.0,8.273149339882606
knn,0,200,8192,0,1.0,True,119,-2,0.41500000000000004,0.7021748599396161,0.467041015625,0.7062334588177797,200.0,119.00000000000001,84.68769273040802,187,15.0996688705415,11,187,410.7948113358463,9.101104328596612,118.99999999999997,8.414570696119915
knn,0,200,8192,0,1.0,True,121,-2,0.41500000000000004,0.7035420279921359,0.4755859375,0.7072137854168166,200.0,121.00000000000006,87.17751143500257,189,14.89966442575134,11,189,423.60354026858056,9.24335977878174,121.00000000000003,8.555992052357224
knn,0,200,8192,0,1.0,True,123,-2,0.42500000000000004,0.7047497585825924,0.489990234375,0.7081369680382666,200.0,122.99999999999999,89.66160688945966,187,15.033296378372908,11,187,436.3346993128655,9.382747465428237,123.00000000000003,8.697413408594533
knn,0,200,8192,0,1.0,True,125,-2,0.44499999999999995,0.7064845272191033,0.4967041015625,0.7088828345471059,200.0,125.0,92.22034428476182,183,15.362291495737216,11,183,449.59385170920103,9.523880511640199,125.0,8.838834764831844
knn,0,200,8192,0,1.0,True,127,-2,0.45999999999999996,0.7084987236691983,0.5035400390625,0.7098362933986203,200.0,126.99999999999997,94.6250281373802,191,14.7648230602334,11,191,461.9613670680238,9.65384120441185,126.99999999999997,8.980256121069154
knn,0,200,8192,0,1.0,True,129,-2,0.475,0.7099571341029585,0.5118408203125,0.7110492483645385,200.0,129.00000000000003,97.18299928485436,188,15.033296378372908,12,188,475.12079159230285,9.790365161729158,128.99999999999997,9.121677477306465
knn,0,200,8192,0,1.0,True,131,-2,0.495,0.7114789681541897,0.5367431640625,0.7119510614518627,200.0,130.99999999999994,99.74159363074158,185,15.231546211727817,12,185,488.37156293389774,9.924797227147767,131.00000000000003,9.263098833543774
knn,0,200,8192,0,1.0,True,133,-2,0.53,0.7119448802157186,0.54541015625,0.7128919501460833,200.0,132.99999999999994,102.34126758058053,188,15.033296378372908,11,188,501.77115083741785,10.059227107486937,133.0,9.404520189781081
knn,0,200,8192,0,1.0,True,135,-2,0.505,0.7123446091953367,0.553466796875,0.7134942203720707,200.0,134.99999999999997,104.97587841975887,184,15.231546211727817,11,184,515.381439432552,10.193416993334473,135.0,9.545941546018392
knn,0,200,8192,0,1.0,True,137,-2,0.5549999999999999,0.7132488035924744,0.5714111328125,0.71396045680897,200.0,137.0,107.66147244952575,186,15.0996688705415,11,186,529.4140851516031,10.32808549538587,137.00000000000006,9.687362902255702
knn,0,200,8192,0,1.0,True,139,-2,0.575,0.714177848998413,0.58544921875,0.7144778586833547,200.0,139.0,110.3113466511945,190,14.832396974191326,11,190,543.3542734737367,10.459106080349315,139.00000000000003,9.828784258493009
knn,0,200,8192,0,1.0,True,141,-2,0.5700000000000001,0.7140274007470967,0.5853271484375,0.7150479217955761,200.0,141.00000000000003,112.98003783854917,189,14.966629547095765,11,189,557.3654358858246,10.589232738966501,141.0,9.970205614730318
knn,0,200,8192,0,1.0,True,143,-2,0.575,0.7145734332116642,0.611083984375,0.7155682367245046,200.0,143.00000000000003,115.68189076082739,187,15.033296378372908,11,187,571.7316133014642,10.719097443348483,143.0,10.111626970967627
knn,0,200,8192,0,1.0,True,145,-2,0.5700000000000001,0.7141290830135035,0.6162109375,0.7160468148946728,200.0,145.00000000000009,118.41508244307396,186,15.165750888103101,11,186,586.3573721497845,10.8487303404592,144.99999999999994,10.253048327204938
knn,0,200,8192,0,1.0,True,147,-2,0.575,0.7146588740196284,0.6197509765625,0.7164454310124859,200.0,147.00000000000006,121.18395479600424,179,15.620499351813308,11,179,601.2271114112541,10.978401522990493,147.0,10.394469683442246
knn,0,200,8192,0,1.0,True,149,-2,0.595,0.7152218992793595,0.6168212890625,0.7171079375532144,200.0,149.00000000000006,123.9122740086711,180,15.684387141358123,11,180,615.9585758521054,11.104411285610778,149.0,10.535891039679557
knn,0,200,8192,0,1.0,True,151,-2,0.5800000000000001,0.7149271012168888,0.624267578125,0.7176282780228403,200.0,151.0000000000001,126.64208561927589,182,15.427248620541512,11,182,630.6142161240126,11.22897368417969,151.0,10.677312395916868
knn,0,200,8192,0,1.0,True,153,-2,0.575,0.7152408199766672,0.626953125,0.7178811420384392,200.0,153.0000000000001,129.39345327333993,183,15.491933384829668,11,183,645.6263127059918,11.352918127072,153.0,10.818733752154177
knn,0,200,8192,0,1.0,True,155,-2,0.5800000000000001,0.715592062560786,0.6229248046875,0.7177599382588278,200.0,155.00000000000014,132.1594517997105,182,15.556349186104045,11,182,660.7116137242671,11.476048971662678,155.00000000000006,10.960155108391486
knn,0,200,8192,0,1.0,True,157,-2,0.6,0.7153488538589766,0.62890625,0.7177858669792484,200.0,157.00000000000017,134.9369491651564,176,16.0,11,176,675.9453050711505,11.598269267438138,157.0,11.101576464628796
knn,0,200,8192,0,1.0,True,159,-2,0.605,0.716001206107133,0.626953125,0.7175592505115567,200.0,159.00000000000009,137.75275296704598,172,16.186414056238647,10,172,691.3755036421915,11.72075296216075,159.0,11.242997820866108
knn,0,200,8192,0,1.0,True,161,-2,0.62,0.7164616721426179,0.6328125,0.7173918771522244,200.0,161.00000000000009,140.55847021791323,177,15.748015748023622,9,177,706.886814112003,11.841429390069427,160.99999999999997,11.384419177103418
knn,0,200,8192,0,1.0,True,163,-2,0.63,0.7166505536933598,0.643798828125,0.7175378686576495,200.0,163.00000000000023,143.3993411770082,168,16.61324772583615,9,168,722.8268896848173,11.962238502888997,162.99999999999994,11.525840533340725
knn,0,200,8192,0,1.0,True,165,-2,0.62,0.7166634364716749,0.6385498046875,0.7175526768177125,200.0,165.00000000000017,146.36089180515395,165,16.911534525287763,8,165,739.1028931780565,12.086883386547585,164.99999999999997,11.667261889578032
knn,0,200,8192,0,1.0,True,167,-2,0.615,0.7161679099993572,0.6361083984375,0.7171639742333112,200.0,167.0000000000003,149.3519942953558,158,17.88854381999832,8,158,755.8892825488011,12.211310331000519,167.0,11.808683245815342
knn,0,200,8192,0,1.0,True,169,-2,0.625,0.7162280402574746,0.6368408203125,0.7169356537026361,200.0,169.00000000000037,152.24638829870483,160,18.05547008526779,10,160,772.2611071436688,12.330371040645938,169.0,11.950104602052651
knn,0,200,8192,0,1.0,True,171,-2,0.61,0.7162454126860929,0.6402587890625,0.7165703270890436,200.0,171.00000000000023,155.1921504136083,148,19.544820285692065,8,148,788.7820315373895,12.450351400663356,171.00000000000006,12.091525958289962
knn,0,200,8192,0,1.0,True,173,-2,0.6599999999999999,0.7165893692348294,0.6478271484375,0.716233404962644,200.0,173.00000000000043,158.11049791206153,148,18.81488772222678,8,148,805.1368187775503,12.56801296943952,173.0,12.232947314527271
knn,0,200,8192,0,1.0,True,175,-2,0.605,0.7157940930696965,0.6396484375,0.7159367376575307,200.0,175.00000000000023,161.07195472831395,148,19.748417658131498,9,148,821.9436886510517,12.68620116504543,175.0,12.374368670764582
knn,0,200,8192,0,1.0,True,177,-2,0.615,0.7147371424976566,0.6492919921875,0.7154556099280465,200.0,177.00000000000023,164.02719957372923,141,20.346989949375804,9,141,838.949064306498,12.80293716301068,177.0,12.51579002700189
knn,0,200,8192,0,1.0,True,179,-2,0.62,0.7140198363098799,0.652587890625,0.714761485220293,200.0,179.0000000000007,167.01527504991876,138,19.44222209522358,9,138,856.08067552278,12.919821980197714,178.99999999999994,12.657211383239199
knn,0,200,8192,0,1.0,True,181,-2,0.635,0.7137481155954819,0.6531982421875,0.7141437419616391,200.0,181.00000000000057,170.0552361734269,130,21.540659228538015,9,130,873.7603352719283,13.0375937197015,181.0,12.79863273947651
knn,0,200,8192,0,1.0,True,183,-2,0.655,0.7132118561279396,0.666259765625,0.7135234642968602,200.0,183.00000000000034,173.01007860815508,131,20.445048300260872,9,131,891.0270985268801,13.150969546006865,182.99999999999994,12.94005409571382
knn,0,200,8192,0,1.0,True,185,-2,0.65,0.7121903056134562,0.665283203125,0.7130509722182177,200.0,185.0000000000005,176.09766622530813,117,24.331050121192877,9,117,909.6280176986954,13.268306221971214,185.00000000000003,13.08147545195113
knn,0,200,8192,0,1.0,True,187,-2,0.6699999999999999,0.7122493759588133,0.673828125,0.7126476700420915,199.0,187.00000000000054,179.0992205454843,98,27.27636339397171,7,98,927.6399986530542,13.381352696943608,187.00000000000006,13.222896808188441
knn,0,200,8192,0,1.0,True,189,-2,0.675,0.7125690875385705,0.68798828125,0.712635619938152,199.0,189.0000000000003,182.20606356540387,92,32.4037034920393,7,92,946.3000062430797,13.497307138833287,189.00000000000003,13.364318164425747
knn,0,200,8192,0,1.0,True,191,-2,0.65,0.7124008267210857,0.6834716796875,0.7123183241812732,199.0,191.00000000000054,185.30303815642102,80,33.34666400106613,7,80,964.9760730427244,13.611882676544049,191.0,13.505739520663058
knn,0,200,8192,0,1.0,True,193,-2,0.7150000000000001,0.7120162272320916,0.7120361328125,0.712205283267136,199.0,193.00000000000054,188.5243937796909,56,40.93897898091744,6,56,984.9601403372369,13.729958120839262,193.0,13.647160876900365
knn,0,200,8192,0,1.0,True,195,-2,0.685,0.7114944694185255,0.712646484375,0.7120325901440319,195.0,195.00000000000094,191.61230310186264,38,43.266615305567875,5,38,1004.2304672753797,13.842171072487147,194.99999999999994,13.788582233137676
knn,0,200,8192,0,1.0,True,197,-2,0.6699999999999999,0.7103372182579583,0.6966552734375,0.7107601264965279,193.0,197.00000000000165,194.81417312403116,19,71.77743377970545,6,19,1025.0271352849873,13.957472908804087,196.99999999999997,13.930003589374985
knn,0,200,8192,0,1.0,True,199,-2,0.64,0.7081017053007799,0.67333984375,0.7083386382615772,185.0,199.00000000000423,198.1905885757444,9,87.2238499494261,9,9,1046.6789286309972,14.078004119902793,198.99999999999994,14.071424945612295
knn,1,200,8192,0,1.0,True,1,-2,0.0,0.0,0.3594970703125,0.5084056324693318,200.0,0.9999999999999998,0.07071067811865477,200,14.142135623730951,0,0,-5.298317366548037,0.07071067811865477,0.9999999999999998,0.07071067811865477
knn,1,200,8192,0,1.0,True,3,-2,0.18500000000000005,0.3158410289299913,0.3201904296875,0.5015578373064737,200.0,3.0,0.3406611219379164,142,18.708286933869708,0,142,-10.26100513486175,0.2252776065213762,3.000000000000001,0.21213203435596426
knn,1,200,8192,0,1.0,True,5,-2,0.20999999999999996,0.3804234482783626,0.3104248046875,0.49991206468750116,200.0,5.000000000000001,0.6772370338367505,161,17.60681686165901,0,161,-13.32785272653314,0.37101212918178295,5.0,0.35355339059327384
knn,1,200,8192,0,1.0,True,7,-2,0.24,0.4202234585337197,0.2972412109375,0.5002671964414451,200.0,7.000000000000001,1.071074227119671,174,16.1245154965971,0,174,-15.011150697770383,0.5164300533470143,7.000000000000003,0.49497474683058335
knn,1,200,8192,0,1.0,True,9,-2,0.24,0.4376205301343411,0.289306640625,0.5024401862630323,200.0,9.0,1.5202960238058907,179,15.937377450509228,9,179,-15.774707458089921,0.6659579566308972,9.0,0.6363961030678926
knn,1,200,8192,0,1.0,True,11,-2,0.26,0.4596194077712558,0.284912109375,0.505549332882685,200.0,11.000000000000002,2.0246604653620324,183,15.362291495737216,13,183,-15.580918373446337,0.812188401788649,11.000000000000004,0.7778174593052023
knn,1,200,8192,0,1.0,True,13,-2,0.255,0.4645147624102397,0.2823486328125,0.5090961664353342,200.0,13.0,2.577207791389744,184,15.427248620541512,14,184,-14.724658668444643,0.9603645141299214,12.999999999999996,0.9192388155425117
knn,1,200,8192,0,1.0,True,15,-2,0.245,0.47093311627024065,0.28076171875,0.5136997262086841,200.0,15.0,3.170891041962811,186,15.297058540778355,15,186,-13.327394436722892,1.105373240132038,14.999999999999996,1.0606601717798212
knn,1,200,8192,0,1.0,True,17,-2,0.25,0.48332828219927537,0.2811279296875,0.517423193672423,200.0,17.0,3.8414645644597583,187,15.033296378372908,15,187,-11.033968077416556,1.255965763864605,16.999999999999996,1.2020815280171306
knn,1,200,8192,0,1.0,True,19,-2,0.24,0.48567071023602343,0.2783203125,0.5221436240034865,200.0,19.000000000000004,4.52424579349973,191,14.7648230602334,15,191,-8.581939068595252,1.4028898745090435,19.0,1.3435028842544405
knn,1,200,8192,0,1.0,True,21,-2,0.235,0.4865568089593148,0.27978515625,0.5250770953628203,200.0,21.0,5.2573662607811515,185,15.231546211727817,15,185,-5.5541868905488485,1.5530292978562896,21.0,1.4849242404917495
knn,1,200,8192,0,1.0,True,23,-2,0.22999999999999998,0.49005574313537253,0.278076171875,0.5283035188157729,200.0,23.000000000000007,6.046970315786245,189,14.966629547095765,14,189,-1.9898617728440846,1.7047140522680042,23.0,1.6263455967290592
knn,1,200,8192,0,1.0,True,25,-2,0.21499999999999997,0.4975203312428549,0.28173828125,0.5314004135372146,200.0,25.0,6.872103026003032,185,15.231546211727817,14,185,1.7453235486269865,1.8557747708167605,25.0,1.7677669529663689
knn,1,200,8192,0,1.0,True,27,-2,0.22999999999999998,0.5007363576402514,0.2821044921875,0.5345308341830924,200.0,26.999999999999996,7.744449625376873,187,15.0996688705415,13,187,6.1015700552981285,2.003971057675235,27.0,1.909188309203678
knn,1,200,8192,0,1.0,True,29,-2,0.245,0.5061909233597491,0.280029296875,0.5377354673873855,200.0,29.000000000000004,8.653617740575326,189,14.966629547095765,12,189,10.628795780098681,2.156316303328433,29.0,2.0506096654409873
knn,1,200,8192,0,1.0,True,31,-2,0.24,0.5134507627261029,0.2799072265625,0.5410389311852558,200.0,31.000000000000004,9.579274502800306,192,14.696938456699069,12,192,15.294405647240042,2.306078923194087,31.0,2.1920310216782974
knn,1,200,8192,0,1.0,True,33,-2,0.24,0.5196163467810235,0.279296875,0.5449777760778423,200.0,32.99999999999999,10.569858087978286,190,14.832396974191326,12,190,20.54388145273207,2.4589428622885894,33.0,2.333452377915607
knn,1,200,8192,0,1.0,True,35,-2,0.25,0.5246732316404183,0.2755126953125,0.5494677415191225,200.0,35.0,11.576752567106203,191,14.7648230602334,11,191,25.86717676232826,2.610210719463086,35.0,2.4748737341529163
knn,1,200,8192,0,1.0,True,37,-2,0.235,0.5318589654168006,0.2763671875,0.5545267693202411,200.0,37.0,12.612119171653905,187,15.033296378372908,11,187,31.480109570265565,2.7606249292506218,37.0,2.616295090390226
knn,1,200,8192,0,1.0,True,39,-2,0.22999999999999998,0.5374011537017761,0.27783203125,0.5600894439247486,200.0,39.0,13.696034097504283,188,14.966629547095765,10,188,37.37561871097365,2.9122929110925635,39.0,2.7577164466275352
knn,1,200,8192,0,1.0,True,41,-2,0.235,0.5439548263078954,0.2779541015625,0.5655641604478913,200.0,41.00000000000001,14.769832429652007,189,14.89966442575134,10,189,43.24337314866975,3.061184411302266,41.00000000000001,2.8991378028648445
knn,1,200,8192,0,1.0,True,43,-2,0.22499999999999998,0.5505566287005956,0.2779541015625,0.5705536894095555,200.0,43.0,15.882693411383347,186,15.165750888103101,10,186,49.609149571012914,3.2112692194831625,43.0,3.040559159102154
knn,1,200,8192,0,1.0,True,45,-2,0.235,0.5581429526165816,0.2779541015625,0.5758401105492856,200.0,45.000000000000014,17.038022185688106,188,15.033296378372908,10,188,55.9759720396459,3.364491046205949,45.000000000000014,3.1819805153394642
knn,1,200,8192,0,1.0,True,47,-2,0.24,0.562526011671596,0.2784423828125,0.5809631216417419,200.0,47.0,18.235930192891175,186,15.0996688705415,10,186,62.66492359907236,3.5149324317830066,46.999999999999986,3.3234018715767726
knn,1,200,8192,0,1.0,True,49,-2,0.26,0.5705918801656346,0.2779541015625,0.5861470737642852,200.0,49.0,19.469283499913395,191,14.7648230602334,10,191,69.33085235441705,3.6711306160364274,49.000000000000014,3.4648232278140827
knn,1,200,8192,0,1.0,True,51,-2,0.265,0.5751135153650586,0.2777099609375,0.5910361454305411,200.0,51.0,20.71578142383241,192,14.696938456699069,11,192,76.40993538977442,3.822577664351635,50.999999999999986,3.6062445840513924
knn,1,200,8192,0,1.0,True,53,-2,0.26,0.5791604787039251,0.2796630859375,0.5955985746199005,200.0,53.00000000000001,21.98728268795396,189,14.89966442575134,11,189,83.76150286793582,3.9754622372750568,53.000000000000014,3.7476659402887016
knn,1,200,8192,0,1.0,True,55,-2,0.245,0.582398857959102,0.280517578125,0.6004851980450089,200.0,55.00000000000001,23.31913163048744,192,14.696938456699069,11,192,91.0643267759248,4.132819860579457,54.999999999999986,3.889087296526012
knn,1,200,8192,0,1.0,True,57,-2,0.24,0.5881391665974424,0.2794189453125,0.6053771961687512,200.0,57.0,24.661967683053998,190,14.89966442575134,11,190,98.58394216150997,4.28475786947174,57.00000000000001,4.030508652763321
knn,1,200,8192,0,1.0,True,59,-2,0.235,0.5925315129129306,0.28125,0.6105139537048775,200.0,59.000000000000014,26.05703743713011,187,15.362291495737216,11,187,106.51988197481165,4.44113724174338,58.99999999999999,4.17193000900063
knn,1,200,8192,0,1.0,True,61,-2,0.24,0.5975631896748611,0.2801513671875,0.6156025405195048,200.0,60.99999999999999,27.484509273407085,190,14.89966442575134,12,190,114.4424908820379,4.596895691659753,61.000000000000014,4.31335136523794
knn,1,200,8192,0,1.0,True,63,-2,0.24,0.603958982470605,0.2796630859375,0.620420106525878,200.0,63.000000000000014,28.937762525807003,192,14.832396974191326,12,192,122.53955072401585,4.75483963977756,63.0,4.4547727214752495
knn,1,200,8192,0,1.0,True,65,-2,0.245,0.608220617479075,0.279296875,0.6248854330346051,200.0,64.99999999999999,30.417886185598096,189,14.966629547095765,12,189,130.83830863737452,4.911242205389589,65.00000000000001,4.596194077712559
knn,1,200,8192,0,1.0,True,67,-2,0.25,0.6158161295855977,0.28173828125,0.6296072265991489,200.0,67.00000000000003,31.92624938823852,192,14.696938456699069,12,192,139.1972125163085,5.066448460213525,67.0,4.737615433949869
knn,1,200,8192,0,1.0,True,69,-2,0.255,0.6203068618148077,0.281494140625,0.634127849105654,200.0,69.0,33.446759185308224,189,14.89966442575134,13,189,147.7541943573437,5.218333067177679,68.99999999999997,4.879036790187177
knn,1,200,8192,0,1.0,True,71,-2,0.22999999999999998,0.6248433725583661,0.2840576171875,0.6389384351624428,200.0,71.0,35.0035591047539,191,14.7648230602334,12,191,156.21589544862366,5.374462763849053,71.0,5.020458146424488
knn,1,200,8192,0,1.0,True,73,-2,0.245,0.6289375794855142,0.2867431640625,0.6433955634534207,200.0,73.00000000000001,36.6091095220848,190,14.89966442575134,12,190,165.12640590018827,5.531735713137423,73.00000000000001,5.161879502661796
knn,1,200,8192,0,1.0,True,75,-2,0.25,0.6353590131221526,0.2891845703125,0.6476656173930535,200.0,75.0,38.26825773405422,193,14.696938456699069,12,193,174.11801638247195,5.691972417361138,75.0,5.303300858899107
knn,1,200,8192,0,1.0,True,77,-2,0.255,0.6407122093946159,0.290283203125,0.6516802204478673,200.0,77.0,39.93360301800978,188,14.966629547095765,12,188,183.37343898834726,5.84858529902745,76.99999999999999,5.444722215136417
knn,1,200,8192,0,1.0,True,79,-2,0.26,0.6460628793170252,0.291015625,0.655821522806445,200.0,79.00000000000001,41.64279289384899,188,15.033296378372908,12,188,192.55124696856552,6.007020892255994,79.0,5.586143571373727
knn,1,200,8192,0,1.0,True,81,-2,0.25,0.6512366157594621,0.290771484375,0.6600758767798287,200.0,81.0,43.37996772705115,188,14.966629547095765,12,188,201.91455520027318,6.163878649032604,81.00000000000003,5.727564927611036
knn,1,200,8192,0,1.0,True,83,-2,0.25,0.6566721770344468,0.292724609375,0.6641626402345795,200.0,83.00000000000003,45.135040157288,190,14.832396974191326,12,190,211.32005522542198,6.317709236740798,83.0,5.868986283848345
knn,1,200,8192,0,1.0,True,85,-2,0.245,0.6606873007274777,0.29638671875,0.6683129891729784,200.0,85.0,46.98096635872873,187,15.0996688705415,12,187,220.99267363547102,6.478456606322219,84.99999999999997,6.010407640085654
knn,1,200,8192,0,1.0,True,87,-2,0.245,0.6635425013341348,0.2987060546875,0.6719054232644667,200.0,87.00000000000001,48.8142468957578,189,14.89966442575134,12,189,230.7703222087703,6.632412833954171,86.99999999999997,6.151828996322964
knn,1,200,8192,0,1.0,True,89,-2,0.25,0.6661899281178877,0.3074951171875,0.6754256259429559,200.0,89.0,50.739090945739264,187,15.033296378372908,12,187,240.8403733986227,6.791137607205438,89.00000000000001,6.293250352560272
knn,1,200,8192,0,1.0,True,91,-2,0.265,0.6705858814988906,0.3055419921875,0.6786601965156484,200.0,91.0,52.67007926707534,188,14.966629547095765,12,188,251.0959623082959,6.945448149687679,91.0,6.434671708797582
knn,1,200,8192,0,1.0,True,93,-2,0.26,0.6744125966800728,0.309326171875,0.6817797773367142,200.0,93.00000000000001,54.6583140976741,187,15.033296378372908,12,187,261.7151621860355,7.1001056330170185,92.99999999999999,6.576093065034893
knn,1,200,8192,0,1.0,True,95,-2,0.25,0.6775571609622255,0.3162841796875,0.6850533069460049,200.0,94.99999999999997,56.63987861922022,189,14.966629547095765,12,189,272.15610754603466,7.250755133087864,94.99999999999999,6.7175144212722016
knn,1,200,8192,0,1.0,True,97,-2,0.27,0.6826860830734038,0.3203125,0.6880832823138656,200.0,97.00000000000001,58.666732907159584,188,14.966629547095765,12,188,282.47260026765787,7.402421900972681,97.0,6.85893577750951
knn,1,200,8192,0,1.0,True,99,-2,0.28500000000000003,0.686393552242699,0.3306884765625,0.6910466351590654,200.0,99.00000000000001,60.72397508398145,189,14.89966442575134,12,189,292.9371812261356,7.552122218290697,99.0,7.000357133746821
knn,1,200,8192,0,1.0,True,101,-2,0.26,0.689044053508713,0.34912109375,0.6939592879526586,200.0,101.0,62.83727715297663,185,15.427248620541512,12,185,303.933500560119,7.701532315065619,101.0,7.141778489984129
knn,1,200,8192,0,1.0,True,103,-2,0.29500000000000004,0.6920035295495532,0.3851318359375,0.6965359129254367,200.0,103.00000000000001,65.02819965215092,186,15.0996688705415,12,186,315.08382659936944,7.8545878313250785,102.99999999999997,7.283199846221439
knn,1,200,8192,0,1.0,True,105,-2,0.355,0.6953890116697419,0.4189453125,0.6988351707509319,200.0,105.0,67.20792587187914,189,14.89966442575134,12,189,326.4322598019206,8.002693296634577,105.00000000000003,7.424621202458748
knn,1,200,8192,0,1.0,True,107,-2,0.42000000000000004,0.699573120153345,0.439208984375,0.7011581860168018,200.0,107.00000000000001,69.44589476707746,192,14.696938456699069,12,192,338.03383240286735,8.151055146421228,107.00000000000001,7.566042558696059
knn,1,200,8192,0,1.0,True,109,-2,0.43500000000000005,0.7023711119180505,0.4525146484375,0.7032629143620337,200.0,108.99999999999999,71.64301396507544,191,14.7648230602334,12,191,349.4155646638859,8.29380190262584,109.0,7.707463914933369
knn,1,200,8192,0,1.0,True,111,-2,0.45499999999999996,0.7043038353872495,0.478271484375,0.7051284946893512,200.0,111.00000000000003,73.9177539566781,184,15.362291495737216,12,184,361.2772324075111,8.438764720028637,110.99999999999999,7.848885271170679
knn,1,200,8192,0,1.0,True,113,-2,0.495,0.7066687504371398,0.493896484375,0.7072855255981012,200.0,112.99999999999996,76.13449054140966,192,14.696938456699069,12,192,372.52161510091054,8.576890462166345,112.99999999999996,7.990306627407986
knn,1,200,8192,0,1.0,True,115,-2,0.515,0.7087669449336812,0.515380859375,0.7092639492499075,200.0,115.0,78.48138377984932,190,14.89966442575134,12,190,384.75623422801567,8.72095178291911,115.00000000000003,8.131727983645296
knn,1,200,8192,0,1.0,True,117,-2,0.55,0.7110351521931395,0.541015625,0.7109711154962922,200.0,116.99999999999997,80.79407960983279,189,14.89966442575134,12,189,396.65401205852316,8.859949209786702,117.0,8.273149339882606
knn,1,200,8192,0,1.0,True,119,-2,0.525,0.7112662328405861,0.5576171875,0.712506292576172,200.0,119.00000000000001,83.18044812334207,189,14.89966442575134,13,189,408.9875820695993,9.000891622500518,118.99999999999997,8.414570696119915
knn,1,200,8192,0,1.0,True,121,-2,0.5349999999999999,0.7120740602279406,0.5828857421875,0.7139693191544648,200.0,121.00000000000001,85.58730600971153,190,14.89966442575134,13,190,421.29408607361074,9.140806857165291,121.00000000000003,8.555992052357224
knn,1,200,8192,0,1.0,True,123,-2,0.605,0.7148677092727412,0.611572265625,0.7153623112435121,200.0,122.99999999999994,88.01931066533066,183,15.427248620541512,12,183,433.6455474129908,9.279517767642886,123.00000000000003,8.697413408594533
knn,1,200,8192,0,1.0,True,125,-2,0.62,0.7159314738157556,0.6302490234375,0.7166237203059937,200.0,125.0,90.48735629909848,184,15.297058540778355,12,184,446.0434678135357,9.418150030658888,125.0,8.838834764831844
knn,1,200,8192,0,1.0,True,127,-2,0.6699999999999999,0.7165719900685721,0.6405029296875,0.7176822816894989,200.0,127.0,92.99347127621378,182,15.620499351813308,11,182,459.0442658634613,9.556081833052708,126.99999999999997,8.980256121069154
knn,1,200,8192,0,1.0,True,129,-2,0.64,0.7175215322272797,0.647216796875,0.7183640907253322,200.0,129.0,95.54551402342238,184,15.297058540778355,12,184,472.1790436467323,9.69420703306877,128.99999999999997,9.121677477306465
knn,1,200,8192,0,1.0,True,131,-2,0.635,0.7180642374140948,0.6446533203125,0.7190408949195981,200.0,130.99999999999994,98.09803591305992,179,15.684387141358123,11,179,485.4377408325399,9.830221258954449,131.00000000000003,9.263098833543774
knn,1,200,8192,0,1.0,True,133,-2,0.665,0.7198134368785464,0.6490478515625,0.7195792264484232,200.0,133.0,100.67098762801524,185,15.297058540778355,11,185,498.59930334703466,9.965342442686051,133.0,9.404520189781081
knn,1,200,8192,0,1.0,True,135,-2,0.655,0.7198347032479054,0.6510009765625,0.7199698944532494,200.0,135.0,103.24035039653826,185,15.231546211727817,11,185,511.9933633060022,10.098071598082477,135.0,9.545941546018392
knn,1,200,8192,0,1.0,True,137,-2,0.6799999999999999,0.7208360077409725,0.6541748046875,0.7204008201305735,200.0,136.99999999999997,105.83289587836096,184,15.491933384829668,10,184,525.4734409145096,10.22997311824425,137.00000000000006,9.687362902255702
knn,1,200,8192,0,1.0,True,139,-2,0.6950000000000001,0.7203332389641375,0.6556396484375,0.7204951915345814,200.0,139.00000000000003,108.51323352476413,177,16.186414056238647,11,177,539.3942755872278,10.364374076614563,139.00000000000003,9.828784258493009
knn,1,200,8192,0,1.0,True,141,-2,0.685,0.7205468249708025,0.654296875,0.7204913863573617,200.0,141.00000000000003,111.15242957308669,180,15.556349186104045,11,180,553.0338816914676,10.494846354282657,141.0,9.970205614730318
knn,1,200,8192,0,1.0,True,143,-2,0.6950000000000001,0.7209027806236837,0.65380859375,0.7206410054747536,200.0,143.00000000000003,113.92098533632864,180,15.620499351813308,11,180,567.3946798392025,10.629868296455982,143.0,10.111626970967627
knn,1,200,8192,0,1.0,True,145,-2,0.675,0.7205174270366373,0.6541748046875,0.7207900688956279,200.0,145.0,116.71753188788733,176,15.937377450509228,10,176,582.1289214300267,10.764137215773497,144.99999999999994,10.253048327204938
knn,1,200,8192,0,1.0,True,147,-2,0.665,0.7202868667678477,0.654541015625,0.7207013750478481,200.0,146.99999999999997,119.50825829205273,173,16.30950643030009,11,173,596.8721381286462,10.896247060341464,147.0,10.394469683442246
knn,1,200,8192,0,1.0,True,149,-2,0.6699999999999999,0.7207268916698052,0.656494140625,0.7208131852432748,200.0,149.0,122.26541825062394,172,16.24807680927192,11,172,611.4818527224938,11.02497619045048,149.0,10.535891039679557
knn,1,200,8192,0,1.0,True,151,-2,0.69,0.7209211189646954,0.6640625,0.7209586181602001,200.0,151.00000000000003,125.10353771976237,173,16.06237840420901,11,173,626.4301231924699,11.155875133757997,151.0,10.677312395916868
knn,1,200,8192,0,1.0,True,153,-2,0.6799999999999999,0.720601890997428,0.6737060546875,0.7210686558520945,200.0,153.0,127.93370881046168,170,16.24807680927192,11,170,641.6644412440711,11.284606772059007,153.0,10.818733752154177
knn,1,200,8192,0,1.0,True,155,-2,0.6950000000000001,0.72106643764094,0.679443359375,0.7211836502128466,200.0,155.00000000000003,130.73309450938578,168,16.61324772583615,11,168,656.6778058871158,11.410333036331586,155.00000000000006,10.960155108391486
knn,1,200,8192,0,1.0,True,157,-2,0.7150000000000001,0.7216092259981443,0.68603515625,0.7215827042158831,200.0,157.00000000000006,133.59685325635476,171,16.06237840420901,11,171,671.8005035457443,11.537482394352764,157.0,11.101576464628796
knn,1,200,8192,0,1.0,True,159,-2,0.74,0.7224941362991604,0.6981201171875,0.7217621702951977,200.0,159.0,136.41837669463746,173,16.186414056238647,8,173,686.9175467135544,11.661157746982072,159.0,11.242997820866108
knn,1,200,8192,0,1.0,True,161,-2,0.765,0.7230935431959824,0.6993408203125,0.7218010008606128,200.0,161.00000000000003,139.33608506054705,165,17.26267650163207,8,165,702.9154481604073,11.787493372214467,160.99999999999997,11.384419177103418
knn,1,200,8192,0,1.0,True,163,-2,0.77,0.7232010520957627,0.7158203125,0.7220655261801352,200.0,163.00000000000009,142.2038431266891,166,17.029386365926403,8,166,718.5021660982809,11.91028127291711,162.99999999999994,11.525840533340725
knn,1,200,8192,0,1.0,True,165,-2,0.77,0.7237773592399758,0.71484375,0.7224167562236905,200.0,165.00000000000017,145.1363746619021,160,17.435595774162696,9,160,734.7921723537056,12.034381994934346,164.99999999999997,11.667261889578032
knn,1,200,8192,0,1.0,True,167,-2,0.74,0.7239587871094365,0.713623046875,0.7227668097059663,200.0,167.0000000000001,148.07625619929755,151,17.944358444926362,9,151,750.906814439115,12.157477123153472,167.0,11.808683245815342
knn,1,200,8192,0,1.0,True,169,-2,0.735,0.724512486569601,0.714111328125,0.7233322863877065,200.0,169.0,151.01013459367547,156,17.549928774784245,9,156,766.6353512392219,12.279049230294664,169.0,11.950104602052651
knn,1,200,8192,0,1.0,True,171,-2,0.74,0.7245983699843199,0.7098388671875,0.7236119563476215,200.0,171.00000000000017,153.95911583923834,157,18.275666882497067,9,157,783.1838611222971,12.399756045987356,171.00000000000006,12.091525958289962
knn,1,200,8192,0,1.0,True,173,-2,0.735,0.724682267655346,0.7137451171875,0.7236107425502977,200.0,173.00000000000037,156.94880311744978,150,18.547236990991408,9,150,800.0588336479323,12.520858596757654,173.0,12.232947314527271
knn,1,200,8192,0,1.0,True,175,-2,0.74,0.7241581561385888,0.7099609375,0.7232169386133855,200.0,175.0000000000002,160.03960947215538,145,19.44222209522358,9,145,817.4559940781601,12.644738036036966,175.0,12.374368670764582
knn,1,200,8192,0,1.0,True,177,-2,0.73,0.7223275542731054,0.7069091796875,0.7219259522027082,200.0,177.00000000000026,163.11205504192503,133,20.248456731316587,9,133,834.902574503543,12.766573541870974,177.0,12.51579002700189
knn,1,200,8192,0,1.0,True,179,-2,0.735,0.7207748787446786,0.7069091796875,0.7203156543686287,200.0,179.00000000000023,166.19486183393278,133,22.80350850198276,8,133,852.3437702671131,12.887598690213784,178.99999999999994,12.657211383239199
knn,1,200,8192,0,1.0,True,181,-2,0.725,0.7192174498146044,0.6982421875,0.7186636873551278,200.0,181.0000000000002,169.3108902285969,131,20.248456731316587,8,131,870.3101867564833,13.008664420300802,181.0,12.79863273947651
knn,1,200,8192,0,1.0,True,183,-2,0.6799999999999999,0.7173463056135659,0.6773681640625,0.7172629132602946,200.0,183.00000000000043,172.39591860018027,125,22.22611077089287,8,125,888.2445304661474,13.12735883565312,182.99999999999994,12.94005409571382
knn,1,200,8192,0,1.0,True,185,-2,0.6699999999999999,0.7158596164779918,0.6568603515625,0.715941883335347,200.0,185.0000000000004,175.53214235575206,109,23.706539182259394,8,109,906.7475081409597,13.246841132889003,185.00000000000003,13.08147545195113
knn,1,200,8192,0,1.0,True,187,-2,0.675,0.7147072337543815,0.6632080078125,0.7148826736940862,200.0,187.00000000000043,178.64265965888438,97,25.69046515733026,8,97,924.9701951851184,13.364230243452107,187.00000000000006,13.222896808188441
knn,1,200,8192,0,1.0,True,189,-2,0.635,0.7127561528245988,0.635009765625,0.7131261182711459,200.0,189.0000000000003,181.83046224436643,98,26.153393661244042,8,98,943.832083274162,13.48337865670174,189.00000000000003,13.364318164425747
knn,1,200,8192,0,1.0,True,191,-2,0.595,0.7112901877977559,0.6005859375,0.7115328869869588,200.0,191.00000000000063,185.02795018591107,72,32.64965543462902,6,72,963.4895145365673,13.601759077413481,191.0,13.505739520663058
knn,1,200,8192,0,1.0,True,193,-2,0.5700000000000001,0.7099645184369388,0.571044921875,0.7103250988156629,200.0,193.00000000000057,188.2756906772619,56,39.01281840626232,6,56,983.5359179066488,13.720889184014277,193.0,13.647160876900365
knn,1,200,8192,0,1.0,True,195,-2,0.5900000000000001,0.7092099705869999,0.5953369140625,0.7095519796661613,200.0,195.00000000000054,191.4880842245805,37,43.86342439892262,6,37,1003.5062607354074,13.837676828138457,194.99999999999994,13.788582233137676
knn,1,200,8192,0,1.0,True,197,-2,0.51,0.7085425309960636,0.5609130859375,0.708968068171052,200.0,197.0000000000007,194.74184308976837,26,58.27520913733386,8,26,1023.9209115839282,13.954904155887277,196.99999999999997,13.930003589374985
knn,1,200,8192,0,1.0,True,199,-2,0.63,0.7080306392926202,0.6304931640625,0.7080341440127494,194.0,199.00000000000279,198.20110468915135,7,89.59910713840847,7,7,1046.9595021684265,14.078377037144586,198.99999999999994,14.071424945612295
knn,2,200,8192,0,1.0,True,1,-2,0.0,0.0,0.3546142578125,0.5015002928093069,200.0,0.9999999999999998,0.07071067811865477,200,14.142135623730951,0,0,-5.298317366548037,0.07071067811865477,0.9999999999999998,0.07071067811865477
knn,2,200,8192,0,1.0,True,3,-2,0.16500000000000004,0.3111269837220809,0.3311767578125,0.5108225013503404,200.0,3.0000000000000004,0.3470590727815655,133,19.183326093250876,0,133,-10.145107091334877,0.22594247055390007,3.000000000000001,0.21213203435596426
knn,2,200,8192,0,1.0,True,5,-2,0.20499999999999996,0.38466608896548193,0.3199462890625,0.5112713484282421,200.0,5.000000000000001,0.6873499836327924,147,18.867962264113206,0,147,-13.0698342763587,0.37128156431473947,5.0,0.35355339059327384
knn,2,200,8192,0,1.0,True,7,-2,0.20499999999999996,0.4151726958109586,0.3125,0.5151630005652131,200.0,6.999999999999998,1.0814111151638859,169,17.4928556845359,0,169,-14.839678603149187,0.5172523562053633,7.000000000000003,0.49497474683058335
knn,2,200,8192,0,1.0,True,9,-2,0.235,0.43290648492643075,0.3157958984375,0.520758517861154,200.0,9.0,1.5165256344684714,180,15.620499351813308,7,180,-15.810461732470511,0.6638147331899165,9.0,0.6363961030678926
knn,2,200,8192,0,1.0,True,11,-2,0.22499999999999998,0.44612009649405815,0.315673828125,0.5247273443930268,200.0,11.000000000000002,2.030701849115227,175,16.186414056238647,15,175,-15.438702259111908,0.8111411714368838,11.000000000000004,0.7778174593052023
knn,2,200,8192,0,1.0,True,13,-2,0.21999999999999997,0.4645147624102397,0.3017578125,0.5284045584847115,200.0,13.000000000000004,2.575723199414099,177,15.937377450509228,15,177,-14.671413722789504,0.9575750623319302,12.999999999999996,0.9192388155425117
knn,2,200,8192,0,1.0,True,15,-2,0.235,0.4817754202484344,0.2974853515625,0.5340014248091572,200.0,15.000000000000005,3.1690377088321315,180,15.620499351813308,15,180,-13.290298643049072,1.105486318323298,14.999999999999996,1.0606601717798212
knn,2,200,8192,0,1.0,True,17,-2,0.25,0.5024617598078526,0.29736328125,0.5381392126524975,200.0,17.0,3.8237677753754866,184,15.362291495737216,15,184,-11.181642819239563,1.2564234954823155,16.999999999999996,1.2020815280171306
knn,2,200,8192,0,1.0,True,19,-2,0.24,0.5065117522078374,0.2940673828125,0.5430686203680092,200.0,19.000000000000004,4.520575184641884,190,14.89966442575134,15,190,-8.5642789693925,1.4083323471396942,19.0,1.3435028842544405
knn,2,200,8192,0,1.0,True,21,-2,0.24,0.5121473400879708,0.292724609375,0.5483250722182373,200.0,21.000000000000004,5.274153960589319,184,15.491933384829668,15,184,-5.354982137610861,1.559551217498162,21.0,1.4849242404917495
knn,2,200,8192,0,1.0,True,23,-2,0.24,0.5235664558089959,0.2935791015625,0.5537181710862558,200.0,22.999999999999996,6.058675597851396,185,15.231546211727817,15,185,-1.9224649430825986,1.7129360758650627,23.0,1.6263455967290592
knn,2,200,8192,0,1.0,True,25,-2,0.255,0.5314614567398092,0.293212890625,0.5600713838056378,200.0,25.000000000000004,6.8979562190550325,184,15.297058540778355,15,184,2.006679684634194,1.8668422536465152,25.0,1.7677669529663689
knn,2,200,8192,0,1.0,True,27,-2,0.255,0.5426389817105653,0.294189453125,0.5650485991805914,200.0,27.000000000000004,7.762190412505997,182,15.556349186104045,13,182,6.158444957690016,2.018960128382926,27.0,1.909188309203678
knn,2,200,8192,0,1.0,True,29,-2,0.24,0.5491049900800362,0.2945556640625,0.5698572025645358,200.0,28.999999999999996,8.669178161740591,189,14.89966442575134,12,189,10.472356901370864,2.17532756154102,29.0,2.0506096654409873
knn,2,200,8192,0,1.0,True,31,-2,0.255,0.5545085758272572,0.298583984375,0.5741567174418429,200.0,30.999999999999996,9.615146904753974,189,14.966629547095765,12,189,15.280065463249912,2.3298819712594887,31.0,2.1920310216782974
knn,2,200,8192,0,1.0,True,33,-2,0.27,0.5611856545235053,0.3001708984375,0.579033655764783,200.0,33.0,10.591173211689062,187,15.0996688705415,12,187,20.329552398113222,2.4835760507783933,33.0,2.333452377915607
knn,2,200,8192,0,1.0,True,35,-2,0.29000000000000004,0.5675036995294319,0.3028564453125,0.5832792439258871,200.0,35.00000000000001,11.614361799083067,186,15.165750888103101,11,186,25.752350751074072,2.639185480408681,35.0,2.4748737341529163
knn,2,200,8192,0,1.0,True,37,-2,0.29000000000000004,0.5737120424654095,0.3004150390625,0.5872804750049536,200.0,37.0,12.663291436273589,192,14.7648230602334,11,192,31.29637352131818,2.793179192246713,37.0,2.616295090390226
knn,2,200,8192,0,1.0,True,39,-2,0.28500000000000003,0.5769266096757935,0.2999267578125,0.5908978824079365,200.0,39.0,13.752714277552633,187,15.165750888103101,11,187,37.27177219252509,2.947770343836168,39.0,2.7577164466275352
knn,2,200,8192,0,1.0,True,41,-2,0.265,0.5822420715331182,0.297607421875,0.5945960610307398,200.0,40.999999999999986,14.881582577132038,187,15.0996688705415,11,187,43.23894624017795,3.104287357832712,41.00000000000001,2.8991378028648445
knn,2,200,8192,0,1.0,True,43,-2,0.275,0.5868986283848345,0.29541015625,0.5985122855679353,200.0,42.99999999999999,16.06445299411094,192,14.7648230602334,11,192,49.778054774973164,3.2609124489933796,43.0,3.040559159102154
knn,2,200,8192,0,1.0,True,45,-2,0.28,0.5920840781135357,0.2967529296875,0.6022069991511474,200.0,45.00000000000001,17.23911685673022,187,15.0996688705415,11,187,56.071670705670506,3.4131876596518977,45.000000000000014,3.1819805153394642
knn,2,200,8192,0,1.0,True,47,-2,0.29000000000000004,0.5983326954848722,0.294677734375,0.6060170162273961,200.0,47.0,18.445148413607303,190,14.832396974191326,10,190,62.54424056558065,3.5673379430606236,46.999999999999986,3.3234018715767726
knn,2,200,8192,0,1.0,True,49,-2,0.29000000000000004,0.6042155291485867,0.2919921875,0.6098330934246665,200.0,49.0,19.69913576784525,190,14.832396974191326,10,190,69.3545216822729,3.723714543302158,49.000000000000014,3.4648232278140827
knn,2,200,8192,0,1.0,True,51,-2,0.29000000000000004,0.6085277769858347,0.2939453125,0.6139490102142217,200.0,51.0,20.98814427242199,189,14.966629547095765,11,189,76.47913907230179,3.8792525053159403,50.999999999999986,3.6062445840513924
knn,2,200,8192,0,1.0,True,53,-2,0.29000000000000004,0.6113138247918417,0.2940673828125,0.6179855555082736,200.0,53.00000000000001,22.330527311283987,194,14.560219778561036,12,194,83.71092458709226,4.035238530743877,53.000000000000014,3.7476659402887016
knn,2,200,8192,0,1.0,True,55,-2,0.29000000000000004,0.6154400293709097,0.29248046875,0.6217975872684492,200.0,55.0,23.70274562155195,195,14.491376746189438,12,195,91.346905631313,4.191425771739254,54.999999999999986,3.889087296526012
knn,2,200,8192,0,1.0,True,57,-2,0.30500000000000005,0.6211374830528147,0.29296875,0.6257782347432809,200.0,57.0,25.11197025324775,185,15.231546211727817,13,185,99.3843292811213,4.347890293004182,57.00000000000001,4.030508652763321
knn,2,200,8192,0,1.0,True,59,-2,0.30000000000000004,0.6244112423698156,0.2918701171875,0.629433413976793,200.0,59.00000000000001,26.544488128423197,188,14.966629547095765,13,188,107.29650405764721,4.504148088151632,58.99999999999999,4.17193000900063
knn,2,200,8192,0,1.0,True,61,-2,0.29500000000000004,0.626427056644607,0.29150390625,0.6325743937740824,200.0,61.0,28.0073704585061,191,14.89966442575134,13,191,115.50823231081031,4.661662793467585,61.000000000000014,4.31335136523794
knn,2,200,8192,0,1.0,True,63,-2,0.30000000000000004,0.630896383658664,0.2919921875,0.635762565556227,200.0,63.00000000000001,29.470217169203213,191,14.7648230602334,13,191,123.47135249732771,4.814550861710779,63.0,4.4547727214752495
knn,2,200,8192,0,1.0,True,65,-2,0.29500000000000004,0.6360697460919605,0.2904052734375,0.6392193246288953,200.0,65.0,31.012976316374413,189,14.89966442575134,14,189,131.9161339669455,4.974434641243164,65.00000000000001,4.596194077712559
knn,2,200,8192,0,1.0,True,67,-2,0.30500000000000005,0.6391400995321989,0.29052734375,0.6426964525218826,200.0,67.00000000000001,32.541120140523745,186,15.165750888103101,14,186,140.21389503008544,5.13117920170403,67.0,4.737615433949869
knn,2,200,8192,0,1.0,True,69,-2,0.29000000000000004,0.6428522954178569,0.292236328125,0.6460345561498781,200.0,69.00000000000001,34.12131958175124,188,15.0996688705415,14,188,148.64110359862988,5.286345618667021,68.99999999999997,4.879036790187177
knn,2,200,8192,0,1.0,True,71,-2,0.29500000000000004,0.6462557610027474,0.2928466796875,0.649233226754184,200.0,71.0,35.75131186404214,190,14.89966442575134,14,190,157.50076864875447,5.4417460433210225,71.0,5.020458146424488
knn,2,200,8192,0,1.0,True,73,-2,0.28500000000000003,0.649957055035854,0.296875,0.6526326376698786,200.0,73.0,37.46294302374014,193,14.628738838327793,14,193,166.9451367289075,5.603989650240264,73.00000000000001,5.161879502661796
knn,2,200,8192,0,1.0,True,75,-2,0.28,0.6536495085288446,0.3001708984375,0.6560095694822501,200.0,74.99999999999999,39.17054505620262,189,14.89966442575134,14,189,176.2031425200935,5.761015535476362,75.0,5.303300858899107
knn,2,200,8192,0,1.0,True,77,-2,0.30500000000000005,0.6577929706024987,0.3035888671875,0.6592536741399335,200.0,77.0,40.90318997339939,186,15.0996688705415,13,186,185.5960057869287,5.92160029046203,76.99999999999999,5.444722215136417
knn,2,200,8192,0,1.0,True,79,-2,0.30500000000000005,0.6613686083781519,0.3055419921875,0.662556414209039,200.0,79.00000000000001,42.657760724163666,191,14.832396974191326,13,191,195.09663805191644,6.080826424097303,79.0,5.586143571373727
knn,2,200,8192,0,1.0,True,81,-2,0.30500000000000005,0.6642438886479556,0.3079833984375,0.6654168586279838,200.0,81.0,44.42880090661912,189,14.89966442575134,13,189,204.61622370671597,6.237118725822045,81.00000000000003,5.727564927611036
knn,2,200,8192,0,1.0,True,83,-2,0.31000000000000005,0.6677473434867661,0.3111572265625,0.6679626569691776,200.0,83.00000000000001,46.235836209589635,190,14.832396974191326,13,190,214.2428246580404,6.393156497380617,83.0,5.868986283848345
knn,2,200,8192,0,1.0,True,85,-2,0.29500000000000004,0.6707531737302509,0.315185546875,0.6704049008935153,200.0,85.00000000000001,48.12505012984402,191,14.7648230602334,12,191,224.11265486104895,6.552995498243533,84.99999999999997,6.010407640085654
knn,2,200,8192,0,1.0,True,87,-2,0.31000000000000005,0.6726454851838928,0.3154296875,0.6733241927635809,200.0,86.99999999999999,49.975396446651594,188,14.966629547095765,12,188,234.0586433885776,6.706329100185884,86.99999999999997,6.151828996322964
knn,2,200,8192,0,1.0,True,89,-2,0.28500000000000003,0.6751678007329529,0.3134765625,0.6757534356065917,200.0,89.0,51.892969176951134,188,15.0996688705415,12,188,244.27030465989893,6.860091107266725,89.00000000000001,6.293250352560272
knn,2,200,8192,0,1.0,True,91,-2,0.28500000000000003,0.6771130210175358,0.3179931640625,0.6781783403965147,200.0,90.99999999999999,53.81243118462498,190,14.89966442575134,12,190,254.35859364876669,7.01221434355796,91.0,6.434671708797582
knn,2,200,8192,0,1.0,True,93,-2,0.31000000000000005,0.6794307738368804,0.322509765625,0.6805212234954516,200.0,93.0,55.77805482445585,191,14.7648230602334,12,191,264.93220640342486,7.163400030711673,92.99999999999999,6.576093065034893
knn,2,200,8192,0,1.0,True,95,-2,0.29000000000000004,0.6805344526724846,0.32421875,0.6828399638655023,200.0,95.0,57.795554327300984,187,15.165750888103101,12,187,275.80011984364415,7.315052973150639,94.99999999999999,6.7175144212722016
knn,2,200,8192,0,1.0,True,97,-2,0.31000000000000005,0.683269263923867,0.3223876953125,0.6848797742241632,200.0,97.00000000000003,59.857004184974045,187,15.0996688705415,11,187,286.5033593187201,7.4695816482584885,97.0,6.85893577750951
knn,2,200,8192,0,1.0,True,99,-2,0.28500000000000003,0.6841079545661366,0.3309326171875,0.6869435381338032,200.0,98.99999999999999,61.945837632564135,188,15.033296378372908,11,188,297.5268610441208,7.620183724819238,99.0,7.000357133746821
knn,2,200,8192,0,1.0,True,101,-2,0.29000000000000004,0.6860335988957406,0.340576171875,0.6889700091240417,200.0,101.00000000000001,64.08267784666931,190,14.89966442575134,11,190,308.57858301873136,7.770785031127807,101.0,7.141778489984129
knn,2,200,8192,0,1.0,True,103,-2,0.31499999999999995,0.6882963677841093,0.3450927734375,0.6909915285576302,200.0,103.0,66.21078877343177,184,15.362291495737216,11,184,319.86119473716144,7.916757543338055,102.99999999999997,7.283199846221439
knn,2,200,8192,0,1.0,True,105,-2,0.32499999999999996,0.6905402794558912,0.363037109375,0.6929064434142536,200.0,104.99999999999999,68.40659836594712,188,15.033296378372908,11,188,331.3086945073799,8.065246431448948,105.00000000000003,7.424621202458748
knn,2,200,8192,0,1.0,True,107,-2,0.355,0.6921055438660478,0.3826904296875,0.6947933343909143,200.0,107.00000000000001,70.62964604187114,184,15.297058540778355,11,184,342.82628231212874,8.213081029674552,107.00000000000001,7.566042558696059
knn,2,200,8192,0,1.0,True,109,-2,0.32999999999999996,0.6935484951986587,0.3990478515625,0.6966189006295098,200.0,109.0,72.90002606309547,182,15.427248620541512,12,182,354.45121079325526,8.360394727523335,109.0,7.707463914933369
knn,2,200,8192,0,1.0,True,111,-2,0.345,0.6954490747940126,0.408447265625,0.6984611093013947,200.0,111.00000000000003,75.15165666836627,181,15.491933384829668,12,181,365.95665378450116,8.503563958717544,110.99999999999999,7.848885271170679
knn,2,200,8192,0,1.0,True,113,-2,0.345,0.6971572255928608,0.4085693359375,0.7001326936759251,200.0,112.99999999999997,77.45845789841154,186,15.165750888103101,12,186,377.6215595344681,8.647288592385477,112.99999999999996,7.990306627407986
knn,2,200,8192,0,1.0,True,115,-2,0.385,0.6989904250894498,0.429931640625,0.7016185373176234,200.0,115.00000000000001,79.76266263108326,187,15.0996688705415,12,187,389.55629261273197,8.787641890746345,115.00000000000003,8.131727983645296
knn,2,200,8192,0,1.0,True,117,-2,0.43999999999999995,0.7007005146219515,0.4798583984375,0.7032070348785463,200.0,116.99999999999999,82.07179783579738,184,15.231546211727817,11,184,401.58621871863426,8.92577727707789,117.0,8.273149339882606
knn,2,200,8192,0,1.0,True,119,-2,0.49,0.7015806525604676,0.5169677734375,0.7046492926604798,200.0,119.00000000000004,84.50474158294315,184,15.556349186104045,12,184,414.05094440656677,9.069175817018875,118.99999999999997,8.414570696119915
knn,2,200,8192,0,1.0,True,121,-2,0.525,0.7026070107608149,0.5364990234375,0.7057585278851584,200.0,121.0,86.89992779053384,188,14.966629547095765,11,188,426.22799515136035,9.207543103347385,121.00000000000003,8.555992052357224
knn,2,200,8192,0,1.0,True,123,-2,0.5549999999999999,0.703829944883488,0.542236328125,0.7069102877815875,200.0,123.00000000000001,89.38854009323569,186,15.0996688705415,11,186,439.03342380714736,9.349010642843444,123.00000000000003,8.697413408594533
knn,2,200,8192,0,1.0,True,125,-2,0.5349999999999999,0.7051268821992253,0.541748046875,0.7079658054402546,200.0,125.0,91.85416076585753,191,14.832396974191326,10,191,451.7150694652137,9.486793451952035,125.0,8.838834764831844
knn,2,200,8192,0,1.0,True,127,-2,0.51,0.7066056818927932,0.53466796875,0.7088521465651838,200.0,127.0,94.33591945807284,180,15.748015748023622,10,180,464.85816095632055,9.622941338281139,126.99999999999997,8.980256121069154
knn,2,200,8192,0,1.0,True,129,-2,0.52,0.7071615956657092,0.5361328125,0.709839475679914,200.0,129.0,96.82784749234075,178,15.748015748023622,10,178,477.9639942734361,9.75743050193031,128.99999999999997,9.121677477306465
knn,2,200,8192,0,1.0,True,131,-2,0.53,0.7075925797385076,0.5418701171875,0.7107900682761982,200.0,131.0,99.40637429259756,178,15.937377450509228,10,178,491.36996167974297,9.894591957225927,131.00000000000003,9.263098833543774
knn,2,200,8192,0,1.0,True,133,-2,0.55,0.7085422611182796,0.5474853515625,0.7115822720037965,200.0,133.00000000000006,102.0187002465725,176,16.06237840420901,10,176,504.8113732391253,10.031375778027659,133.0,9.404520189781081
knn,2,200,8192,0,1.0,True,135,-2,0.565,0.7092542906701511,0.5631103515625,0.712290900997981,200.0,134.99999999999997,104.54841677423907,178,15.811388300841896,11,178,517.8211479945058,10.161788720496013,135.0,9.545941546018392
knn,2,200,8192,0,1.0,True,137,-2,0.56,0.709893917404363,0.572509765625,0.713324107077526,200.0,136.99999999999997,107.1056408411807,177,15.874507866387544,11,177,530.8793974722338,10.291545073505727,137.00000000000006,9.687362902255702
knn,2,200,8192,0,1.0,True,139,-2,0.5549999999999999,0.7112782024856337,0.5738525390625,0.7141996579488501,200.0,139.0,109.75369697645725,177,15.874507866387544,10,177,544.3430696975533,10.424034727493956,139.00000000000003,9.828784258493009
knn,2,200,8192,0,1.0,True,141,-2,0.565,0.7113193322234035,0.582763671875,0.7152046387240305,200.0,141.00000000000003,112.39118515257324,180,15.620499351813308,11,180,558.1806418767318,10.554008717070495,141.0,9.970205614730318
knn,2,200,8192,0,1.0,True,143,-2,0.5700000000000001,0.7128427522786902,0.5848388671875,0.7163058525518253,200.0,143.00000000000003,115.03092888436574,179,15.684387141358123,12,179,572.0533620666527,10.682087810910375,143.0,10.111626970967627
knn,2,200,8192,0,1.0,True,145,-2,0.5900000000000001,0.7148605727871447,0.599609375,0.717236200122322,200.0,145.0,117.69407546686452,184,15.620499351813308,11,184,586.0816366187713,10.809569834179342,144.99999999999994,10.253048327204938
knn,2,200,8192,0,1.0,True,147,-2,0.575,0.7158614365726668,0.606201171875,0.7182069972522882,200.0,147.0,120.42694486700223,175,16.1245154965971,11,175,600.2722403563708,10.938621942456919,147.0,10.394469683442246
knn,2,200,8192,0,1.0,True,149,-2,0.6,0.7175947408269654,0.6077880859375,0.7189501338719123,200.0,149.00000000000006,123.16910205079847,174,16.186414056238647,11,174,614.643655496323,11.066313749392794,149.0,10.535891039679557
knn,2,200,8192,0,1.0,True,151,-2,0.615,0.7192353014731248,0.6109619140625,0.7194117763456283,200.0,151.00000000000006,125.99308135766826,173,16.24807680927192,10,173,629.7763632608369,11.195952393610828,151.0,10.677312395916868
knn,2,200,8192,0,1.0,True,153,-2,0.625,0.7198162167961096,0.6287841796875,0.7197744688275768,200.0,153.00000000000003,128.82395798142517,177,15.811388300841896,10,177,644.8747237661117,11.32433883279726,153.0,10.818733752154177
knn,2,200,8192,0,1.0,True,155,-2,0.615,0.7201540417942476,0.632568359375,0.720277045941353,200.0,155.0000000000001,131.71628999482186,176,15.811388300841896,10,176,660.367567942747,11.453805044612904,155.00000000000006,10.960155108391486
knn,2,200,8192,0,1.0,True,157,-2,0.63,0.7208886076224128,0.6328125,0.7205798905582489,200.0,157.0,134.54567347187344,173,16.0,9,173,675.7559161943419,11.578693795070322,157.0,11.101576464628796
knn,2,200,8192,0,1.0,True,159,-2,0.645,0.7209820840626608,0.628662109375,0.720641681218288,200.0,159.00000000000003,137.42369810189214,162,17.378147196982766,10,162,691.6213025857724,11.704315443459306,159.0,11.242997820866108
knn,2,200,8192,0,1.0,True,161,-2,0.625,0.7207218807000774,0.6357421875,0.720519652895748,200.0,161.00000000000003,140.3636605393291,160,18.867962264113206,8,160,707.8820381374485,11.831090397761315,160.99999999999997,11.384419177103418
knn,2,200,8192,0,1.0,True,163,-2,0.61,0.7207717281849377,0.6368408203125,0.720211040022972,200.0,163.00000000000003,143.3001038031724,167,17.146428199482248,8,167,723.8026727206063,11.956376959597753,162.99999999999994,11.525840533340725
knn,2,200,8192,0,1.0,True,165,-2,0.615,0.720048978030083,0.6282958984375,0.7195803356451561,200.0,164.99999999999994,146.20957304499586,161,18.920887928424502,8,161,739.993686208332,12.079004511962069,164.99999999999997,11.667261889578032
knn,2,200,8192,0,1.0,True,167,-2,0.595,0.7199363233841238,0.6260986328125,0.7191487425188274,200.0,167.00000000000003,149.1436436795078,160,17.72004514666935,9,160,756.1781355421979,12.201374922524101,167.0,11.808683245815342
knn,2,200,8192,0,1.0,True,169,-2,0.605,0.7189058410856367,0.626220703125,0.7187334936141219,200.0,169.0000000000001,152.1282598664693,154,19.390719429665317,8,154,772.8528168867632,12.324469562622157,169.0,11.950104602052651
knn,2,200,8192,0,1.0,True,171,-2,0.625,0.7190986505750914,0.643798828125,0.7186257761457411,200.0,171.00000000000006,155.07374600492503,153,18.275666882497067,9,153,789.2143190331526,12.44469364829846,171.00000000000006,12.091525958289962
knn,2,200,8192,0,1.0,True,173,-2,0.64,0.718878269798208,0.652587890625,0.7184127780576577,200.0,173.00000000000006,158.0168657137585,143,20.149441679609886,8,143,805.8059751071356,12.563604180329783,173.0,12.232947314527271
knn,2,200,8192,0,1.0,True,175,-2,0.6699999999999999,0.7185417079908786,0.6904296875,0.718055690456064,200.0,175.0000000000001,161.0071077623594,142,20.149441679609886,8,142,822.5873497174005,12.683073365710694,175.0,12.374368670764582
knn,2,200,8192,0,1.0,True,177,-2,0.6599999999999999,0.7183725502427398,0.689697265625,0.7177359325445914,200.0,177.00000000000014,164.02275268998505,132,20.83266665599966,7,132,839.8490466607869,12.802304480053582,177.0,12.51579002700189
knn,2,200,8192,0,1.0,True,179,-2,0.6799999999999999,0.7182466757281457,0.6898193359375,0.7173808850131181,200.0,179.00000000000026,167.00352601068042,131,21.72556098240043,7,131,857.0633712719813,12.919016990467966,178.99999999999994,12.657211383239199
knn,2,200,8192,0,1.0,True,181,-2,0.6699999999999999,0.7171859828189304,0.6978759765625,0.7165882703523357,200.0,181.00000000000023,170.00672854331384,117,22.715633383201094,8,117,874.4190888050119,13.035449742912594,181.0,12.79863273947651
knn,2,200,8192,0,1.0,True,183,-2,0.65,0.7162257538838168,0.6937255859375,0.7156752511499364,200.0,183.0000000000004,173.118124556616,107,23.62202362203543,7,107,892.267615794079,13.154917331553246,182.99999999999994,12.94005409571382
knn,2,200,8192,0,1.0,True,185,-2,0.69,0.7149040667736857,0.68896484375,0.7145486844012364,200.0,185.0000000000005,176.22605496917868,109,24.24871130596428,7,109,910.5975921028485,13.273023393334316,185.00000000000003,13.08147545195113
knn,2,200,8192,0,1.0,True,187,-2,0.645,0.7133459586676052,0.6778564453125,0.7132385012429493,200.0,187.0000000000004,179.337028385105,100,29.223278392404914,7,100,929.174867586643,13.390140029140845,187.00000000000006,13.222896808188441
knn,2,200,8192,0,1.0,True,189,-2,0.665,0.7124568483669536,0.6610107421875,0.7121432947957245,200.0,189.00000000000045,182.49275286980574,88,31.71750305430741,7,88,947.8934698578064,13.507877331394448,189.00000000000003,13.364318164425747
knn,2,200,8192,0,1.0,True,191,-2,0.655,0.7120676350440869,0.5982666015625,0.7109273140063023,200.0,191.00000000000057,185.59557349247322,72,36.71511950137164,7,72,966.7875341200026,13.622580519123387,191.0,13.505739520663058
knn,2,200,8192,0,1.0,True,193,-2,0.61,0.7108438222062898,0.5693359375,0.7101578321684576,200.0,193.00000000000063,188.80937728301532,54,56.85068161420758,6,54,986.9451002718828,13.740296576129643,193.0,13.647160876900365
knn,2,200,8192,0,1.0,True,195,-2,0.595,0.7096813751077908,0.6243896484375,0.7096228036626746,200.0,195.00000000000082,191.90665556462608,35,55.67764362830022,7,35,1006.0675461677687,13.85278491856421,194.99999999999994,13.788582233137676
knn,2,200,8192,0,1.0,True,197,-2,0.635,0.7095116621174867,0.6387939453125,0.7093212219633096,192.0,197.0000000000012,195.046181326372,20,62.6418390534633,7,20,1026.000480667018,13.965799296853726,196.99999999999997,13.930003589374985
knn,2,200,8192,0,1.0,True,199,-2,0.635,0.7080661722967001,0.610107421875,0.7078892706806861,187.0,199.00000000000827,198.2805083713476,6,105.83005244258362,6,6,1047.628847248622,14.081193131265547,198.99999999999994,14.071424945612295
