model,rep,n_train_samples,n_test_samples,recurse_level,cov_scale,onehot,shuffle_label_frac,n_estimators,bootstrap,max_depth,n_jobs,train_01_error,train_mse,test_01_error,test_mse,IRM_L0,IRM_L1,IRM_L2,n_regions,ACTS_L2,IRM_h*,ACTS_h*,IRM_entropy,IRM_rows_mean_L2,IRM_cols_mean_L1,IRM_cols_mean_L2,IRM_mean_dot_product,IRM_mean_sim_entropy,n_total_leaves,IRM_scaled_L0,IRM_scaled_L1,IRM_scaled_L2,mean_polytope_norm
forest,0,4096,8192,0,1.0,True,None,1,False,1,-2,0.490966796875,0.24959340321214488,0.498291015625,0.25027928282327894,2.0,4096.0,3885.064993021352,2,3885.064993021352,2,2,0.20719362211047837,0.9485021955618536,2048.0,32.0,3684.99267578125,8.110572544609273,2,2.0,1.9999999999999998,1.414213562373095,0.7076778938125817
forest,0,4096,8192,0,1.0,True,None,1,False,2,-2,0.45361328125,0.2418309494413704,0.4644775390625,0.24401818163559366,4.0,4096.0,2822.3220935959807,4,2822.3220935959807,4,4,0.8737162151643024,0.6890434798818312,1024.0,16.0,1944.70263671875,7.444049951555041,4,4.0,3.9999999999999996,1.9999999999999998,0.7173917165479942
forest,0,4096,8192,0,1.0,True,None,1,False,3,-2,0.28271484375,0.19833876161540473,0.2894287109375,0.20113091295714475,8.0,4096.0,2003.0571634379285,8,2003.0571634379285,8,8,1.5549028161557064,0.489027627792463,512.0,8.0,979.55029296875,6.762863350563792,8,8.0,7.999999999999999,2.82842712474619,0.7754344753310304
forest,0,4096,8192,0,1.0,True,None,1,False,4,-2,0.279296875,0.1800549427334256,0.288818359375,0.18840079124547257,16.0,4096.0,1452.7821584807546,16,1452.7821584807546,15,16,2.2029539396945577,0.35468314416034047,256.0,4.0,515.27734375,6.114812227024465,16,16.0,16.0,4.0,0.796526401237468
forest,0,4096,8192,0,1.0,True,None,1,False,5,-2,0.265625,0.17104295088089283,0.2906494140625,0.1855719765708008,29.0,4096.0,1178.8104173275701,29,1178.8104173275701,18,29,2.6749183991036487,0.2877955120428638,141.24137931034485,2.2068965517241375,339.25634765625,5.6428477676157085,29,29.0,29.0,5.385164807134504,0.8060484023230803
forest,0,4096,8192,0,1.0,True,None,1,False,6,-2,0.255859375,0.16542476878342902,0.2799072265625,0.18525712981841236,50.0,4096.0,912.4023235393474,50,912.4023235393474,24,50,3.208420990934302,0.2227544735203485,81.92,1.2800000000000002,203.24169921875,5.109345175784948,50,50.0,50.0,7.0710678118654755,0.8123581802007651
forest,0,4096,8192,0,1.0,True,None,1,False,7,-2,0.242919921875,0.1584298173687472,0.2833251953125,0.19195611141172977,83.0,4096.0,833.9424440571423,83,833.9424440571423,24,0,3.4841594716353166,0.20359922950613826,49.349397590361455,0.7710843373493975,169.7900390625,4.8336066950839776,83,83.0,83.0,9.1104335791443,0.8201357990933679
forest,0,4096,8192,0,1.0,True,None,1,False,8,-2,0.23291015625,0.1501042652449182,0.2835693359375,0.1998655808741629,129.0,4096.0,707.2679831577278,129,707.2679831577278,12,0,3.92448837165376,0.17267284745061715,31.751937984496124,0.49612403100775193,122.1259765625,4.393277795065611,129,129.0,129.0,11.357816691600547,0.8296240702223697
forest,0,4096,8192,0,1.0,True,None,1,False,9,-2,0.21435546875,0.13992810752427312,0.2935791015625,0.20725147728421137,184.0,4096.0,653.4584914131884,184,653.4584914131884,6,0,4.206412900136694,0.15953576450517296,22.260869565217384,0.3478260869565218,104.25,4.111353266582703,184,184.0,184.0,13.564659966250536,0.84119626373018
forest,0,4096,8192,0,1.0,True,None,1,False,10,-2,0.1962890625,0.1279977888565637,0.294677734375,0.21875617803935846,252.0,4096.0,611.8758043917082,252,611.8758043917082,5,0,4.493915767068359,0.1493837413065694,16.253968253968253,0.2539682539682539,91.404296875,3.8238503996510405,252,252.0,252.0,15.874507866387544,0.8549070895117789
forest,0,4096,8192,0,1.0,True,None,1,False,11,-2,0.177978515625,0.11459412061279531,0.3109130859375,0.23232071472963098,336.0,4096.0,576.8309977801124,336,576.8309977801124,3,0,4.738708516888341,0.14082788031741025,12.190476190476193,0.19047619047619044,81.23388671875,3.5790576498310407,336,336.0,336.0,18.330302779823363,0.8697920677091041
forest,0,4096,8192,0,1.0,True,None,1,False,12,-2,0.1552734375,0.10034605951540523,0.3096923828125,0.24945031214488333,422.0,4096.0,546.8637855993026,422,546.8637855993026,3,0,4.949381228184624,0.13351166640607973,9.706161137440759,0.1516587677725119,73.0126953125,3.3683849385347364,422,422.0,422.0,20.54263858417414,0.886027529801212
forest,0,4096,8192,0,1.0,True,None,1,False,13,-2,0.135986328125,0.08704492944472529,0.3138427734375,0.2616329518354883,507.0,4096.0,519.1493041505497,507,519.1493041505497,2,0,5.132701892359479,0.1267454355836303,8.078895463510849,0.12623274161735704,65.7998046875,3.1850642743599082,507,507.0,507.0,22.516660498395407,0.9010310916341748
forest,0,4096,8192,0,1.0,True,None,1,False,14,-2,0.119140625,0.07569965202005291,0.328857421875,0.2738580506622635,590.0,4096.0,473.4258125620106,590,473.4258125620106,2,0,5.32431771470616,0.11558247377002212,6.942372881355933,0.10847457627118645,54.7197265625,2.993448452013239,590,590.0,590.0,24.289915602982237,0.9137698313140209
forest,0,4096,8192,0,1.0,True,None,1,False,15,-2,0.100830078125,0.06575346471022067,0.3232421875,0.2815605613427988,658.0,4096.0,437.3396849132262,658,437.3396849132262,2,0,5.492641987298719,0.10677238401201812,6.224924012158055,0.0972644376899696,46.69580078125,2.8251241794206865,658,658.0,658.0,25.651510676761323,0.9250350572881763
forest,0,4096,8192,0,1.0,True,None,1,False,16,-2,0.089599609375,0.05717320542877831,0.3284912109375,0.2938045419645592,715.0,4096.0,393.29124068557644,715,393.29124068557644,2,0,5.62165403305353,0.09601836930800206,5.728671328671327,0.08951048951048951,37.76318359375,2.6961121336658334,715,715.0,715.0,26.739483914241877,0.9348022757057086
forest,0,4096,8192,0,1.0,True,None,1,False,17,-2,0.07666015625,0.0492821128713386,0.3323974609375,0.3038272275969606,773.0,4096.0,382.6251429271213,773,382.6251429271213,2,0,5.739947777858505,0.09341434153494173,5.298835705045279,0.08279430789133246,35.74267578125,2.577818388860868,773,773.0,773.0,27.80287754891569,0.9437337514941575
forest,0,4096,8192,0,1.0,True,None,1,False,18,-2,0.065185546875,0.04173576890004894,0.3367919921875,0.30877787560853026,819.0,4096.0,332.6199031928186,819,332.6199031928186,1,0,5.868866677619895,0.08120603105293422,5.001221001220999,0.07814407814407816,27.0107421875,2.4488994890994755,819,819.0,819.0,28.61817604250837,0.9523784630685884
forest,0,4096,8192,0,1.0,True,None,1,False,19,-2,0.0556640625,0.03560557085304125,0.34228515625,0.314936230245566,863.0,4096.0,322.0093166354042,863,322.0093166354042,1,0,5.952600997019873,0.07861555581919048,4.746234067207416,0.07415990730011587,25.31494140625,2.365165169699477,863,863.0,863.0,29.376861643136763,0.9593947525614442
forest,0,4096,8192,0,1.0,True,None,1,False,20,-2,0.0478515625,0.03026187931684017,0.343505859375,0.32336189143769445,906.0,4096.0,312.8226334522488,906,312.8226334522488,0,0,6.025938136295062,0.07637271324517793,4.520971302428257,0.0706401766004415,23.89111328125,2.2918280304243157,906,906.0,906.0,30.099833886584825,0.9654193667646326
forest,0,4096,8192,0,1.0,True,None,1,False,21,-2,0.0390625,0.024009224839271745,0.34619140625,0.329337609189094,950.0,4096.0,306.4245420980506,950,306.4245420980506,0,0,6.085684825552827,0.07481067922315689,4.311578947368419,0.06736842105263158,22.923828125,2.232081341166542,950,950.0,950.0,30.822070014844883,0.9723673220948239
forest,0,4096,8192,0,1.0,True,None,1,False,22,-2,0.037353515625,0.022877868947217148,0.3472900390625,0.3324317867566859,957.0,4096.0,347.2347908836325,957,347.2347908836325,1,0,6.033693023324411,0.08477411886807434,4.280041797283176,0.06687565308254964,29.4365234375,2.2840731433949504,957,957.0,957.0,30.935416596516042,0.973568350858282
forest,0,4096,8192,0,1.0,True,None,1,False,23,-2,0.027099609375,0.0169122189496118,0.3482666015625,0.3359485601512274,1005.0,4096.0,293.4382388169613,1005,293.4382388169613,0,0,6.164654686040833,0.07164019502367219,4.0756218905472625,0.06368159203980099,21.02197265625,2.1531114806785308,1005,1005.0,1005.0,31.701734968294716,0.9805370007480657
forest,0,4096,8192,0,1.0,True,None,1,False,24,-2,0.023193359375,0.014445964734050661,0.3507080078125,0.34117061412983213,1020.0,4096.0,286.041954964652,1020,286.041954964652,0,0,6.198841479265738,0.069834461661292,4.015686274509804,0.06274509803921569,19.9755859375,2.118924687453616,1020,1020.0,1020.0,31.937438845342623,0.9833476381566013
forest,0,4096,8192,0,1.0,True,None,1,False,None,-2,0.0,0.0,0.352294921875,0.352294921875,1113.0,4096.0,256.8345771114162,1113,256.8345771114162,0,0,6.362250151421438,0.06270375417759184,3.680143755615454,0.05750224618149146,16.1044921875,1.955516015297924,1113,1113.0,1113.0,33.36165463522455,1.0
forest,0,4096,8192,0,1.0,True,None,2,False,None,-2,0.0,0.0,0.35009765625,0.340179443359375,2229.0,4096.000000000001,255.20188087081178,1215,253.95275151098483,0,0,6.399936019911919,0.08854196585810357,3.6751906684611924,0.05742485419470615,8.02783203125,1.991628689698498,2229,2228.0,1114.5,32.91441758860612,1.0
forest,0,4096,8192,0,1.0,True,None,3,False,None,-2,0.0,0.0,0.3509521484375,0.33801269531249895,3351.0,4096.000000000002,255.0725387022288,1227,253.67301787931643,0,0,6.402370424376124,0.10838249020503465,3.66696508504924,0.05729632945389437,5.3460828993055935,1.9923168225856784,3351,3351.0,1117.0,32.96399739334323,1.0
forest,0,4096,8192,0,1.0,True,None,4,False,None,-2,0.0,0.0,0.3555908203125,0.33571624755859375,4096.0,4096.000000000004,254.77907096149022,1316,252.5430656343587,0,0,6.417761388215874,0.12514820849317138,3.6817977528089894,0.05752808988764044,4.009490966796875,2.016715251843445,4450,4093.0,1112.5,32.623484293361855,1.0
forest,0,4096,8192,0,1.0,True,None,5,False,None,-2,0.0,0.0,0.3526611328125,0.3338525390624995,4096.0,4096.000000000003,254.554827100175,1329,252.3331131659101,0,0,6.425568260446311,0.13999415998539758,3.691420331651045,0.057678442682047575,3.210996093749985,2.0266808495781024,5548,4096.0,1109.6000000000004,32.45923414613425,1.0
forest,0,4096,8192,0,1.0,True,None,7,False,None,-2,0.0,0.0,0.3514404296875,0.3322504783163278,4096.0,4096.000000000003,254.57046656864898,1345,252.17057718933032,0,0,6.428736071708666,0.16569218262653468,3.679671457905543,0.05749486652977414,2.2949218750000093,2.0285869747503393,7792,4096.0,1113.142857142857,32.48594111923009,1.0
forest,0,4096,8192,0,1.0,True,None,10,False,None,-2,0.0,0.0,0.352294921875,0.33075683593749866,4096.0,4096.000000000003,254.47278832912565,1349,252.22212432695113,0,0,6.43046087530386,0.19790154114865724,3.679813134489265,0.057497080226394756,1.6041992187499938,2.0293041212459833,11131,4095.0,1113.1000000000001,32.4350631098027,1.0
forest,0,4096,8192,0,1.0,True,None,13,False,None,-2,0.0,0.0,0.3543701171875,0.3309304502588766,4096.0,4096.000000000004,254.4684912081484,1351,252.1269521491108,0,0,6.4327335108351065,0.22580064736434813,3.679889426399448,0.057498272287491374,1.235730052699686,2.032774851927475,14470,4096.0,1113.0769230769238,32.39789497258128,1.0
forest,0,4096,8192,0,1.0,True,None,16,False,None,-2,0.0,0.0,0.3516845703125,0.33004236221313477,4096.0,4096.000000000003,254.3995688380781,1353,252.11901951261035,0,0,6.43221814882828,0.25039831854892497,3.684903008152937,0.05757660950238965,1.0031890869140625,2.0322284241946322,17785,4096.0,1111.5625000000002,32.38359658004366,1.0
forest,0,4096,8192,0,1.0,True,None,20,False,None,-2,0.0,0.0,0.348388671875,0.32975158691406137,4096.0,4096.000000000004,254.4369077001212,1352,252.12298586205898,0,0,6.432955962051426,0.28004834643275733,3.6806397987150117,0.05750999685492203,0.8030932617187478,2.033079076939229,22257,4096.0,1112.85,32.39051870324577,1.0
forest,1,4096,8192,0,1.0,True,None,1,False,1,-2,0.495849609375,0.2497830844934763,0.5,0.2501631683872119,2.0,4096.0,4013.8582436354177,2,4013.8582436354177,2,2,0.09906351087748472,0.9799458602625531,2048.0,32.0,3933.36376953125,8.218702655841428,2,2.0,2.0,1.4142135623730951,0.7074104583674411
forest,1,4096,8192,0,1.0,True,None,1,False,2,-2,0.480224609375,0.24593550984568457,0.490478515625,0.24770609454911455,4.0,4096.0,3161.3481301495412,4,3161.3481301495412,4,4,0.6686888960828704,0.7718135083372903,1024.0,16.0,2439.97119140625,7.64907727063643,4,4.0,4.0,1.9999999999999998,0.7120573941463391
forest,1,4096,8192,0,1.0,True,None,1,False,3,-2,0.340087890625,0.21449626949391618,0.3385009765625,0.21481007399207536,8.0,4096.0,2244.3346452790856,8,2244.3346452790856,8,8,1.350380091011063,0.5479332630075893,512.0,8.0,1229.74560546875,6.967386075708806,8,8.0,7.999999999999999,2.82842712474619,0.7535640650780667
forest,1,4096,8192,0,1.0,True,None,1,False,4,-2,0.272705078125,0.18539268469512193,0.27978515625,0.19057841776550127,16.0,4096.0,1614.7916274244178,16,1614.7916274244178,12,16,2.010186365463502,0.3942362371641645,256.0,4.0,636.609375,6.30757980125565,16,16.0,15.999999999999998,3.9999999999999996,0.7899442819627631
forest,1,4096,8192,0,1.0,True,None,1,False,5,-2,0.267578125,0.17602182102595876,0.2767333984375,0.18440415002266325,26.0,4096.0,1216.1332163870863,26,1216.1332163870863,15,26,2.558637663911059,0.2969075235320035,157.5384615384615,2.4615384615384617,361.0791015625,5.759128502808258,26,26.0,26.0,5.0990195135927845,0.8006253615577005
forest,1,4096,8192,0,1.0,True,None,1,False,6,-2,0.252197265625,0.16824124091547338,0.2850341796875,0.18554452937389798,41.0,4096.0,994.7994772817284,41,994.7994772817284,26,41,3.0219510268780545,0.24287096613323447,99.90243902439026,1.5609756097560976,241.60791015625,5.2958151398412845,41,41.0,41.0,6.4031242374328485,0.8097512929717996
forest,1,4096,8192,0,1.0,True,None,1,False,7,-2,0.24365234375,0.16218820150227603,0.284423828125,0.18940750862496222,67.0,4096.0,878.2641971525425,67,878.2641971525425,23,0,3.343964096377637,0.21441997000794494,61.13432835820893,0.955223880597015,188.3173828125,4.973802070341741,67,67.0,67.0,8.18535277187245,0.816680512436698
forest,1,4096,8192,0,1.0,True,None,1,False,8,-2,0.232421875,0.15432639998666806,0.2852783203125,0.1954355201799974,109.0,4096.0,761.9842518057706,109,761.9842518057706,21,0,3.727196028121692,0.1860313114760182,37.57798165137615,0.5871559633027523,141.7529296875,4.590570138597659,109,109.0,109.0,10.44030650891055,0.8254673937972229
forest,1,4096,8192,0,1.0,True,None,1,False,9,-2,0.217529296875,0.1434031637574778,0.2933349609375,0.20604811745770849,167.0,4096.0,678.7562154411553,167,678.7562154411553,15,0,4.067439443968405,0.1657119666604383,24.526946107784436,0.38323353293413176,112.47802734375,4.250326722750973,167,167.0,167.0,12.922847983320086,0.8379882885484389
forest,1,4096,8192,0,1.0,True,None,1,False,10,-2,0.196533203125,0.13076449991863767,0.29833984375,0.21987108178173884,239.0,4096.0,603.9023099806789,239,603.9023099806789,8,0,4.400266665432226,0.14743708739762668,17.138075313807526,0.26778242677824265,89.03759765625,3.9174995012871756,239,239.0,239.0,15.459624833740307,0.8522685344436135
forest,1,4096,8192,0,1.0,True,None,1,False,11,-2,0.17822265625,0.11769874686934688,0.3006591796875,0.23269742062905707,324.0,4096.0,546.1721340383451,324,546.1721340383451,5,0,4.696643348630326,0.13334280616170535,12.641975308641975,0.19753086419753083,72.828125,3.6211228180890265,324,324.0,324.0,18.0,0.866893398939057
forest,1,4096,8192,0,1.0,True,None,1,False,12,-2,0.15625,0.10378617427007766,0.30810546875,0.24600258553770876,412.0,4096.0,473.35187757100954,412,473.35187757100954,5,0,4.981180403132906,0.11556442323510975,9.941747572815531,0.1553398058252427,54.70263671875,3.3365857635864375,412,412.0,412.0,20.297783130184442,0.8826160666739512
forest,1,4096,8192,0,1.0,True,None,1,False,13,-2,0.135498046875,0.08951592569530203,0.31494140625,0.2599671189909723,499.0,4096.0,424.45023265395906,499,424.45023265395906,1,0,5.221344692936385,0.10362554508153297,8.208416833667332,0.1282565130260521,43.98388671875,3.0964214737829585,499,499.0,499.0,22.338307903688676,0.8987041691795822
forest,1,4096,8192,0,1.0,True,None,1,False,14,-2,0.114990234375,0.07733824140907977,0.3179931640625,0.2733215977588151,580.0,4096.0,389.15035654615554,580,389.15035654615554,0,0,5.421214827209267,0.09500741126615125,7.062068965517241,0.1103448275862069,36.97216796875,2.8965513395101032,580,580.0,580.0,24.08318915758459,0.9127027502215594
forest,1,4096,8192,0,1.0,True,None,1,False,15,-2,0.10400390625,0.06810274158617749,0.32080078125,0.2811239601848585,650.0,4096.0,362.4168870237699,650,362.4168870237699,0,0,5.585749326025109,0.08848068530853757,6.301538461538461,0.09846153846153846,32.06689453125,2.732016840694238,650,650.0,650.0,25.495097567963928,0.9228895851961312
forest,1,4096,8192,0,1.0,True,None,1,False,16,-2,0.084228515625,0.055322146913355665,0.32568359375,0.29298277551152285,739.0,4096.0,333.3706645762341,739,333.3706645762341,0,0,5.76570022176685,0.08138932240630715,5.542625169147498,0.08660351826792963,27.1328125,2.552065944952499,739,739.0,739.0,27.184554438136377,0.9372486659172243
forest,1,4096,8192,0,1.0,True,None,1,False,17,-2,0.072021484375,0.04663017089828411,0.3251953125,0.3007085175805735,805.0,4096.0,315.97784732477686,805,315.97784732477686,0,0,5.8752390802804255,0.0771430291320256,5.088198757763975,0.0795031055900621,24.37548828125,2.4425270864389104,805,805.0,805.0,28.372521918222215,0.9469670916754007
forest,1,4096,8192,0,1.0,True,None,1,False,18,-2,0.056884765625,0.03693720012877309,0.3292236328125,0.3098232979255157,873.0,4096.0,301.2673231533749,873,301.2673231533749,0,0,5.986074660807723,0.07355159256674192,4.691867124856815,0.07331042382588773,22.15869140625,2.331691505911629,873,873.0,873.0,29.546573405388315,0.9579792643647798
forest,1,4096,8192,0,1.0,True,None,1,False,19,-2,0.047119140625,0.030382137447862775,0.33349609375,0.31912650782553126,921.0,4096.0,289.4892053255181,921,289.4892053255181,0,0,6.067319705039004,0.07067607551892532,4.447339847991315,0.06948968512486428,20.4599609375,2.250446461680345,921,921.0,921.0,30.347981810987037,0.9654369328344075
forest,1,4096,8192,0,1.0,True,None,1,False,20,-2,0.03759765625,0.023970971370815868,0.3333740234375,0.3215677469970526,974.0,4096.0,276.3005609838677,974,276.3005609838677,0,0,6.1529116682720115,0.06745619164645207,4.205338809034907,0.06570841889117045,18.63818359375,2.164854498447349,974,974.0,974.0,31.208973068654473,0.9726616918834623
forest,1,4096,8192,0,1.0,True,None,1,False,21,-2,0.031005859375,0.019848782245264804,0.3385009765625,0.3277128525173513,998.0,4096.0,264.6884961610534,998,264.6884961610534,0,0,6.209340558761644,0.06462121488306968,4.104208416833666,0.06412825651302605,17.1044921875,2.108425607957717,998,998.0,998.0,31.591137997862628,0.9773865203368867
forest,1,4096,8192,0,1.0,True,None,1,False,22,-2,0.024169921875,0.015386839863127529,0.3447265625,0.33275515565007185,1021.0,4096.0,259.8576533412091,1021,259.8576533412091,0,0,6.248239615493798,0.06344180989775612,4.011753183153771,0.06268364348677768,16.48583984375,2.069526551225558,1021,1021.0,1021.0,31.953090617340916,0.9824846650298192
forest,1,4096,8192,0,1.0,True,None,1,False,23,-2,0.01953125,0.01202243262903512,0.340576171875,0.3352045263528257,1048.0,4096.0,254.43270230062802,1048,254.43270230062802,0,0,6.2886427538811756,0.06211735896011426,3.9083969465648853,0.06106870229007634,15.8046875,2.029123412838181,1048,1048.0,1048.0,32.37282811247729,0.9862266511241554
forest,1,4096,8192,0,1.0,True,None,1,False,24,-2,0.0126953125,0.00811190675874437,0.343505859375,0.33856913408661504,1072.0,4096.0,251.9285613026042,1072,251.9285613026042,0,0,6.31929908781541,0.061505996411768606,3.8208955223880583,0.05970149253731344,15.4951171875,1.998467078903955,1072,1072.0,1072.0,32.7414110874898,0.9907707783931429
forest,1,4096,8192,0,1.0,True,None,1,False,None,-2,0.0,0.0,0.3466796875,0.3466796875,1137.0,4096.0,245.71121260536728,1137,245.71121260536728,0,0,6.3915469220861425,0.059988089014982246,3.6024626209322785,0.05628847845206685,14.73974609375,1.926219244633223,1137,1137.0,1137.0,33.71943060017473,1.0
forest,1,4096,8192,0,1.0,True,None,2,False,None,-2,0.0,0.0,0.3460693359375,0.333587646484375,2276.0,4096.0,244.72637781816653,1248,243.68832553078943,0,0,6.42643211774263,0.0848528294772077,3.5992970123022854,0.05623901581722319,7.372802734375,1.964590925660452,2276,2275.0,1138.0,33.25911240936415,1.0
forest,1,4096,8192,0,1.0,True,None,3,False,None,-2,0.0,0.0,0.3431396484375,0.32899305555555425,3413.0,4096.000000000002,244.8037762962183,1294,243.60213463760945,0,0,6.432207526303161,0.10393281754746425,3.600351596835629,0.0562554937005567,4.916124131944468,1.9744421513922998,3413,3412.0,1137.666666666667,33.0866903679342,1.0
forest,1,4096,8192,0,1.0,True,None,4,False,None,-2,0.0,0.0,0.3460693359375,0.32987213134765625,4096.0,4096.000000000003,244.86092991737166,1287,243.5939243905726,0,0,6.430238828026602,0.1200422347767151,3.6080158555384263,0.056375247742787946,3.688995361328125,1.975204413812132,4541,4094.0,1135.2500000000005,33.050484113682195,1.0
forest,1,4096,8192,0,1.0,True,None,5,False,None,-2,0.0,0.0,0.34423828125,0.3261962890624991,4096.0,4096.000000000004,244.5861811304965,1339,242.8044480646926,0,0,6.440768453236558,0.13421340807408308,3.608174770965469,0.05637773079633544,2.951289062499994,1.9870119675436653,5676,4096.0,1135.2,32.93513727730245,1.0
forest,1,4096,8192,0,1.0,True,None,7,False,None,-2,0.0,0.0,0.343994140625,0.32456004862882737,4096.0,4096.000000000004,244.41967922374155,1348,242.7385424690525,0,0,6.447302897731655,0.15877626937625477,3.5947843530591768,0.05616850551654965,2.1073421556122454,1.9907521358334022,7976,4096.0,1139.4285714285718,32.913533012082034,1.0
forest,1,4096,8192,0,1.0,True,None,10,False,None,-2,0.0,0.0,0.34716796875,0.3261816406249992,4096.0,4096.000000000003,244.4072421185591,1352,242.7055829600959,0,0,6.446934819392979,0.1897841246104705,3.603730424071792,0.05630828787612177,1.4752978515624962,1.99208022343992,11366,4096.0,1136.6000000000004,32.85836622287387,1.0
forest,1,4096,8192,0,1.0,True,None,13,False,None,-2,0.0,0.0,0.34619140625,0.32334908931213135,4096.0,4096.000000000003,244.3580165181539,1357,242.6849809938802,0,0,6.450165765121855,0.21638904048646126,3.5954085077650224,0.056178257933828496,1.1348638590976252,1.9940736281436875,14810,4096.0,1139.2307692307695,32.84938014229198,1.0
forest,1,4096,8192,0,1.0,True,None,16,False,None,-2,0.0,0.0,0.3468017578125,0.32453393936157227,4096.0,4096.000000000003,244.42373235326392,1352,242.70970314348787,0,0,6.447492299348763,0.24005989002973077,3.6020666153677037,0.05628229086512037,0.9220600128173828,1.992391637681214,18194,4095.0,1137.1250000000002,32.857309958423016,1.0
forest,1,4096,8192,0,1.0,True,None,20,False,None,-2,0.0,0.0,0.3486328125,0.3236590576171869,4096.0,4096.000000000004,244.36665075251176,1357,242.6849809938802,0,0,6.449547268188625,0.2683957271025459,3.601037408237724,0.05626620950371444,0.7376513671874984,1.9943130120665142,22749,4096.0,1137.45,32.819931037318405,1.0
forest,2,4096,8192,0,1.0,True,None,1,False,1,-2,0.488525390625,0.24949805630314187,0.501220703125,0.25057985055516824,2.0,4096.0,3817.9536403680963,2,3817.9536403680963,2,2,0.25507642931390906,0.9321175879804923,2048.0,32.0,3558.78173828125,8.062689737405794,2,2.0,1.9999999999999998,1.414213562373095,0.7078123291407225
forest,2,4096,8192,0,1.0,True,None,1,False,2,-2,0.4375,0.23940352585102975,0.45849609375,0.24327661075553353,4.0,4096.0,2699.994444438729,4,2699.994444438729,4,4,0.9470188029832414,0.659178331161799,1024.0,16.0,1779.77783203125,7.370747363736424,4,4.0,4.000000000000001,2.0,0.7207567313648697
forest,2,4096,8192,0,1.0,True,None,1,False,3,-2,0.24658203125,0.183960897779321,0.27783203125,0.19987405704445008,8.0,4096.0,1932.005693573391,8,1932.005693573391,8,8,1.6020278369734422,0.47168107753256616,512.0,8.0,911.29052734375,6.71573832974554,8,8.0,8.0,2.8284271247461903,0.7944487953769519
forest,2,4096,8192,0,1.0,True,None,1,False,4,-2,0.24560546875,0.17384203888896455,0.2774658203125,0.19275158573233478,16.0,4096.0,1427.269420957375,16,1427.269420957375,14,16,2.2409271306707623,0.3484544484759216,256.0,4.0,497.33837890625,6.076839036048701,16,16.0,15.999999999999998,3.9999999999999996,0.8053500479026345
forest,2,4096,8192,0,1.0,True,None,1,False,5,-2,0.24365234375,0.1664731023660736,0.277587890625,0.18617560104720027,29.0,4096.0,1127.6861265440841,29,1127.6861265440841,18,29,2.738662655096169,0.2753139957383018,141.24137931034485,2.2068965517241375,310.4677734375,5.579103511623403,29,29.0,29.0,5.385164807134504,0.8128625414042492
forest,2,4096,8192,0,1.0,True,None,1,False,6,-2,0.23828125,0.1613129017525966,0.279052734375,0.18747384461525085,50.0,4096.0,885.8724513156508,50,885.8724513156508,28,50,3.2481132690703935,0.21627745393448505,81.92,1.2800000000000002,191.59423828125,5.069652897649025,50,50.0,50.0,7.0710678118654755,0.8182748047896682
forest,2,4096,8192,0,1.0,True,None,1,False,7,-2,0.228271484375,0.15468269964885623,0.2855224609375,0.1923512086640839,85.0,4096.0,748.0962504918735,85,748.0962504918735,30,0,3.63422801516476,0.18264068615524257,48.18823529411766,0.7529411764705882,136.6328125,4.683538151554562,85,85.0,85.0,9.219544457292887,0.8257339320546991
forest,2,4096,8192,0,1.0,True,None,1,False,8,-2,0.216796875,0.1455760680979841,0.2889404296875,0.20433326152286566,131.0,4096.0,635.8364569604357,131,635.8364569604357,22,0,4.0171384992879435,0.15523351000010638,31.267175572519083,0.4885496183206107,98.703125,4.30062766743139,131,131.0,131.0,11.445523142259598,0.8358478504075375
forest,2,4096,8192,0,1.0,True,None,1,False,9,-2,0.201416015625,0.13609190067316349,0.296142578125,0.2145393116244326,187.0,4096.0,572.5399549376446,187,572.5399549376446,6,0,4.335451266088386,0.13978026243594838,21.903743315508013,0.34224598930481287,80.02978515625,3.982314900630987,187,187.0,187.0,13.674794331177344,0.8466757840386357
forest,2,4096,8192,0,1.0,True,None,1,False,10,-2,0.183349609375,0.12434829001269554,0.301513671875,0.22547452363098208,261.0,4096.0,526.2166854063067,261,526.2166854063067,6,0,4.625812972811768,0.1284708704605241,15.69348659003831,0.24521072796934862,67.603515625,3.6919531939076284,261,261.0,261.0,16.15549442140351,0.8597390017661212
forest,2,4096,8192,0,1.0,True,None,1,False,11,-2,0.162353515625,0.11073145968661834,0.3026123046875,0.23616421025451673,348.0,4096.0,493.9271201300856,348,493.9271201300856,4,0,4.873722374393061,0.12058767581300918,11.770114942528732,0.18390804597701152,59.5615234375,3.4440437923263305,348,348.0,348.0,18.65475810617763,0.8751874560136145
forest,2,4096,8192,0,1.0,True,None,1,False,12,-2,0.140625,0.09571079529756771,0.3062744140625,0.2523127250309123,441.0,4096.0,442.849861691296,441,442.849861691296,2,0,5.137616799566781,0.10811764201447656,9.287981859410431,0.14512471655328799,47.8798828125,3.180149367152561,441,441.0,441.0,21.0,0.8919909217645029
forest,2,4096,8192,0,1.0,True,None,1,False,13,-2,0.12109375,0.08191919485213864,0.317626953125,0.265303861766186,533.0,4096.0,421.2932470382121,533,421.2932470382121,2,0,5.327950308114113,0.1028547966401885,7.684803001876175,0.12007504690431517,43.33203125,2.9898158586052483,533,533.0,533.0,23.08679276123039,0.9075632719362218
forest,2,4096,8192,0,1.0,True,None,1,False,14,-2,0.103759765625,0.06898738696161656,0.317138671875,0.27801611059417475,624.0,4096.0,395.77013530583633,624,395.77013530583633,2,0,5.506426462049575,0.09662356818990145,6.564102564102566,0.10256410256410256,38.24072265625,2.811339704669797,624,624.0,624.0,24.979991993593597,0.9218562818705979
forest,2,4096,8192,0,1.0,True,None,1,False,15,-2,0.08740234375,0.057589893274532115,0.3243408203125,0.2903651487680398,700.0,4096.0,372.70900176947697,700,372.70900176947697,2,0,5.652895820653842,0.09099340863512621,5.851428571428571,0.09142857142857141,33.9140625,2.664870346065518,700,700.0,700.0,26.45751311064591,0.9347370024355691
forest,2,4096,8192,0,1.0,True,None,1,False,16,-2,0.0732421875,0.04847908169003605,0.3265380859375,0.298808466957547,767.0,4096.0,344.5460781956457,767,344.5460781956457,1,0,5.801648157338742,0.08411769487198381,5.3402868318122545,0.0834419817470665,28.982421875,2.516118009380586,767,767.0,767.0,27.69476484825246,0.9449918660214406
forest,2,4096,8192,0,1.0,True,None,1,False,17,-2,0.064208984375,0.04175244387140703,0.332275390625,0.30395696229219427,816.0,4096.0,336.68382794544794,816,336.68382794544794,1,0,5.881714571103161,0.08219820018199413,5.019607843137253,0.0784313725490196,27.6748046875,2.4360515956161897,816,816.0,816.0,28.5657137141714,0.9525410617176107
forest,2,4096,8192,0,1.0,True,None,1,False,18,-2,0.049072265625,0.03239898879179828,0.329833984375,0.3082803734491198,882.0,4096.0,294.27877939124323,882,294.27877939124323,0,0,6.030450495706873,0.07184540512481524,4.6439909297052155,0.07256235827664399,21.142578125,2.287315671012484,882,882.0,882.0,29.698484809834998,0.9632094598174223
forest,2,4096,8192,0,1.0,True,None,1,False,19,-2,0.040771484375,0.027206575807585672,0.335205078125,0.31594109277328725,924.0,4096.0,286.34245231889736,924,286.34245231889736,0,0,6.089059515335016,0.0699078252731683,4.432900432900433,0.06926406926406926,20.017578125,2.2287066513843277,924,924.0,924.0,30.397368307141328,0.968998718177948
forest,2,4096,8192,0,1.0,True,None,1,False,20,-2,0.03076171875,0.02051382786779489,0.3402099609375,0.3255566930594579,973.0,4096.0,276.9476484825246,973,276.9476484825246,0,0,6.16260760224157,0.06761417199280385,4.209660842754368,0.06577595066803701,18.7255859375,2.155158564477776,973,973.0,973.0,31.192947920964446,0.9766686115489361
forest,2,4096,8192,0,1.0,True,None,1,False,21,-2,0.024658203125,0.016727598704575273,0.3394775390625,0.3281124843966762,1000.0,4096.0,273.80650101851126,1000,273.80650101851126,0,0,6.193815471878631,0.06684729028772247,4.096000000000002,0.064,18.30322265625,2.123950694840715,1000,1000.0,1000.0,31.622776601683796,0.981008667142167
forest,2,4096,8192,0,1.0,True,None,1,False,22,-2,0.019775390625,0.012890067797340834,0.3438720703125,0.33461626536291006,1024.0,4096.0,267.88430338487547,1024,267.88430338487547,0,0,6.240015966260646,0.06540144125607311,4.0,0.0625,17.52001953125,2.077750200458703,1024,1024.0,1024.0,32.0,0.9853508707264637
forest,2,4096,8192,0,1.0,True,None,1,False,23,-2,0.017578125,0.011420575816193202,0.3421630859375,0.3357331759789314,1040.0,4096.0,264.8848806557294,1040,264.8848806557294,0,0,6.264223910489049,0.06466916031634018,3.9384615384615387,0.06153846153846155,17.1298828125,2.053542256230297,1040,1040.0,1040.0,32.2490309931942,0.986988260732373
forest,2,4096,8192,0,1.0,True,None,1,False,24,-2,0.013671875,0.008896872983787042,0.340576171875,0.3357487589074558,1050.0,4096.0,259.0328164538231,1050,259.0328164538231,0,0,6.295315467852013,0.06324043370454666,3.9009523809523823,0.06095238095238096,16.38134765625,2.02245069886733,1050,1050.0,1050.0,32.4037034920393,0.9898705343527264
forest,2,4096,8192,0,1.0,True,None,1,False,None,-2,0.0,0.0,0.3402099609375,0.3402099609375,1120.0,4096.0,254.34228905158497,1120,254.34228905158497,0,0,6.368970848614124,0.06209528541298461,3.657142857142858,0.057142857142857134,15.79345703125,1.9487953181052173,1120,1120.0,1120.0,33.46640106136302,1.0
forest,2,4096,8192,0,1.0,True,None,2,False,None,-2,0.0,0.0,0.343505859375,0.332733154296875,2236.0,4096.000000000001,253.87792341989876,1195,253.3732424704708,0,0,6.390785764084844,0.08782956863625743,3.663685152057246,0.05724508050089445,7.899169921875,1.9749344204468802,2236,2235.0,1117.9999999999998,33.06272964700219,1.0
forest,2,4096,8192,0,1.0,True,None,3,False,None,-2,0.0,0.0,0.3441162109375,0.32816569010416524,3366.0,4096.000000000002,253.4784671985636,1256,252.34896472940008,0,0,6.406009980865086,0.10756438079555042,3.650623885918002,0.05704099821746881,5.265679253472231,1.9895995945628526,3366,3366.0,1122.0000000000005,32.93744139715886,1.0
forest,2,4096,8192,0,1.0,True,None,4,False,None,-2,0.0,0.0,0.34423828125,0.32614898681640625,4096.0,4096.000000000003,253.34240663576244,1276,251.99206336708306,0,0,6.410581974794036,0.12417761163455435,3.657142857142858,0.057142857142857134,3.947540283203125,1.9954808962368278,4480,4096.0,1120.0000000000002,32.857250944650865,1.0
forest,2,4096,8192,0,1.0,True,None,5,False,None,-2,0.0,0.0,0.343017578125,0.3264013671874995,4096.0,4096.000000000004,253.25654976722717,1273,251.8173941569565,0,0,6.411604909902259,0.13885657676366092,3.668278703206162,0.05731685473759628,3.1590234374999833,1.9990588438747674,5583,4096.0,1116.6000000000001,32.79376883736023,1.0
forest,2,4096,8192,0,1.0,True,None,7,False,None,-2,0.0,0.0,0.3421630859375,0.3245401187818876,4096.0,4096.000000000003,253.17913316343382,1299,251.62273347215668,0,0,6.416630322606825,0.16428251500302085,3.659943834567272,0.057186622415113623,2.2560387436224585,2.002389485693121,7834,4096.0,1119.1428571428573,32.75577902350984,1.0
forest,2,4096,8192,0,1.0,True,None,10,False,None,-2,0.0,0.0,0.34619140625,0.3230285644531239,4096.0,4096.000000000003,253.1000592651057,1307,251.57503850740042,0,0,6.41928316065861,0.196342498945312,3.656489912515623,0.05713265488305659,1.5790234374999923,2.005226233169883,11202,4096.0,1120.2,32.72691599295817,1.0
forest,2,4096,8192,0,1.0,True,None,13,False,None,-2,0.0,0.0,0.3427734375,0.3218929132766276,4096.0,4096.000000000003,253.10317843699875,1304,251.61875923706484,0,0,6.419365711984894,0.2238643064431661,3.652627246535877,0.05707230072712306,1.2146270571375615,2.0047670559705857,14578,4096.0,1121.3846153846155,32.74659415194521,1.0
forest,2,4096,8192,0,1.0,True,None,16,False,None,-2,0.0,0.0,0.344482421875,0.3225703239440918,4096.0,4096.000000000005,253.09408761861678,1307,251.57503850740042,0,0,6.420312801790825,0.2483578632281126,3.6526585664920295,0.057072790101437954,0.9869060516357422,2.005686560903938,17942,4096.0,1121.3750000000002,32.73300854493769,1.0
forest,2,4096,8192,0,1.0,True,None,20,False,None,-2,0.0,0.0,0.3431396484375,0.32209869384765516,4096.0,4096.000000000004,253.03135181237917,1308,251.57106351883954,0,0,6.421135650703391,0.27767172749346763,3.654858570536271,0.05710716516462924,0.7895202636718706,2.0069642828473104,22414,4096.0,1120.7,32.70864996530119,1.0
