model,rep,n_train_samples,hidden_layer_dims,n_epochs,learning_rate,batch_size,verbose,train_01_error,test_01_error,irm_l2_pen,activated_regions_pen,regions_l2_pen,irm_l2_all,activated_regions_all,regions_l2_all,n_parameters,depth,width
network,0,4096,2,1000,0.01,128,0,0.41552734375,0.4124,473.00000000000006,2,3288.984037662695,473.00000000000006,2,3288.984037662695,12,1,2
network,0,4096,2;2,1000,0.01,128,0,0.41650390625,0.41290000000000004,253.24999999999994,2,3245.159164047273,1142.5346001325302,4,2694.2000668101837,18,2,2
network,0,4096,2;2;2,1000,0.01,128,0,0.380615234375,0.38249999999999995,317.60986725506154,3,2921.0522076813354,1118.229490956326,12,2047.274773937294,24,3,2
network,0,4096,2;2;2;2;2,1000,0.01,128,0,0.5,0.5,0.0,1,4095.999999999998,636.1510355253695,10,1765.4597135024069,36,5,2
network,0,4096,2;2;2;2;2;2;2,1000,0.01,128,0,0.380859375,0.38670000000000004,70.71428571428571,2,3259.959508950993,728.391196194653,19,1891.5068067548686,48,7,2
network,0,4096,2;2;2;2;2;2;2;2;2;2;2,1000,0.01,128,0,0.5,0.5,0.0,1,4095.999999999998,1225.9718223070665,8,2160.412923494024,72,11,2
network,0,4096,2;2;2;2;2;2;2;2;2;2;2;2;2;2;2;2;2,1000,0.01,128,0,0.5,0.5,0.0,1,4095.999999999998,1973.7760523535324,8,2510.581605923217,108,17,2
network,0,4096,2;2;2;2;2;2;2;2;2;2;2;2;2;2;2;2;2;2;2;2;2;2;2;2;2,1000,0.01,128,0,0.5,0.5,0.0,1,4095.999999999998,1848.7490356454562,4,2282.0639780689758,156,25,2
network,0,4096,4,1000,0.01,128,0,0.267578125,0.27180000000000004,2223.2362813025525,9,1684.670887740392,2223.2362813025525,9,1684.670887740392,22,1,4
network,0,4096,4;4,1000,0.01,128,0,0.26513671875,0.27159999999999995,628.2489554308867,10,1588.9027660621653,1133.0984690771584,35,1270.4062342416303,42,2,4
network,0,4096,4;4;4,1000,0.01,128,0,0.263671875,0.2722,472.6306183362321,10,1888.1255254881755,1577.1978183897322,80,765.9947780500856,62,3,4
network,0,4096,4;4;4;4;4,1000,0.01,128,0,0.26611328125,0.2722,156.54858670713068,3,3072.555939279219,1196.7596051421522,101,784.6183785764899,102,5,4
network,0,4096,4;4;4;4;4;4;4,1000,0.01,128,0,0.26904296875,0.26970000000000005,146.28571428571422,1,4095.999999999998,1278.305856297661,112,732.4711598418056,142,7,4
network,0,4096,4;4;4;4;4;4;4;4;4;4;4,1000,0.01,128,0,0.5,0.5,0.0,1,4095.999999999998,2020.887171061552,35,1191.7633993373013,222,11,4
network,0,4096,4;4;4;4;4;4;4;4;4;4;4;4;4;4;4;4;4,1000,0.01,128,0,0.5,0.5,0.0,1,4095.999999999998,1771.909179976438,119,688.6218120274727,342,17,4
network,0,4096,8,1000,0.01,128,0,0.266357421875,0.2713,893.7174994090693,23,1114.6470293326045,893.7174994090693,23,1114.6470293326045,42,1,8
network,0,4096,8;8,1000,0.01,128,0,0.269775390625,0.2693,419.53901412741106,10,1799.675526310229,1032.7771892602245,57,922.7220599942325,114,2,8
network,0,4096,8;8;8,1000,0.01,128,0,0.258056640625,0.2741,286.7029016585713,24,1267.839106511548,688.0055287851171,201,672.2960657329478,186,3,8
network,0,4096,8;8;8;8;8,1000,0.01,128,0,0.258056640625,0.27669999999999995,107.50964782288146,8,2353.568354647896,805.5353736025506,356,465.6737055063341,330,5,8
network,0,4096,8;8;8;8;8;8;8,1000,0.01,128,0,0.2490234375,0.27470000000000006,60.20141046045822,3,2575.2075644499027,518.5185167073275,471,458.38193681688637,474,7,8
network,0,4096,8;8;8;8;8;8;8;8;8;8;8,1000,0.01,128,0,0.272705078125,0.27170000000000005,47.233908340380225,4,2513.789569554302,559.8315800180771,431,495.4069034642129,762,11,8
network,0,4096,16,1000,0.01,128,0,0.267333984375,0.27,474.14447626751894,36,979.6652489498645,474.14447626751894,36,979.6652489498645,82,1,16
network,0,4096,16;16,1000,0.01,128,0,0.26220703125,0.27480000000000004,118.18364119824282,22,1191.2346536262282,602.3296853092066,158,602.586093433959,354,2,16
network,0,4096,16;16;16,1000,0.01,128,0,0.252197265625,0.28280000000000005,88.95295895162792,35,1272.904552588292,386.1579144544798,481,356.8865365911132,626,3,16
network,0,4096,16;16;16;16;16,1000,0.01,128,0,0.264404296875,0.2804,40.52366785287334,9,2545.8114619900657,437.1310295909567,798,315.3093718873576,1170,5,16
network,0,4096,16;16;16;16;16;16;16,1000,0.01,128,0,0.25048828125,0.2824,42.68235002699041,5,2313.0598781700405,347.82014942447347,1122,230.78561480300283,1714,7,16
network,0,4096,32,1000,0.01,128,0,0.2705078125,0.2682,260.7762581906903,48,836.9611699475669,260.7762581906903,48,836.9611699475669,162,1,32
network,0,4096,32;32,1000,0.01,128,0,0.252197265625,0.2793,124.21333124973442,237,558.8631317236807,286.6396101610544,670,295.76003786853965,1218,2,32
network,0,4096,32;32;32,1000,0.01,128,0,0.239990234375,0.2834,49.838859260231004,68,1017.7494780150956,222.73337723625843,724,316.87221399169727,2274,3,32
network,0,4096,32;32;32;32;32,1000,0.01,128,0,0.243408203125,0.29200000000000004,25.687156323735003,14,1973.4806814357212,193.23066506606827,1230,256.60865145197266,4386,5,32
network,0,4096,64,1000,0.01,128,0,0.2705078125,0.26670000000000005,128.41527141891558,77,803.5857141587325,128.41527141891558,77,803.5857141587325,322,1,64
network,0,4096,64;64,1000,0.01,128,0,0.2509765625,0.2821,52.56285822652158,191,589.2775237526034,138.0812786519599,632,301.1179171022541,4482,2,64
network,0,4096,64;64;64,1000,0.01,128,0,0.23974609375,0.2874,23.270666055240316,83,1284.2748926923705,147.88841563766144,1065,221.55360525164107,8642,3,64
network,0,4096,128,1000,0.01,128,0,0.272216796875,0.268,67.81114900007918,95,765.6317652762326,67.81114900007918,95,765.6317652762326,642,1,128
network,0,4096,128;128,1000,0.01,128,0,0.254638671875,0.29500000000000004,22.518469456754936,157,791.381071292459,81.3019672113567,705,280.9626309671804,17154,2,128
network,0,4096,256,1000,0.01,128,0,0.26708984375,0.2672,30.15079138177415,113,726.6814983195871,30.15079138177415,113,726.6814983195871,1282,1,256
network,1,4096,2,1000,0.01,128,0,0.3212890625,0.3197,1170.2830854113888,3,2469.0172133867354,1170.2830854113888,3,2469.0172133867354,12,1,2
network,1,4096,2;2,1000,0.01,128,0,0.41064453125,0.4095,245.49999999999994,2,3265.167683289788,1117.269970732231,4,2878.9494611750315,18,2,2
network,1,4096,2;2;2,1000,0.01,128,0,0.322509765625,0.31810000000000005,729.3239830296421,4,3161.0868384149144,1861.5704913981772,8,2156.2615796790515,24,3,2
network,1,4096,2;2;2;2;2,1000,0.01,128,0,0.5,0.5,0.0,1,4095.999999999998,1155.8062726945204,7,1846.4062391575696,36,5,2
network,1,4096,2;2;2;2;2;2;2,1000,0.01,128,0,0.5,0.5,0.0,1,4095.999999999998,1311.0210053735264,6,1912.1113984284495,48,7,2
network,1,4096,2;2;2;2;2;2;2;2;2;2;2,1000,0.01,128,0,0.5,0.5,0.0,1,4095.999999999998,1798.467241687066,12,2410.382542253408,72,11,2
network,1,4096,2;2;2;2;2;2;2;2;2;2;2;2;2;2;2;2;2,1000,0.01,128,0,0.5,0.5,0.0,1,4095.999999999998,1588.0265216815544,8,2358.9925815907095,108,17,2
network,1,4096,2;2;2;2;2;2;2;2;2;2;2;2;2;2;2;2;2;2;2;2;2;2;2;2;2,1000,0.01,128,0,0.5,0.5,0.0,1,4095.999999999998,1588.323768505652,7,2641.722165557915,156,25,2
network,1,4096,4,1000,0.01,128,0,0.270751953125,0.26959999999999995,1645.7181942847933,9,1694.2355208175748,1645.7181942847933,9,1694.2355208175748,22,1,4
network,1,4096,4;4,1000,0.01,128,0,0.27197265625,0.26659999999999995,1058.954119933909,6,2656.8959332273444,1854.4659440119142,21,1460.0609576315642,42,2,4
network,1,4096,4;4;4,1000,0.01,128,0,0.273193359375,0.27059999999999995,347.81753078621875,6,2997.441242126357,1302.823240441056,43,1208.1920377158592,62,3,4
network,1,4096,4;4;4;4;4,1000,0.01,128,0,0.5,0.5,0.0,1,4095.999999999998,1117.2030321297912,84,816.349189991636,102,5,4
network,1,4096,4;4;4;4;4;4;4,1000,0.01,128,0,0.272216796875,0.2691,113.27866578685055,3,2979.4133650770923,1218.0411763967415,136,683.7294786682814,142,7,4
network,1,4096,4;4;4;4;4;4;4;4;4;4;4,1000,0.01,128,0,0.27099609375,0.2743,67.55083408774766,3,2880.5357140643127,1266.2456448327275,239,630.7614446048523,222,11,4
network,1,4096,4;4;4;4;4;4;4;4;4;4;4;4;4;4;4;4;4,1000,0.01,128,0,0.5,0.5,0.0,1,4095.999999999998,1349.9857662167728,37,1677.0062611689916,342,17,4
network,1,4096,8,1000,0.01,128,0,0.27294921875,0.2711,491.9399734723738,18,1281.6091447863503,491.9399734723738,18,1281.6091447863503,42,1,8
network,1,4096,8;8,1000,0.01,128,0,0.271240234375,0.27049999999999996,343.26495893296504,10,1958.5800979280882,1059.760551153538,64,873.040663428686,114,2,8
network,1,4096,8;8;8,1000,0.01,128,0,0.265380859375,0.2764,205.5680561138925,29,1424.8929784373277,752.5634617019942,273,465.7660356874468,186,3,8
network,1,4096,8;8;8;8;8,1000,0.01,128,0,0.266845703125,0.2734,100.03419727773093,5,2112.337567719705,740.9905815022215,531,338.69160013203754,330,5,8
network,1,4096,8;8;8;8;8;8;8,1000,0.01,128,0,0.276123046875,0.27849999999999997,72.65151742870812,3,2383.9509223136283,589.4129126789242,507,432.5991215894919,474,7,8
network,1,4096,8;8;8;8;8;8;8;8;8;8;8,1000,0.01,128,0,0.271240234375,0.27749999999999997,43.06961798996659,3,2449.9138760372784,559.9870832842914,537,361.571569678812,762,11,8
network,1,4096,16,1000,0.01,128,0,0.27392578125,0.2693,457.4797681660361,20,1092.0769203677917,457.4797681660361,20,1092.0769203677917,82,1,16
network,1,4096,16;16,1000,0.01,128,0,0.263916015625,0.26849999999999996,295.9645265510084,82,700.2585236896442,584.4558374903639,229,483.5576490967752,354,2,16
network,1,4096,16;16;16,1000,0.01,128,0,0.2578125,0.279,108.88426019427948,13,2002.5254055816617,470.04743868896384,412,374.2325480232846,626,3,16
network,1,4096,16;16;16;16;16,1000,0.01,128,0,0.255615234375,0.2843,39.52890556289156,4,2452.699737024489,335.86062701848493,843,275.91665408235144,1170,5,16
network,1,4096,16;16;16;16;16;16;16,1000,0.01,128,0,0.253173828125,0.2814,37.42974924877978,3,2370.988401489977,328.2510468541447,860,280.10355228022365,1714,7,16
network,1,4096,32,1000,0.01,128,0,0.268310546875,0.26839999999999997,241.64188742395734,49,910.6799657398859,241.64188742395734,49,910.6799657398859,162,1,32
network,1,4096,32;32,1000,0.01,128,0,0.258056640625,0.281,90.26329487861466,115,547.240349389553,278.5493580553488,465,319.1864658784893,1218,2,32
network,1,4096,32;32;32,1000,0.01,128,0,0.245849609375,0.2881,44.80348802339499,115,777.5667173947197,269.71752641202124,1015,230.51247254758255,2274,3,32
network,1,4096,32;32;32;32;32,1000,0.01,128,0,0.243408203125,0.2763,24.93289352817879,8,2404.3231895899517,203.931254118269,1173,223.77220560203628,4386,5,32
network,1,4096,64,1000,0.01,128,0,0.271240234375,0.26890000000000003,132.28552622724365,82,842.1341935819967,132.28552622724365,82,842.1341935819967,322,1,64
network,1,4096,64;64,1000,0.01,128,0,0.25244140625,0.2804,47.04516898476068,239,471.14329030561396,175.4679656176813,731,258.09300649184587,4482,2,64
network,1,4096,64;64;64,1000,0.01,128,0,0.24658203125,0.2784,20.560868043564238,113,1124.1681368905631,134.77893694317748,873,254.9039034616771,8642,3,64
network,1,4096,128,1000,0.01,128,0,0.271240234375,0.2691,63.216666020860096,94,786.5570545103515,63.216666020860096,94,786.5570545103515,642,1,128
network,1,4096,128;128,1000,0.01,128,0,0.250244140625,0.2721,20.974044745315947,121,764.345471629158,93.97925598460509,694,277.7264841530242,17154,2,128
network,1,4096,256,1000,0.01,128,0,0.268310546875,0.27090000000000003,33.14411967555306,83,745.6111587147822,33.14411967555306,83,745.6111587147822,1282,1,256
network,2,4096,2,1000,0.01,128,0,0.38037109375,0.3882,1266.1412835856825,4,2578.883091572784,1266.1412835856825,4,2578.883091572784,12,1,2
network,2,4096,2;2,1000,0.01,128,0,0.377685546875,0.3882,998.9999999999997,2,3997.2510554129576,1292.0796705311936,6,2538.8714028087356,18,2,2
network,2,4096,2;2;2,1000,0.01,128,0,0.41162109375,0.4085,186.66666666666666,2,3179.7760927461545,762.2268727587315,7,2906.8797704755516,24,3,2
network,2,4096,2;2;2;2;2,1000,0.01,128,0,0.383544921875,0.3851,409.5999999999999,1,4095.999999999998,1573.5241625091107,8,1919.5311927655666,36,5,2
network,2,4096,2;2;2;2;2;2;2,1000,0.01,128,0,0.5,0.5,0.0,1,4095.999999999998,2185.583725092167,14,1509.6343928249648,48,7,2
network,2,4096,2;2;2;2;2;2;2;2;2;2;2,1000,0.01,128,0,0.5,0.5,0.0,1,4095.999999999998,1686.077653403242,6,2330.9864864473157,72,11,2
network,2,4096,2;2;2;2;2;2;2;2;2;2;2;2;2;2;2;2;2,1000,0.01,128,0,0.5,0.5,0.0,1,4095.999999999998,1084.7512268019998,20,1675.2366996935086,108,17,2
network,2,4096,2;2;2;2;2;2;2;2;2;2;2;2;2;2;2;2;2;2;2;2;2;2;2;2;2,1000,0.01,128,0,0.5,0.5,0.0,1,4095.999999999998,1759.7802147995644,8,1942.600833933724,156,25,2
network,2,4096,4,1000,0.01,128,0,0.253173828125,0.26990000000000003,1183.5424580470274,10,1596.6959635447195,1183.5424580470274,10,1596.6959635447195,22,1,4
network,2,4096,4;4,1000,0.01,128,0,0.258544921875,0.27659999999999996,905.6053828103056,3,3508.2414398099813,1569.6108942585092,18,1574.105460253537,42,2,4
network,2,4096,4;4;4,1000,0.01,128,0,0.259033203125,0.2711,483.75773752066334,3,2931.8236645473744,1740.618432562915,39,1094.8826421128429,62,3,4
network,2,4096,4;4;4;4;4,1000,0.01,128,0,0.254150390625,0.2704,153.7882960436196,3,2795.7625077963976,1089.542906452059,114,690.4216103222725,102,5,4
network,2,4096,4;4;4;4;4;4;4,1000,0.01,128,0,0.25,0.2691,159.40415999744098,3,2395.8952397799035,1065.9557050135902,90,676.7968676050444,142,7,4
network,2,4096,4;4;4;4;4;4;4;4;4;4;4,1000,0.01,128,0,0.5,0.5,0.0,1,4095.999999999998,1415.625042462554,49,1315.8434557347616,222,11,4
network,2,4096,4;4;4;4;4;4;4;4;4;4;4;4;4;4;4;4;4,1000,0.01,128,0,0.5,0.5,0.0,1,4095.999999999998,1365.5326470834977,79,788.8650074632542,342,17,4
network,2,4096,8,1000,0.01,128,0,0.255615234375,0.26859999999999995,1497.7161571873362,23,1433.1964275702057,1497.7161571873362,23,1433.1964275702057,42,1,8
network,2,4096,8;8,1000,0.01,128,0,0.251708984375,0.2663,562.3704538324807,18,1581.3709242299858,1031.7205517362736,91,1007.2378070743772,114,2,8
network,2,4096,8;8;8,1000,0.01,128,0,0.247314453125,0.2701,212.14491165631705,34,1354.2089942102737,811.4045628312267,272,691.5287412682136,186,3,8
network,2,4096,8;8;8;8;8,1000,0.01,128,0,0.24462890625,0.2731,120.38406507922882,10,2138.6149723594476,676.3457122655542,508,616.1347255268121,330,5,8
network,2,4096,8;8;8;8;8;8;8,1000,0.01,128,0,0.244384765625,0.27090000000000003,63.91511979387434,3,2534.413936199058,685.2812281152487,514,453.4886988669067,474,7,8
network,2,4096,8;8;8;8;8;8;8;8;8;8;8,1000,0.01,128,0,0.5,0.5,0.0,1,4095.999999999998,1386.7910919350666,429,375.80580091318444,762,11,8
network,2,4096,16,1000,0.01,128,0,0.250732421875,0.2713,402.62152668480115,27,1225.975529935243,402.62152668480115,27,1225.975529935243,82,1,16
network,2,4096,16;16,1000,0.01,128,0,0.240234375,0.2714,178.8707088059699,85,948.4323908429108,424.11096697054126,276,570.1350717154664,354,2,16
network,2,4096,16;16;16,1000,0.01,128,0,0.236083984375,0.27669999999999995,71.39407035076513,39,1766.8989784365147,443.62461256675124,509,396.42401541783516,626,3,16
network,2,4096,16;16;16;16;16,1000,0.01,128,0,0.23583984375,0.27359999999999995,41.60847081725066,5,2269.487607368676,358.34494096994035,874,303.5852433831394,1170,5,16
network,2,4096,16;16;16;16;16;16;16,1000,0.01,128,0,0.24951171875,0.2704,48.220356760630146,6,2144.554965488178,313.09214510512777,659,366.23762777737625,1714,7,16
network,2,4096,32,1000,0.01,128,0,0.255615234375,0.26870000000000005,217.96532031351913,30,1188.1447723236424,217.96532031351913,30,1188.1447723236424,162,1,32
network,2,4096,32;32,1000,0.01,128,0,0.239990234375,0.27390000000000003,80.05392622173895,101,1021.9275903898479,287.9099243022351,390,447.3052648918857,1218,2,32
network,2,4096,32;32;32,1000,0.01,128,0,0.23779296875,0.27249999999999996,63.38102645026261,90,834.944309520102,200.36110548493647,704,290.7473129712466,2274,3,32
network,2,4096,32;32;32;32;32,1000,0.01,128,0,0.236328125,0.27270000000000005,25.02089751587661,8,2135.6287130491573,197.58886558884714,1012,249.110417285187,4386,5,32
network,2,4096,64,1000,0.01,128,0,0.2548828125,0.26870000000000005,115.34971452337885,43,1048.871774813299,115.34971452337885,43,1048.871774813299,322,1,64
network,2,4096,64;64,1000,0.01,128,0,0.235107421875,0.275,43.10556627339445,131,715.3544575942755,126.30007805538722,563,320.5214501402363,4482,2,64
network,2,4096,64;64;64,1000,0.01,128,0,0.232421875,0.275,19.45526329724884,111,1638.2496757210117,130.00747153175408,890,279.4208295743179,8642,3,64
network,2,4096,128,1000,0.01,128,0,0.25537109375,0.2724,65.33649753511625,52,1004.7268285459486,65.33649753511625,52,1004.7268285459486,642,1,128
network,2,4096,128;128,1000,0.01,128,0,0.23046875,0.27649999999999997,18.879103864965103,267,639.9796871776477,71.43510234076483,843,246.2072297882416,17154,2,128
network,2,4096,256,1000,0.01,128,0,0.256103515625,0.26859999999999995,37.69521939755339,65,890.5560060995602,37.69521939755339,65,890.5560060995602,1282,1,256
network,3,4096,2,1000,0.01,128,0,0.38525390625,0.3929,1035.3969045733133,4,2591.2811503192775,1035.3969045733133,4,2591.2811503192775,12,1,2
network,3,4096,2;2,1000,0.01,128,0,0.324951171875,0.32030000000000003,756.25,2,3208.9976628224586,1940.0253058916535,5,2249.8359940226755,18,2,2
network,3,4096,2;2;2,1000,0.01,128,0,0.3828125,0.385,348.0699562508153,4,2524.044769808967,1435.3029587279932,17,1827.4878932567517,24,3,2
network,3,4096,2;2;2;2;2,1000,0.01,128,0,0.5,0.5,0.0,1,4095.999999999998,855.8970966185129,5,1915.5030670818564,36,5,2
network,3,4096,2;2;2;2;2;2;2,1000,0.01,128,0,0.39501953125,0.3923,292.5714285714283,1,4095.999999999998,1938.1094735934441,14,2521.984139521896,48,7,2
network,3,4096,2;2;2;2;2;2;2;2;2;2;2,1000,0.01,128,0,0.5,0.5,0.0,1,4095.999999999998,1431.5541329398584,13,1918.7006019699897,72,11,2
network,3,4096,2;2;2;2;2;2;2;2;2;2;2;2;2;2;2;2;2,1000,0.01,128,0,0.5,0.5,0.0,1,4095.999999999998,1568.078529905808,7,1734.2877500576426,108,17,2
network,3,4096,2;2;2;2;2;2;2;2;2;2;2;2;2;2;2;2;2;2;2;2;2;2;2;2;2,1000,0.01,128,0,0.5,0.5,0.0,1,4095.999999999998,2347.456407433373,7,2222.142209670659,156,25,2
network,3,4096,4,1000,0.01,128,0,0.262451171875,0.2693,2098.0740275309627,10,1792.9841047817465,2098.0740275309627,10,1792.9841047817465,22,1,4
network,3,4096,4;4,1000,0.01,128,0,0.2587890625,0.26949999999999996,594.3124572773146,5,2558.8704539307955,1317.6668359737225,21,1233.1844955236827,42,2,4
network,3,4096,4;4;4,1000,0.01,128,0,0.262451171875,0.26849999999999996,275.43799715685157,4,3146.402072208827,1433.0506237665784,57,1129.40161147397,62,3,4
network,3,4096,4;4;4;4;4,1000,0.01,128,0,0.261474609375,0.27159999999999995,194.95000000000007,2,3903.973616714129,1293.8140225704776,111,945.0365072313344,102,5,4
network,3,4096,4;4;4;4;4;4;4,1000,0.01,128,0,0.5,0.5,0.0,1,4095.999999999998,1744.140428824233,58,1129.655699759887,142,7,4
network,3,4096,4;4;4;4;4;4;4;4;4;4;4,1000,0.01,128,0,0.5,0.5,0.0,1,4095.999999999998,2036.8057342745171,15,1863.8250990905774,222,11,4
network,3,4096,4;4;4;4;4;4;4;4;4;4;4;4;4;4;4;4;4,1000,0.01,128,0,0.5,0.5,0.0,1,4095.999999999998,1736.5325076388597,38,1493.6606040195345,342,17,4
network,3,4096,8,1000,0.01,128,0,0.260009765625,0.2722,1279.771506705395,26,978.3210107117194,1279.771506705395,26,978.3210107117194,42,1,8
network,3,4096,8;8,1000,0.01,128,0,0.255615234375,0.27080000000000004,557.2138804747683,26,1337.3907432011033,859.9184100105076,93,728.8497787610283,114,2,8
network,3,4096,8;8;8,1000,0.01,128,0,0.250732421875,0.2743,278.4009274210286,18,1511.4813925417675,659.3581264297034,147,736.1005366116777,186,3,8
network,3,4096,8;8;8;8;8,1000,0.01,128,0,0.243896484375,0.27349999999999997,106.34825163113874,17,1527.6256085834643,543.4049778940192,597,489.50791617705227,330,5,8
network,3,4096,8;8;8;8;8;8;8,1000,0.01,128,0,0.254638671875,0.2701,59.87600655282786,3,2589.114520449028,485.00396885868213,557,550.7685539316856,474,7,8
network,3,4096,8;8;8;8;8;8;8;8;8;8;8,1000,0.01,128,0,0.255859375,0.2732,40.48568132762476,3,2493.7217166315895,441.5246103379641,549,523.8148527867456,762,11,8
network,3,4096,16,1000,0.01,128,0,0.259765625,0.2691,953.7862603690352,70,706.8366147844918,953.7862603690352,70,706.8366147844918,82,1,16
network,3,4096,16;16,1000,0.01,128,0,0.25634765625,0.2744,214.0153620544855,64,883.4183606876189,522.6761319088406,234,472.5145500405252,354,2,16
network,3,4096,16;16;16,1000,0.01,128,0,0.246826171875,0.27680000000000005,92.11681376639243,22,1368.8045879525685,484.50710250570353,394,405.74869069412904,626,3,16
network,3,4096,16;16;16;16;16,1000,0.01,128,0,0.247314453125,0.27780000000000005,33.3182452831778,9,2483.0670550752347,369.99660323609737,937,306.6039791000763,1170,5,16
network,3,4096,16;16;16;16;16;16;16,1000,0.01,128,0,0.25341796875,0.27359999999999995,29.57933032584596,4,2662.964513469904,331.403510227636,903,286.70193581488076,1714,7,16
network,3,4096,32,1000,0.01,128,0,0.2607421875,0.27070000000000005,371.92792953154895,60,719.9319412277803,371.92792953154895,60,719.9319412277803,162,1,32
network,3,4096,32;32,1000,0.01,128,0,0.242431640625,0.2784,103.47459800183144,209,607.6001974983221,256.7183657939911,527,331.25518863860833,1218,2,32
network,3,4096,32;32;32,1000,0.01,128,0,0.2353515625,0.27959999999999996,47.49823987053217,77,1219.127556902886,238.72427212853455,821,302.65491900843114,2274,3,32
network,3,4096,32;32;32;32;32,1000,0.01,128,0,0.234375,0.27890000000000004,21.150975154824412,7,2460.9798861429163,209.30438081446124,1154,243.35570673399053,4386,5,32
network,3,4096,64,1000,0.01,128,0,0.257568359375,0.27080000000000004,114.76580582014347,101,611.5848264958836,114.76580582014347,101,611.5848264958836,322,1,64
network,3,4096,64;64,1000,0.01,128,0,0.243408203125,0.279,40.00700088270686,179,591.3239382944005,153.31171870819819,606,329.4267748681033,4482,2,64
network,3,4096,64;64;64,1000,0.01,128,0,0.23291015625,0.2781,21.442933516346546,47,1528.7216882088119,154.96427233356016,841,296.1722471805892,8642,3,64
network,3,4096,128,1000,0.01,128,0,0.259765625,0.26980000000000004,63.95433465674332,113,663.1726773623895,63.95433465674332,113,663.1726773623895,642,1,128
network,3,4096,128;128,1000,0.01,128,0,0.229736328125,0.2784,17.660037014361905,181,932.0214589804251,101.80334761236006,875,284.45737817817275,17154,2,128
network,3,4096,256,1000,0.01,128,0,0.262451171875,0.2703,36.27622742104423,138,560.1660468111219,36.27622742104423,138,560.1660468111219,1282,1,256
network,4,4096,2,1000,0.01,128,0,0.3193359375,0.31899999999999995,1048.0708468419489,3,2387.0429405438017,1048.0708468419489,3,2387.0429405438017,12,1,2
network,4,4096,2;2,1000,0.01,128,0,0.412109375,0.41069999999999995,217.75000000000003,2,3340.548757315181,729.052295792284,4,2421.008880611552,18,2,2
network,4,4096,2;2;2,1000,0.01,128,0,0.321044921875,0.3175,472.83333333333326,2,3103.8121721521743,1467.617655703738,7,2258.5513055939196,24,3,2
network,4,4096,2;2;2;2;2,1000,0.01,128,0,0.378173828125,0.3879,331.98400563882586,3,3322.0809743291925,1430.0736169862025,24,2121.652657717563,36,5,2
network,4,4096,2;2;2;2;2;2;2,1000,0.01,128,0,0.37841796875,0.38460000000000005,288.8571428571428,2,4044.3343086347336,790.4606832959716,18,1821.047500753344,48,7,2
network,4,4096,2;2;2;2;2;2;2;2;2;2;2,1000,0.01,128,0,0.5,0.5,0.0,1,4095.999999999998,1444.3264780535637,8,1986.3826418895223,72,11,2
network,4,4096,2;2;2;2;2;2;2;2;2;2;2;2;2;2;2;2;2,1000,0.01,128,0,0.5,0.5,0.0,1,4095.999999999998,1756.6440869159835,7,2338.3832021291973,108,17,2
network,4,4096,2;2;2;2;2;2;2;2;2;2;2;2;2;2;2;2;2;2;2;2;2;2;2;2;2,1000,0.01,128,0,0.5,0.5,0.0,1,4095.999999999998,1744.007897803217,11,1946.351458498696,156,25,2
network,4,4096,4,1000,0.01,128,0,0.269775390625,0.26890000000000003,1992.0536984479113,10,1753.7023692747864,1992.0536984479113,10,1753.7023692747864,22,1,4
network,4,4096,4;4,1000,0.01,128,0,0.27001953125,0.26959999999999995,748.0087315666844,7,1868.1830745406087,1673.7581777246085,28,1194.4806402784434,42,2,4
network,4,4096,4;4;4,1000,0.01,128,0,0.26708984375,0.2712,408.53207748392686,5,2868.3918839656476,1852.3101979540136,52,1120.1874843078724,62,3,4
network,4,4096,4;4;4;4;4,1000,0.01,128,0,0.5,0.5,0.0,1,4095.999999999998,378.0417238877213,19,1626.378799665072,102,5,4
network,4,4096,4;4;4;4;4;4;4,1000,0.01,128,0,0.26171875,0.2711,172.24672325901994,3,2701.180482677898,1474.72361774147,127,860.9982578379588,142,7,4
network,4,4096,4;4;4;4;4;4;4;4;4;4;4,1000,0.01,128,0,0.264892578125,0.269,66.44040935957402,3,2896.572111997214,1000.4885689249963,170,635.2621506118555,222,11,4
network,4,4096,4;4;4;4;4;4;4;4;4;4;4;4;4;4;4;4;4,1000,0.01,128,0,0.5,0.5,0.0,1,4095.999999999998,1326.8048619342053,81,805.0279498253461,342,17,4
network,4,4096,8,1000,0.01,128,0,0.2646484375,0.2693,596.4700458740573,18,1138.305758572801,596.4700458740573,18,1138.305758572801,42,1,8
network,4,4096,8;8,1000,0.01,128,0,0.263916015625,0.26890000000000003,512.886333045637,17,1347.790042996312,1044.1866021723563,76,877.6719204805404,114,2,8
network,4,4096,8;8;8,1000,0.01,128,0,0.259765625,0.2711,264.5089856171661,37,1183.1001648212211,853.7775597471383,246,634.4604006555492,186,3,8
network,4,4096,8;8;8;8;8,1000,0.01,128,0,0.2607421875,0.27070000000000005,90.0198276770179,9,2100.000952380737,730.9142883231932,401,419.7808952298806,330,5,8
network,4,4096,8;8;8;8;8;8;8,1000,0.01,128,0,0.38232421875,0.38639999999999997,104.8919679299825,3,2752.305578964662,499.0250012268819,149,1045.486489630545,474,7,8
network,4,4096,8;8;8;8;8;8;8;8;8;8;8,1000,0.01,128,0,0.25390625,0.2762,32.099384423566455,3,2827.875174048529,648.6912715858078,671,410.91604982039826,762,11,8
network,4,4096,16,1000,0.01,128,0,0.26171875,0.2691,517.2906619167311,44,938.375191487925,517.2906619167311,44,938.375191487925,82,1,16
network,4,4096,16;16,1000,0.01,128,0,0.259765625,0.2703,206.12538612380442,30,1384.969313739478,471.6292716974582,188,499.8859870010361,354,2,16
network,4,4096,16;16;16,1000,0.01,128,0,0.24951171875,0.2752,67.52653477934108,18,1510.4462916634936,520.2973946756314,538,384.7596652457219,626,3,16
network,4,4096,16;16;16;16;16,1000,0.01,128,0,0.259033203125,0.281,43.06948963593603,9,2419.9462803954966,388.2372774396475,631,417.5452071333115,1170,5,16
network,4,4096,16;16;16;16;16;16;16,1000,0.01,128,0,0.26220703125,0.2761,30.669418017474875,3,2651.0571476299788,288.7359512385453,596,431.07075985271837,1714,7,16
network,4,4096,32,1000,0.01,128,0,0.26513671875,0.26880000000000004,275.12701257214826,58,800.5860353516042,275.12701257214826,58,800.5860353516042,162,1,32
network,4,4096,32;32,1000,0.01,128,0,0.260009765625,0.27669999999999995,95.09178337598368,137,822.2870545010422,225.66108123463454,379,419.2851058647326,1218,2,32
network,4,4096,32;32;32,1000,0.01,128,0,0.236083984375,0.29000000000000004,40.964436642586016,68,1357.4719149949287,248.6570372161584,824,283.64414324995323,2274,3,32
network,4,4096,32;32;32;32;32,1000,0.01,128,0,0.250244140625,0.2761,18.001326991016523,9,2646.10506216212,187.47159263972495,917,342.26305672683986,4386,5,32
network,4,4096,64,1000,0.01,128,0,0.26220703125,0.26949999999999996,122.9897774270793,59,852.936105461599,122.9897774270793,59,852.936105461599,322,1,64
network,4,4096,64;64,1000,0.01,128,0,0.259521484375,0.27080000000000004,26.924536468851233,89,826.8337196800819,136.47467700412017,400,353.88981336003445,4482,2,64
network,4,4096,64;64;64,1000,0.01,128,0,0.23583984375,0.28769999999999996,23.179962368001043,200,1270.7934529261631,122.67239521305929,1046,247.12345093090622,8642,3,64
network,4,4096,128,1000,0.01,128,0,0.26318359375,0.2721,62.63678878718408,73,796.9805518329792,62.63678878718408,73,796.9805518329792,642,1,128
network,4,4096,128;128,1000,0.01,128,0,0.246337890625,0.28080000000000005,27.115370768425407,208,691.3436193384589,87.17937577656211,782,279.86067962470185,17154,2,128
network,4,4096,256,1000,0.01,128,0,0.26513671875,0.271,26.638001325625474,91,714.9153796079645,26.638001325625474,91,714.9153796079645,1282,1,256
