model,rep,n_train_samples,n_test_samples,save_path,n_estimators,bootstrap,max_depth,n_jobs,train_01_error,train_mse,test_01_error,test_mse,IRM_L1,IRM_L2,n_regions,ACTS_L2,IRM_h*,ACTS_h*,entropy,IRM_rows_mean_L2,IRM_cols_mean_L1,IRM_cols_mean_L2,n_total_leaves
forest,0,10000,10000,/mnt/ssd3/ronan/pytorch,2,False,None,-2,0.0,0.0,0.24570000000000003,0.32883608369791073,20000.000000000007,1647.3627408679608,4971,552.2789150420284,3086,4971,68852.54443877786,0.145044131215296,6.01142170123234,0.06011421701232342,3327
forest,0,10000,10000,/mnt/ssd3/ronan/pytorch,3,False,None,-2,0.0,0.0,0.16610000000000003,0.31106843663744305,30000.00000000001,2302.6358808982372,6671,333.0345327439784,4117,6671,109607.42698274778,0.18510191787229002,6.293266205160479,0.06293266205160478,4767
forest,0,10000,10000,/mnt/ssd3/ronan/pytorch,4,False,None,-2,0.0,0.0,0.13539999999999996,0.306411301484702,40000.00000000003,3274.6627307251047,7582,352.6216102283012,5131,7582,151780.93485583292,0.22674143864763668,6.142506142506143,0.06142506142506142,6512
forest,0,10000,10000,/mnt/ssd3/ronan/pytorch,5,False,None,-2,0.0,0.0,0.11750000000000005,0.30595078960533045,50000.00000000004,3532.7770945815428,8436,216.8501786948768,5964,8436,190505.49798739702,0.2366560795754041,6.096817461285209,0.06096817461285208,8201
forest,0,10000,10000,/mnt/ssd3/ronan/pytorch,7,False,None,-2,0.0,0.0,0.0938,0.28758637715766017,70000.0000000001,5257.261454407609,8807,186.9438418349211,6972,8807,285897.784820944,0.30126257650096533,6.260060812019318,0.06260060812019316,11182
forest,0,10000,10000,/mnt/ssd3/ronan/pytorch,10,False,None,-2,0.0,0.0,0.07569999999999999,0.28566619342877114,100000.00000000015,7139.681505501488,9307,147.01700581905482,7831,9307,422586.3720797538,0.35109480201222004,6.282590940503863,0.06282590940503864,15917
forest,0,10000,10000,/mnt/ssd3/ronan/pytorch,13,False,None,-2,0.0,0.0,0.06910000000000005,0.28571933390696397,130000.00000000025,9268.663226161581,9640,118.28778466096996,8578,9640,564471.897991142,0.40240653573221197,6.197263669733519,0.06197263669733517,20977
forest,0,10000,10000,/mnt/ssd3/ronan/pytorch,16,False,None,-2,0.0,0.0,0.0615,0.2818235358862632,160000.00000000023,10906.484218115387,9705,115.35163631262454,8887,9705,714385.1044287881,0.43842337985102936,6.1885975090895045,0.06188597509089502,25854
forest,0,10000,10000,/mnt/ssd3/ronan/pytorch,20,False,None,-2,0.0,0.0,0.05820000000000003,0.2784892089292014,200000.0000000004,13649.869962750561,9832,104.94760597555334,9158,9832,924640.3906978464,0.4931789330456037,6.206746733699532,0.0620674673369953,32223
forest,1,10000,10000,/mnt/ssd3/ronan/pytorch,2,False,None,-2,0.0,0.0,0.2368,0.3255972625752768,20000.000000000004,1928.1135858657296,4831,737.0237445293062,2980,4831,71613.88946105768,0.1622101723074111,6.216972334473111,0.06216972334473113,3217
forest,1,10000,10000,/mnt/ssd3/ronan/pytorch,3,False,None,-2,0.0,0.0,0.16369999999999996,0.3098707217169669,30000.00000000001,2588.2592605842256,6570,464.03879148191913,4176,6570,111040.79362907643,0.19728897587042213,6.150061500615007,0.061500615006150054,4878
forest,1,10000,10000,/mnt/ssd3/ronan/pytorch,4,False,None,-2,0.0,0.0,0.132,0.3047635794101109,40000.00000000003,3018.3677708324412,7762,296.24314338056837,5031,7762,151051.656913223,0.21625762414305766,6.252931061435047,0.06252931061435046,6397
forest,1,10000,10000,/mnt/ssd3/ronan/pytorch,5,False,None,-2,0.0,0.0,0.11780000000000002,0.3024380676158151,50000.00000000006,3979.2680231419454,8349,347.154144437309,5967,8349,192194.62717969908,0.25021019163894986,6.142506142506143,0.06142506142506142,8140
forest,1,10000,10000,/mnt/ssd3/ronan/pytorch,7,False,None,-2,0.0,0.0,0.0968,0.29540325899875736,70000.0000000001,5343.463857836041,8836,232.70582287514853,6934,8836,282707.0608788045,0.29588149654887175,6.235524674861928,0.062355246748619274,11226
forest,1,10000,10000,/mnt/ssd3/ronan/pytorch,10,False,None,-2,0.0,0.0,0.0817,0.29114515839038174,100000.00000000016,7465.22310450264,9351,162.35762994081924,7879,9351,422280.4107365231,0.3589988300816592,6.228589224540643,0.062285892245406434,16055
forest,1,10000,10000,/mnt/ssd3/ronan/pytorch,13,False,None,-2,0.0,0.0,0.06810000000000005,0.28479368886489154,130000.00000000016,9124.19706056374,9610,114.33284742365161,8465,9610,568134.6988085541,0.4023126644787608,6.2242650579335415,0.06224265057933543,20886
forest,1,10000,10000,/mnt/ssd3/ronan/pytorch,16,False,None,-2,0.0,0.0,0.06720000000000004,0.28272493343600325,160000.00000000026,10792.14612577128,9758,108.59097568398582,8906,9758,713772.4106148435,0.43906876454605603,6.1633281972265,0.061633281972265024,25960
forest,1,10000,10000,/mnt/ssd3/ronan/pytorch,20,False,None,-2,0.0,0.0,0.06040000000000001,0.2789534857254396,200000.00000000035,13982.227075827372,9847,103.23759005323593,9152,9847,927776.2463020029,0.5004729962745242,6.202896752783552,0.06202896752783551,32243
forest,2,10000,10000,/mnt/ssd3/ronan/pytorch,2,False,None,-2,0.0,0.0,0.2389,0.32799634883303713,20000.000000000004,1697.40920228447,4906,556.7243483089275,3050,4906,70045.77082032958,0.15037666042308562,6.09942055504727,0.0609942055504727,3279
forest,2,10000,10000,/mnt/ssd3/ronan/pytorch,3,False,None,-2,0.0,0.0,0.16259999999999997,0.31304796689014314,30000.000000000015,2619.0498277046963,6666,541.5717865620402,4216,6666,109746.86988336765,0.19350705413498498,6.098800569221388,0.06098800569221386,4919
forest,2,10000,10000,/mnt/ssd3/ronan/pytorch,4,False,None,-2,0.0,0.0,0.12860000000000005,0.2971081797849881,40000.00000000003,3143.351078069391,7509,296.08106997915286,5000,7509,153830.13347631088,0.22475524465515817,6.351222610352492,0.06351222610352494,6298
forest,2,10000,10000,/mnt/ssd3/ronan/pytorch,5,False,None,-2,0.0,0.0,0.1099,0.29592543034783236,50000.00000000006,3866.6528160671473,8277,234.0299126180241,5759,8277,196021.00566579425,0.2544720809833566,6.364562118126273,0.06364562118126274,7856
forest,2,10000,10000,/mnt/ssd3/ronan/pytorch,7,False,None,-2,0.0,0.0,0.09799999999999998,0.29762914658489575,70000.00000000009,4669.394179120029,9112,136.22040963086258,7061,9112,276746.56537916075,0.28044946068766113,6.155469574393244,0.06155469574393247,11372
forest,2,10000,10000,/mnt/ssd3/ronan/pytorch,10,False,None,-2,0.0,0.0,0.08009999999999995,0.28829411148825274,100000.00000000016,6719.391936775231,9515,133.49906366712838,7923,9515,419852.18551590067,0.34428424303182975,6.191567085629373,0.061915670856293716,16151
forest,2,10000,10000,/mnt/ssd3/ronan/pytorch,13,False,None,-2,0.0,0.0,0.06910000000000005,0.2836241618855798,130000.00000000022,8988.497872280997,9547,121.74563647211345,8468,9547,565455.6598750725,0.39696022470771547,6.191950464396287,0.06191950464396285,20995
forest,2,10000,10000,/mnt/ssd3/ronan/pytorch,16,False,None,-2,0.0,0.0,0.0625,0.28167832277004373,160000.00000000026,11356.424965630687,9678,114.51637437502114,8873,9678,721061.8303931108,0.4502253213669795,6.248047485160888,0.062480474851608875,25608
forest,2,10000,10000,/mnt/ssd3/ronan/pytorch,20,False,None,-2,0.0,0.0,0.05940000000000001,0.2812149903394178,200000.0000000003,13744.278518714607,9850,109.50799057603056,9213,9850,920792.7969593577,0.49348308988252065,6.115085916957133,0.06115085916957134,32706
forest,0,10000,10000,/mnt/ssd3/ronan/pytorch,1,False,1,-2,0.7959,0.9258176933574097,0.7939,0.9250198198000334,10000.0,7337.710269559571,2,7337.710269559571,2,2,85561.20918447636,0.7337710269559571,5000.0,50.0,2
forest,0,10000,10000,/mnt/ssd3/ronan/pytorch,1,False,2,-2,0.7325999999999999,0.8955718564052457,0.7612,0.9018029258742055,10000.0,5305.52334836065,4,5305.52334836065,4,4,78889.31767659057,0.530552334836065,2500.0,25.0,4
forest,0,10000,10000,/mnt/ssd3/ronan/pytorch,1,False,3,-2,0.5869,0.8212228891171095,0.5992999999999999,0.8310617500790457,10000.0,3999.2181735934337,8,3999.2181735934337,8,8,72913.24293410566,0.3999218173593434,1250.0,12.5,8
forest,0,10000,10000,/mnt/ssd3/ronan/pytorch,1,False,4,-2,0.5468,0.7792370533124356,0.5726,0.8021565627665351,10000.0,3822.775431541853,16,3822.775431541853,16,16,70571.21023685244,0.38227754315418533,625.0,6.25,16
forest,0,10000,10000,/mnt/ssd3/ronan/pytorch,1,False,5,-2,0.3808,0.6145871019412388,0.394,0.6242625019598765,10000.0,2365.9087049165696,32,2365.9087049165696,32,32,61011.4344179343,0.23659087049165695,312.5,3.125,32
forest,0,10000,10000,/mnt/ssd3/ronan/pytorch,1,False,6,-2,0.33320000000000005,0.5493574353768325,0.34919999999999995,0.5627314590011169,10000.0,2015.7995932135714,63,2015.7995932135714,63,63,56249.77789290672,0.20157995932135714,158.73015873015873,1.587301587301587,63
forest,0,10000,10000,/mnt/ssd3/ronan/pytorch,1,False,7,-2,0.3157,0.5042451369898768,0.33940000000000003,0.529234078661542,10000.0,1736.2257917678794,113,1736.2257917678794,113,113,53115.61910885111,0.17362257917678794,88.49557522123894,0.8849557522123895,113
forest,0,10000,10000,/mnt/ssd3/ronan/pytorch,1,False,8,-2,0.21930000000000005,0.3790402035503908,0.26549999999999996,0.43884085094019665,10000.0,1666.644533186366,234,1666.644533186366,234,234,48574.95044732312,0.16666445331863658,42.73504273504273,0.4273504273504274,234
forest,0,10000,10000,/mnt/ssd3/ronan/pytorch,1,False,9,-2,0.18389999999999995,0.31657046276730577,0.2672,0.42709855912760447,10000.0,1517.9532272109045,424,1517.9532272109045,424,424,44825.99301521796,0.15179532272109045,23.58490566037736,0.23584905660377356,424
forest,0,10000,10000,/mnt/ssd3/ronan/pytorch,1,False,10,-2,0.1472,0.25615235413739945,0.27480000000000004,0.415122648239985,10000.0,1431.9315626104483,663,1431.9315626104483,663,663,42007.315091263925,0.1431931562610448,15.082956259426853,0.15082956259426847,663
forest,0,10000,10000,/mnt/ssd3/ronan/pytorch,1,False,11,-2,0.07840000000000003,0.14638644422641392,0.24680000000000002,0.3700353837456757,10000.0,1351.5531806037081,874,1351.5531806037081,874,874,39908.528024816274,0.13515531806037082,11.441647597254004,0.11441647597254007,874
forest,0,10000,10000,/mnt/ssd3/ronan/pytorch,1,False,12,-2,0.06469999999999998,0.11999128114118329,0.2623,0.38630485908600676,10000.0,1392.63706686272,1119,1392.63706686272,1119,1119,38373.42566798909,0.139263706686272,8.936550491510275,0.08936550491510277,1119
forest,0,10000,10000,/mnt/ssd3/ronan/pytorch,1,False,13,-2,0.027599999999999958,0.05321273534138927,0.23519999999999996,0.33984003257405876,10000.0,1385.4912486190592,1271,1385.4912486190592,1271,1271,37938.02061418113,0.13854912486190593,7.8678206136900055,0.07867820613690008,1271
forest,0,10000,10000,/mnt/ssd3/ronan/pytorch,1,False,14,-2,0.014399999999999968,0.028339797809196404,0.24780000000000002,0.3555896787529564,10000.0,1380.1978119095827,1530,1380.1978119095827,1530,1530,36187.52506557386,0.13801978119095829,6.5359477124183005,0.065359477124183,1530
forest,0,10000,10000,/mnt/ssd3/ronan/pytorch,1,False,15,-2,0.010000000000000009,0.01947105735754576,0.23099999999999998,0.3317393455254137,10000.0,1186.2579820595518,1499,1186.2579820595518,1499,1499,34988.29648699857,0.11862579820595519,6.6711140760506975,0.06671114076050698,1499
forest,0,10000,10000,/mnt/ssd3/ronan/pytorch,1,False,16,-2,0.009499999999999953,0.020161034031478235,0.23160000000000003,0.33341373399631213,10000.0,1360.130140832119,1481,1360.130140832119,1481,1481,37042.48827029309,0.1360130140832119,6.752194463200539,0.0675219446320054,1481
forest,0,10000,10000,/mnt/ssd3/ronan/pytorch,1,False,17,-2,0.0018000000000000238,0.0039592867009107064,0.24,0.34048147329696365,10000.0,1128.424565489426,1555,1128.424565489426,1555,1555,34965.90003568855,0.11284245654894261,6.430868167202572,0.06430868167202572,1555
forest,0,10000,10000,/mnt/ssd3/ronan/pytorch,1,False,18,-2,0.0014999999999999458,0.003577440983547818,0.25029999999999997,0.35517278206771796,10000.0,1209.1592120146959,1594,1209.1592120146959,1594,1594,34596.534603388696,0.12091592120146957,6.273525721455457,0.06273525721455457,1594
forest,0,10000,10000,/mnt/ssd3/ronan/pytorch,1,False,19,-2,0.0010000000000000009,0.0022367588217440397,0.23650000000000004,0.3349925413358958,10000.0,1214.8967034279087,1595,1214.8967034279087,1595,1595,34586.56909541561,0.12148967034279087,6.269592476489029,0.06269592476489028,1595
forest,0,10000,10000,/mnt/ssd3/ronan/pytorch,1,False,20,-2,0.0017000000000000348,0.003880283918001222,0.23460000000000003,0.3331967197222356,10000.0,1122.2468534150587,1559,1122.2468534150587,1559,1559,34938.54393107349,0.11222468534150586,6.414368184733803,0.06414368184733803,1559
forest,0,10000,10000,/mnt/ssd3/ronan/pytorch,1,False,21,-2,0.00039999999999995595,0.0008414570696119915,0.22950000000000004,0.32501834005135577,10000.0,1111.6645177390524,1567,1111.6645177390524,1567,1567,34694.157235946215,0.11116645177390523,6.3816209317166575,0.06381620931716656,1567
forest,0,10000,10000,/mnt/ssd3/ronan/pytorch,1,False,22,-2,0.0,0.0,0.24239999999999995,0.34280536751923835,10000.0,1064.1278118722394,1579,1064.1278118722394,1579,1579,34157.90824653067,0.10641278118722393,6.333122229259024,0.06333122229259026,1579
forest,0,10000,10000,/mnt/ssd3/ronan/pytorch,1,False,23,-2,0.0009000000000000119,0.0017910517102138932,0.24960000000000004,0.3534188737871475,10000.0,1171.2881797405794,1650,1171.2881797405794,1650,1650,33881.669401567466,0.11712881797405794,6.060606060606062,0.060606060606060594,1650
forest,0,10000,10000,/mnt/ssd3/ronan/pytorch,1,False,24,-2,0.0,0.0,0.24939999999999996,0.35270486245585,10000.0,1006.5942578814962,1623,1006.5942578814962,1623,1623,33556.09034182542,0.10065942578814961,6.161429451632778,0.061614294516327786,1623
forest,0,10000,10000,/mnt/ssd3/ronan/pytorch,1,False,25,-2,0.0010999999999999899,0.0027091360634166244,0.2502,0.3550646118991884,10000.0,1165.921952791009,1596,1165.921952791009,1596,1596,34926.27772389023,0.1165921952791009,6.265664160401002,0.06265664160401004,1596
forest,0,10000,10000,/mnt/ssd3/ronan/pytorch,1,False,26,-2,0.0,0.0,0.24639999999999995,0.34846222176873065,10000.0,1028.2130129501377,1722,1028.2130129501377,1722,1722,33322.91556888019,0.10282130129501377,5.807200929152151,0.05807200929152148,1722
forest,0,10000,10000,/mnt/ssd3/ronan/pytorch,1,False,27,-2,0.0004999999999999449,0.001242774914801262,0.23860000000000003,0.3378933494467535,10000.0,1236.2936544365177,1633,1236.2936544365177,1633,1633,34400.28997202513,0.12362936544365179,6.123698714023269,0.0612369871402327,1633
forest,0,10000,10000,/mnt/ssd3/ronan/pytorch,1,False,28,-2,0.0,0.0,0.24309999999999998,0.34379531701289945,10000.0,1139.2313197941846,1578,1139.2313197941846,1578,1578,34889.85984088999,0.11392313197941847,6.337135614702153,0.06337135614702155,1578
forest,0,10000,10000,/mnt/ssd3/ronan/pytorch,1,False,29,-2,0.0,0.0,0.22929999999999995,0.3242791698521507,10000.0,1066.1003705092687,1559,1066.1003705092687,1559,1559,34898.79317401783,0.10661003705092686,6.414368184733803,0.06414368184733803,1559
forest,0,10000,10000,/mnt/ssd3/ronan/pytorch,1,False,30,-2,0.0,0.0,0.2429,0.34351247430042486,10000.0,1024.5545373478174,1616,1024.5545373478174,1616,1616,33888.29634271386,0.10245545373478172,6.188118811881188,0.06188118811881188,1616
forest,0,10000,10000,/mnt/ssd3/ronan/pytorch,1,False,31,-2,0.0,0.0,0.2339,0.33078455223906694,10000.0,1142.885821068754,1624,1142.885821068754,1624,1624,34285.9811846194,0.1142885821068754,6.1576354679802945,0.061576354679802964,1624
forest,0,10000,10000,/mnt/ssd3/ronan/pytorch,1,False,32,-2,0.0,0.0,0.23260000000000003,0.3289460746079819,10000.0,1087.955881458435,1622,1087.955881458435,1622,1622,34283.17399846818,0.10879558814584349,6.165228113440195,0.061652281134401965,1622
forest,0,10000,10000,/mnt/ssd3/ronan/pytorch,1,False,33,-2,0.0,0.0,0.23929999999999996,0.3384213054758817,10000.0,1061.5168392446726,1627,1061.5168392446726,1627,1627,33828.711015727866,0.10615168392446725,6.146281499692686,0.061462814996926865,1627
forest,0,10000,10000,/mnt/ssd3/ronan/pytorch,1,False,34,-2,0.0,0.0,0.23970000000000002,0.3389869909008309,10000.0,1060.7346510791472,1639,1060.7346510791472,1639,1639,33299.24585544474,0.10607346510791472,6.101281269066504,0.061012812690665046,1639
forest,0,10000,10000,/mnt/ssd3/ronan/pytorch,1,False,35,-2,0.0,0.0,0.24919999999999998,0.35242201974337534,10000.0,1003.7260582449775,1679,1003.7260582449775,1679,1679,32761.90686595475,0.10037260582449775,5.955926146515784,0.059559261465157845,1679
forest,0,10000,10000,/mnt/ssd3/ronan/pytorch,1,False,36,-2,0.0,0.0,0.23519999999999996,0.33262302987015196,10000.0,1136.4594141455295,1636,1136.4594141455295,1636,1636,34001.125241518435,0.11364594141455293,6.112469437652812,0.06112469437652812,1636
forest,0,10000,10000,/mnt/ssd3/ronan/pytorch,1,False,37,-2,0.0,0.0,0.23760000000000003,0.3360171424198474,10000.0,1146.6342049668674,1582,1146.6342049668674,1582,1582,34900.04635527457,0.11466342049668674,6.321112515802784,0.06321112515802782,1582
forest,0,10000,10000,/mnt/ssd3/ronan/pytorch,1,False,38,-2,0.0,0.0,0.24529999999999996,0.34690658685012027,10000.0,1153.494690061467,1622,1153.494690061467,1622,1622,34410.30760214323,0.1153494690061467,6.165228113440195,0.061652281134401965,1622
forest,0,10000,10000,/mnt/ssd3/ronan/pytorch,1,False,39,-2,0.0,0.0,0.235,0.33234018715767744,10000.0,1061.2907236002773,1637,1061.2907236002773,1637,1637,33643.400292972685,0.10612907236002772,6.10873549175321,0.06108735491753208,1637
forest,0,10000,10000,/mnt/ssd3/ronan/pytorch,1,False,None,-2,0.0,0.0,0.23319999999999996,0.3297946027454058,10000.0,1124.5434629217316,1520,1124.5434629217316,1520,1520,34993.51264656698,0.11245434629217316,6.578947368421055,0.06578947368421052,1520
forest,1,10000,10000,/mnt/ssd3/ronan/pytorch,1,False,1,-2,0.8167,0.9283408217406802,0.8228,0.9278687370749829,10000.0,7097.655387520586,2,7097.655387520586,2,2,85209.65056127726,0.7097655387520586,5000.0,50.0,2
forest,1,10000,10000,/mnt/ssd3/ronan/pytorch,1,False,2,-2,0.7111000000000001,0.8826594981301139,0.7139,0.881216641556548,10000.0,5828.332008387992,4,5828.332008387992,4,4,80325.6812409834,0.5828332008387992,2500.0,25.0,4
forest,1,10000,10000,/mnt/ssd3/ronan/pytorch,1,False,3,-2,0.5308999999999999,0.7962971007081528,0.5589,0.8095452424234031,10000.0,3779.5385961781103,8,3779.5385961781103,8,8,71967.37782171158,0.377953859617811,1250.0,12.5,8
forest,1,10000,10000,/mnt/ssd3/ronan/pytorch,1,False,4,-2,0.48560000000000003,0.7243858719708002,0.503,0.7344831924886871,10000.0,3116.6241351821686,16,3116.6241351821686,16,16,66849.25189016515,0.3116624135182169,625.0,6.25,16
forest,1,10000,10000,/mnt/ssd3/ronan/pytorch,1,False,5,-2,0.42979999999999996,0.6553449824318323,0.4597,0.6831637321506666,10000.0,2680.5999328508533,32,2680.5999328508533,32,32,63033.175566345715,0.26805999328508534,312.5,3.125,32
forest,1,10000,10000,/mnt/ssd3/ronan/pytorch,1,False,6,-2,0.39670000000000005,0.6106151140863869,0.40800000000000003,0.6301740292402599,10000.0,2365.5713897492083,64,2365.5713897492083,64,64,58636.82017599358,0.2365571389749208,156.25,1.5625,64
forest,1,10000,10000,/mnt/ssd3/ronan/pytorch,1,False,7,-2,0.27090000000000003,0.4583530717251836,0.3197,0.5072318731356845,10000.0,1720.0947648312867,127,1720.0947648312867,127,127,50942.919172791626,0.17200947648312873,78.74015748031496,0.7874015748031495,127
forest,1,10000,10000,/mnt/ssd3/ronan/pytorch,1,False,8,-2,0.24609999999999999,0.416716903287425,0.3064,0.4821594872921776,10000.0,1583.7796563916334,217,1583.7796563916334,217,217,48559.794026157455,0.15837796563916334,46.08294930875575,0.46082949308755766,217
forest,1,10000,10000,/mnt/ssd3/ronan/pytorch,1,False,9,-2,0.17290000000000005,0.30527895202208005,0.27180000000000004,0.41885723853430173,10000.0,1372.3381507485683,429,1372.3381507485683,429,429,43351.21197663239,0.13723381507485682,23.31002331002331,0.23310023310023315,429
forest,1,10000,10000,/mnt/ssd3/ronan/pytorch,1,False,10,-2,0.11860000000000004,0.21291661532311937,0.23909999999999998,0.3671776107453923,10000.0,1320.6710415542548,638,1320.6710415542548,638,638,41590.00650648723,0.13206710415542547,15.673981191222573,0.1567398119122257,638
forest,1,10000,10000,/mnt/ssd3/ronan/pytorch,1,False,11,-2,0.07509999999999994,0.13819279363761885,0.2339,0.35327786182702803,10000.0,1456.844535288512,888,1456.844535288512,888,888,40520.750831828715,0.14568445352885118,11.26126126126126,0.11261261261261261,888
forest,1,10000,10000,/mnt/ssd3/ronan/pytorch,1,False,12,-2,0.04749999999999999,0.08847199253741786,0.24329999999999996,0.35908954580085883,10000.0,1370.4984494701189,1193,1370.4984494701189,1193,1193,38273.808209564726,0.1370498449470119,8.382229673093045,0.08382229673093042,1193
forest,1,10000,10000,/mnt/ssd3/ronan/pytorch,1,False,13,-2,0.04820000000000002,0.08551656295915336,0.24150000000000005,0.35452463231175896,10000.0,1217.9055792630231,1262,1217.9055792630231,1262,1262,36049.94038717927,0.12179055792630233,7.9239302694136295,0.07923930269413629,1262
forest,1,10000,10000,/mnt/ssd3/ronan/pytorch,1,False,14,-2,0.014900000000000024,0.029362257193069695,0.23570000000000002,0.3377974153089706,10000.0,1134.118159628881,1411,1134.118159628881,1411,1411,35279.93325029891,0.11341181596288809,7.0871722182849055,0.07087172218284907,1411
forest,1,10000,10000,/mnt/ssd3/ronan/pytorch,1,False,15,-2,0.010700000000000043,0.022148620411302927,0.23070000000000002,0.3322664733479099,10000.0,1250.4959016326284,1432,1250.4959016326284,1432,1432,36947.39087615117,0.12504959016326284,6.983240223463685,0.06983240223463688,1432
forest,1,10000,10000,/mnt/ssd3/ronan/pytorch,1,False,16,-2,0.006800000000000028,0.013423292770392902,0.2318,0.33219727238805835,10000.0,1066.1894765940995,1556,1066.1894765940995,1556,1556,34025.205281115486,0.10661894765940995,6.4267352185089965,0.06426735218508997,1556
forest,1,10000,10000,/mnt/ssd3/ronan/pytorch,1,False,17,-2,0.010199999999999987,0.020431542206869116,0.2368,0.3390785942742761,10000.0,1242.8797206487843,1526,1242.8797206487843,1526,1526,35000.18580321431,0.1242879720648784,6.553079947575359,0.06553079947575362,1526
forest,1,10000,10000,/mnt/ssd3/ronan/pytorch,1,False,18,-2,0.0020999999999999908,0.00447366784289804,0.238,0.3370214939349983,10000.0,1145.247571488366,1515,1145.247571488366,1515,1515,35164.05586373338,0.1145247571488366,6.600660066006601,0.06600660066006601,1515
forest,1,10000,10000,/mnt/ssd3/ronan/pytorch,1,False,19,-2,0.0010999999999999899,0.0027281528255822963,0.24339999999999995,0.3456788771928861,10000.0,1153.6585283349661,1546,1153.6585283349661,1546,1546,35401.7947378309,0.11536585283349661,6.46830530401035,0.06468305304010348,1546
forest,1,10000,10000,/mnt/ssd3/ronan/pytorch,1,False,20,-2,0.0009000000000000119,0.001757261886854318,0.24039999999999995,0.3404269323348042,10000.0,961.5643504207089,1605,961.5643504207089,1605,1605,33222.64624258059,0.0961564350420709,6.230529595015577,0.06230529595015576,1605
forest,1,10000,10000,/mnt/ssd3/ronan/pytorch,1,False,21,-2,9.999999999998899e-05,0.00026516504294495536,0.23950000000000005,0.33881021420553425,10000.0,1148.9934725663154,1624,1148.9934725663154,1624,1624,34311.957770152956,0.11489934725663153,6.1576354679802945,0.061576354679802964,1624
forest,1,10000,10000,/mnt/ssd3/ronan/pytorch,1,False,22,-2,9.999999999998899e-05,0.00027926242497494007,0.2471,0.3495112460061365,10000.0,1014.5974571227744,1641,1014.5974571227744,1641,1641,33268.13194122379,0.10145974571227744,6.093845216331506,0.060938452163315046,1641
forest,1,10000,10000,/mnt/ssd3/ronan/pytorch,1,False,23,-2,0.0004999999999999449,0.0012666015640352712,0.244,0.345605760688613,10000.0,1191.8850615726333,1655,1191.8850615726333,1655,1655,34117.09951833153,0.11918850615726334,6.0422960725075505,0.060422960725075525,1655
forest,1,10000,10000,/mnt/ssd3/ronan/pytorch,1,False,24,-2,0.0007000000000000339,0.0015232880655358173,0.23829999999999996,0.33742735932775997,10000.0,1215.2538829396926,1580,1215.2538829396926,1580,1580,35176.62040801987,0.12152538829396926,6.329113924050633,0.06329113924050632,1580
forest,1,10000,10000,/mnt/ssd3/ronan/pytorch,1,False,25,-2,0.0,0.0,0.2531,0.35793745263663035,10000.0,1069.396091258987,1645,1069.396091258987,1645,1645,33702.99570762437,0.10693960912589871,6.079027355623101,0.060790273556231005,1645
forest,1,10000,10000,/mnt/ssd3/ronan/pytorch,1,False,26,-2,9.999999999998899e-05,0.0002545584412271571,0.22999999999999998,0.32529740361705933,10000.0,1081.7800146055574,1612,1081.7800146055574,1612,1612,34456.09819736867,0.10817800146055574,6.20347394540943,0.0620347394540943,1612
forest,1,10000,10000,/mnt/ssd3/ronan/pytorch,1,False,27,-2,0.0,0.0,0.24170000000000003,0.3418154180255771,10000.0,1310.3411769459128,1604,1310.3411769459128,1604,1604,35826.26461302964,0.13103411769459128,6.234413965087282,0.06234413965087283,1604
forest,1,10000,10000,/mnt/ssd3/ronan/pytorch,1,False,28,-2,0.0,0.0,0.23839999999999995,0.3371485132697459,10000.0,1072.115665401826,1604,1072.115665401826,1604,1604,34310.96028461637,0.10721156654018259,6.234413965087282,0.06234413965087283,1604
forest,1,10000,10000,/mnt/ssd3/ronan/pytorch,1,False,29,-2,0.0,0.0,0.23870000000000002,0.33757277733845786,10000.0,1085.016128912377,1574,1085.016128912377,1574,1574,34333.30188019988,0.1085016128912377,6.353240152477765,0.06353240152477763,1574
forest,1,10000,10000,/mnt/ssd3/ronan/pytorch,1,False,30,-2,0.0,0.0,0.23750000000000004,0.33587572106361013,10000.0,1051.7290525605918,1634,1051.7290525605918,1634,1634,33722.78344200771,0.10517290525605917,6.119951040391674,0.06119951040391676,1634
forest,1,10000,10000,/mnt/ssd3/ronan/pytorch,1,False,31,-2,0.0,0.0,0.23460000000000003,0.33177450173272816,10000.0,1114.7268723772654,1608,1114.7268723772654,1608,1608,34043.178324041524,0.11147268723772655,6.218905472636815,0.06218905472636817,1608
forest,1,10000,10000,/mnt/ssd3/ronan/pytorch,1,False,32,-2,0.0,0.0,0.244,0.3450681092190352,10000.0,1147.7856942826913,1620,1147.7856942826913,1620,1620,34268.33867098684,0.11477856942826914,6.17283950617284,0.0617283950617284,1620
forest,1,10000,10000,/mnt/ssd3/ronan/pytorch,1,False,33,-2,0.0,0.0,0.23709999999999998,0.3353100356386609,10000.0,1244.544093232538,1592,1244.544093232538,1592,1592,34966.79698933776,0.12445440932325379,6.281407035175879,0.0628140703517588,1592
forest,1,10000,10000,/mnt/ssd3/ronan/pytorch,1,False,34,-2,0.0,0.0,0.24409999999999998,0.3452095305752726,10000.0,1144.260459860429,1666,1144.260459860429,1666,1666,33918.98425087398,0.11442604598604288,6.002400960384153,0.06002400960384152,1666
forest,1,10000,10000,/mnt/ssd3/ronan/pytorch,1,False,35,-2,0.0,0.0,0.23070000000000002,0.32625906883947303,10000.0,1067.7696380774273,1626,1067.7696380774273,1626,1626,33752.21715863164,0.10677696380774272,6.150061500615007,0.061500615006150054,1626
forest,1,10000,10000,/mnt/ssd3/ronan/pytorch,1,False,36,-2,0.0,0.0,0.2369,0.3350271929261862,10000.0,1163.8066849782226,1618,1163.8066849782226,1618,1618,34302.96487652248,0.11638066849782228,6.180469715698392,0.06180469715698393,1618
forest,1,10000,10000,/mnt/ssd3/ronan/pytorch,1,False,37,-2,0.0,0.0,0.23509999999999998,0.3324816085139147,10000.0,1245.0333328871159,1565,1245.0333328871159,1565,1565,35266.43750369071,0.12450333328871158,6.3897763578274756,0.06389776357827477,1565
forest,1,10000,10000,/mnt/ssd3/ronan/pytorch,1,False,38,-2,0.0,0.0,0.24009999999999998,0.3395526763257802,10000.0,1045.2033295010115,1653,1045.2033295010115,1653,1653,33983.19572562378,0.10452033295010114,6.049606775559591,0.06049606775559589,1653
forest,1,10000,10000,/mnt/ssd3/ronan/pytorch,1,False,39,-2,0.0,0.0,0.24750000000000005,0.35001785668734103,10000.0,1001.7864043796961,1614,1001.7864043796961,1614,1614,33183.772147860735,0.1001786404379696,6.195786864931845,0.06195786864931845,1614
forest,1,10000,10000,/mnt/ssd3/ronan/pytorch,1,False,None,-2,0.0,0.0,0.24370000000000003,0.3446438451503233,10000.0,1075.0088371729787,1651,1075.0088371729787,1651,1651,33780.75066098162,0.10750088371729788,6.0569351907934585,0.060569351907934575,1651
forest,2,10000,10000,/mnt/ssd3/ronan/pytorch,1,False,1,-2,0.8139000000000001,0.926725183804538,0.8240000000000001,0.9305337360910516,10000.0,7071.1867462258415,2,7071.1867462258415,2,2,85172.10011510542,0.7071186746225842,5000.0,50.0,2
forest,2,10000,10000,/mnt/ssd3/ronan/pytorch,1,False,2,-2,0.6912,0.8903019044452938,0.6848000000000001,0.8872220996549504,10000.0,5140.857710538194,4,5140.857710538194,4,4,78521.27892051655,0.5140857710538194,2500.0,25.0,4
forest,2,10000,10000,/mnt/ssd3/ronan/pytorch,1,False,3,-2,0.6056,0.8289703767939626,0.6072,0.8293692982592001,10000.0,4354.403977584074,8,4354.403977584074,8,8,73622.64280972628,0.4354403977584073,1250.0,12.5,8
forest,2,10000,10000,/mnt/ssd3/ronan/pytorch,1,False,4,-2,0.4786,0.7348822270101453,0.49839999999999995,0.7474052036249493,10000.0,2942.5529731850197,16,2942.5529731850197,16,16,66184.97969327612,0.294255297318502,625.0,6.25,16
forest,2,10000,10000,/mnt/ssd3/ronan/pytorch,1,False,5,-2,0.4031,0.6551620472861402,0.42989999999999995,0.675793848716487,10000.0,2284.7345578863205,32,2284.7345578863205,32,32,60613.23151552718,0.22847345578863204,312.5,3.125,32
forest,2,10000,10000,/mnt/ssd3/ronan/pytorch,1,False,6,-2,0.34219999999999995,0.5508353988725487,0.3732,0.5764133525446316,10000.0,2022.9908551449262,63,2022.9908551449262,63,63,56477.10291219216,0.2022990855144926,158.73015873015873,1.587301587301587,63
forest,2,10000,10000,/mnt/ssd3/ronan/pytorch,1,False,7,-2,0.30479999999999996,0.49988825172492113,0.3468,0.5395349462030696,10000.0,1466.074350092791,123,1466.074350092791,123,123,49845.66306447469,0.1466074350092791,81.30081300813009,0.813008130081301,123
forest,2,10000,10000,/mnt/ssd3/ronan/pytorch,1,False,8,-2,0.24609999999999999,0.4150767296512405,0.3116,0.483852888348349,10000.0,1575.2669615020814,221,1575.2669615020814,221,221,49008.45716392015,0.15752669615020815,45.24886877828054,0.4524886877828055,221
forest,2,10000,10000,/mnt/ssd3/ronan/pytorch,1,False,9,-2,0.1846,0.3158136696278131,0.26759999999999995,0.4161616368599579,10000.0,1468.9125229229955,409,1468.9125229229955,409,409,45312.850361250305,0.14689125229229955,24.449877750611247,0.24449877750611249,409
forest,2,10000,10000,/mnt/ssd3/ronan/pytorch,1,False,10,-2,0.129,0.23327775361552658,0.24860000000000004,0.3873437656439324,10000.0,1469.1684722998925,655,1469.1684722998925,655,655,41923.73850839208,0.14691684722998924,15.267175572519083,0.15267175572519084,655
forest,2,10000,10000,/mnt/ssd3/ronan/pytorch,1,False,11,-2,0.0867,0.15687117554102575,0.22909999999999997,0.34532567655545665,10000.0,1312.0297252730213,865,1312.0297252730213,865,865,38875.78000767863,0.13120297252730215,11.560693641618496,0.115606936416185,865
forest,2,10000,10000,/mnt/ssd3/ronan/pytorch,1,False,12,-2,0.056499999999999995,0.10383415602502787,0.23640000000000005,0.3491969192962191,10000.0,1236.3009342389093,1095,1236.3009342389093,1095,1095,38189.43281754557,0.12363009342389093,9.132420091324203,0.091324200913242,1095
forest,2,10000,10000,/mnt/ssd3/ronan/pytorch,1,False,13,-2,0.03700000000000003,0.07184972092415645,0.24250000000000005,0.354030603947576,10000.0,1275.0725469556623,1245,1275.0725469556623,1245,1245,37000.561374032106,0.12750725469556623,8.032128514056225,0.08032128514056225,1245
forest,2,10000,10000,/mnt/ssd3/ronan/pytorch,1,False,14,-2,0.026800000000000046,0.05155597371518529,0.24750000000000005,0.3581312236330477,10000.0,1151.367013597315,1363,1151.367013597315,1363,1363,36271.38350874167,0.11513670135973152,7.336757153338226,0.07336757153338225,1363
forest,2,10000,10000,/mnt/ssd3/ronan/pytorch,1,False,15,-2,0.012700000000000045,0.02529489463378347,0.2309,0.3317208783898071,10000.0,1275.4073858967572,1406,1275.4073858967572,1406,1406,36624.3179874281,0.12754073858967574,7.112375533428164,0.07112375533428164,1406
forest,2,10000,10000,/mnt/ssd3/ronan/pytorch,1,False,16,-2,0.012800000000000034,0.024875663940215863,0.2509,0.3573303156545187,10000.0,1235.8438412679816,1505,1235.8438412679816,1505,1505,35254.46125492916,0.12358438412679816,6.64451827242525,0.0664451827242525,1505
forest,2,10000,10000,/mnt/ssd3/ronan/pytorch,1,False,17,-2,0.0030999999999999917,0.0061340354304147025,0.24329999999999996,0.34504046169983665,10000.0,1264.871534978948,1602,1264.871534978948,1602,1602,34837.3956905742,0.1264871534978948,6.242197253433208,0.06242197253433207,1602
forest,2,10000,10000,/mnt/ssd3/ronan/pytorch,1,False,18,-2,0.0049000000000000155,0.011265394244350043,0.23519999999999996,0.3366557675844203,10000.0,1211.5494211958503,1601,1211.5494211958503,1601,1601,34930.50432776,0.12115494211958502,6.246096189881326,0.06246096189881323,1601
forest,2,10000,10000,/mnt/ssd3/ronan/pytorch,1,False,19,-2,0.0007000000000000339,0.001622873161664951,0.23850000000000005,0.3377068787579295,10000.0,1139.8350757894757,1570,1139.8350757894757,1570,1570,35311.14099725732,0.11398350757894757,6.369426751592356,0.06369426751592357,1570
forest,2,10000,10000,/mnt/ssd3/ronan/pytorch,1,False,20,-2,0.0010000000000000009,0.0024835624650761255,0.24480000000000002,0.3472067285326924,10000.0,1050.047617967871,1625,1050.047617967871,1625,1625,33809.99176078152,0.10500476179678711,6.153846153846154,0.061538461538461535,1625
forest,2,10000,10000,/mnt/ssd3/ronan/pytorch,1,False,21,-2,0.0017000000000000348,0.004081051261336598,0.2348,0.33369297468701936,10000.0,1304.6923008893707,1605,1304.6923008893707,1605,1605,35417.43259703562,0.13046923008893704,6.230529595015577,0.06230529595015576,1605
forest,2,10000,10000,/mnt/ssd3/ronan/pytorch,1,False,22,-2,9.999999999998899e-05,0.00023570226039551585,0.243,0.3437010361087412,10000.0,1068.9583715000317,1650,1068.9583715000317,1650,1650,33680.34540109283,0.10689583715000318,6.060606060606062,0.060606060606060594,1650
forest,2,10000,10000,/mnt/ssd3/ronan/pytorch,1,False,23,-2,0.0,0.0,0.2338,0.33064313088282965,10000.0,1141.9115552441003,1569,1141.9115552441003,1569,1569,34140.62572039338,0.11419115552441005,6.373486297004459,0.0637348629700446,1569
forest,2,10000,10000,/mnt/ssd3/ronan/pytorch,1,False,24,-2,9.999999999998899e-05,0.00021213203435596425,0.23850000000000005,0.33743881958448485,10000.0,1097.601931485181,1617,1097.601931485181,1617,1617,34382.06012128446,0.1097601931485181,6.184291898577614,0.061842918985776124,1617
forest,2,10000,10000,/mnt/ssd3/ronan/pytorch,1,False,25,-2,0.00029999999999996696,0.0007673455661078887,0.25139999999999996,0.3559578506836398,10000.0,1019.3900136846545,1650,1019.3900136846545,1650,1650,33525.70115391268,0.10193900136846544,6.060606060606062,0.060606060606060594,1650
forest,2,10000,10000,/mnt/ssd3/ronan/pytorch,1,False,26,-2,0.0,0.0,0.24009999999999998,0.3395526763257802,10000.0,1020.5518115215905,1619,1020.5518115215905,1619,1619,33603.51512605904,0.10205518115215904,6.176652254478073,0.061766522544780746,1619
forest,2,10000,10000,/mnt/ssd3/ronan/pytorch,1,False,27,-2,0.0,0.0,0.2379,0.3364414064885593,10000.0,1198.1226982241844,1539,1198.1226982241844,1539,1539,35384.279460209444,0.11981226982241844,6.49772579597141,0.06497725795971411,1539
forest,2,10000,10000,/mnt/ssd3/ronan/pytorch,1,False,28,-2,9.999999999998899e-05,0.00023570226039551585,0.22740000000000005,0.32194571747423517,10000.0,1136.3758181165244,1628,1136.3758181165244,1628,1628,34328.25443744687,0.11363758181165243,6.142506142506143,0.06142506142506142,1628
forest,2,10000,10000,/mnt/ssd3/ronan/pytorch,1,False,29,-2,0.0,0.0,0.22199999999999998,0.3139554108468271,10000.0,1025.8693873978305,1551,1025.8693873978305,1551,1551,33988.22594818267,0.10258693873978304,6.447453255963895,0.06447453255963893,1551
forest,2,10000,10000,/mnt/ssd3/ronan/pytorch,1,False,30,-2,0.0,0.0,0.23660000000000003,0.33460292885747434,10000.0,1138.828345274212,1555,1138.828345274212,1555,1555,34976.172217493135,0.1138828345274212,6.430868167202572,0.06430868167202572,1555
forest,2,10000,10000,/mnt/ssd3/ronan/pytorch,1,False,31,-2,0.0,0.0,0.2389,0.33785562005093245,10000.0,1083.790570174884,1585,1083.790570174884,1585,1585,34406.20018078151,0.10837905701748839,6.309148264984227,0.06309148264984227,1585
forest,2,10000,10000,/mnt/ssd3/ronan/pytorch,1,False,32,-2,0.0,0.0,0.24009999999999998,0.3395526763257801,10000.0,1134.172826336445,1585,1134.172826336445,1585,1585,34754.667317193125,0.1134172826336445,6.309148264984227,0.06309148264984227,1585
forest,2,10000,10000,/mnt/ssd3/ronan/pytorch,1,False,33,-2,0.0,0.0,0.23260000000000003,0.3289460746079819,10000.0,1009.6127970662812,1609,1009.6127970662812,1609,1609,33691.958039498124,0.10096127970662812,6.215040397762586,0.06215040397762584,1609
forest,2,10000,10000,/mnt/ssd3/ronan/pytorch,1,False,34,-2,0.0,0.0,0.24839999999999995,0.35129064889347683,10000.0,1060.3999245567684,1628,1060.3999245567684,1628,1628,33908.186557810746,0.10603999245567683,6.142506142506143,0.06142506142506142,1628
forest,2,10000,10000,/mnt/ssd3/ronan/pytorch,1,False,35,-2,0.0,0.0,0.23860000000000003,0.3374313559822205,10000.0,1062.7304455975654,1653,1062.7304455975654,1653,1653,33341.25256077201,0.10627304455975656,6.049606775559591,0.06049606775559589,1653
forest,2,10000,10000,/mnt/ssd3/ronan/pytorch,1,False,36,-2,0.0,0.0,0.25349999999999995,0.35850313806157963,10000.0,1101.9219573091373,1654,1101.9219573091373,1654,1654,33637.29040093441,0.11019219573091371,6.045949214026601,0.06045949214026601,1654
forest,2,10000,10000,/mnt/ssd3/ronan/pytorch,1,False,37,-2,0.0,0.0,0.24009999999999998,0.3395526763257802,10000.0,1092.5850081343785,1655,1092.5850081343785,1655,1655,33609.10061534336,0.10925850081343785,6.0422960725075505,0.060422960725075525,1655
forest,2,10000,10000,/mnt/ssd3/ronan/pytorch,1,False,38,-2,0.0,0.0,0.24139999999999995,0.3413911539568652,10000.0,1044.2700800080408,1671,1044.2700800080408,1671,1671,33128.73374155132,0.10442700800080408,5.9844404548174746,0.059844404548174746,1671
forest,2,10000,10000,/mnt/ssd3/ronan/pytorch,1,False,39,-2,0.0,0.0,0.23199999999999998,0.32809754647055805,10000.0,1131.416810905689,1604,1131.416810905689,1604,1604,34622.08373264708,0.11314168109056892,6.234413965087282,0.06234413965087283,1604
forest,2,10000,10000,/mnt/ssd3/ronan/pytorch,1,False,None,-2,0.0,0.0,0.24719999999999998,0.3495935926186292,10000.0,1165.096562521751,1639,1165.096562521751,1639,1639,34087.36939373862,0.11650965625217508,6.101281269066504,0.061012812690665046,1639
