model,rep,n_train_samples,n_test_samples,save_path,onehot,shuffle_label_frac,n_estimators,splitter,bootstrap,max_depth,n_jobs,train_01_error,train_mse,test_01_error,test_mse,IRM_L0,IRM_L1,IRM_L2,n_regions,ACTS_L2,IRM_h*,ACTS_h*,IRM_entropy,IRM_rows_mean_L2,IRM_cols_mean_L1,IRM_cols_mean_L2,IRM_mean_dot_product,IRM_mean_sim_entropy,n_total_leaves
forest,0,10000,10000,/mnt/ssd3/ronan/pytorch,True,None,1,random,False,1,-2,0.8012,0.0861833770056604,0.8021,0.08616591388184967,2.0,10000.0,7333.945186596366,2,7333.945186596366,2,2,0.6547865808246542,0.7333945186596366,5000.0,50.0,5378.675200000053,8.555553791150786,2
forest,0,10000,10000,/mnt/ssd3/ronan/pytorch,True,None,1,random,False,2,-2,0.6564,0.0789350811744944,0.6693,0.07985437524222433,4.0,10000.0,5160.055038466159,4,5160.055038466159,4,4,1.3562628430969084,0.5160055038466159,2500.0,25.0,2662.6167999999943,7.854077528879058,4
forest,0,10000,10000,/mnt/ssd3/ronan/pytorch,True,None,1,random,False,3,-2,0.5764,0.07035481663981347,0.5778,0.070328585015465,8.0,10000.0,4083.443154985753,8,4083.443154985753,8,8,1.929291099175226,0.4083443154985753,1250.0,12.5,1667.4508000000656,7.28104927280048,8
forest,0,10000,10000,/mnt/ssd3/ronan/pytorch,True,None,1,random,False,4,-2,0.42689999999999995,0.05800799697200607,0.4376,0.05900940240881576,16.0,10000.0,2961.892638162295,16,2961.892638162295,16,16,2.56797972122888,0.2961892638162295,625.0,6.25,877.2808,6.642360650747215,16
forest,0,10000,10000,/mnt/ssd3/ronan/pytorch,True,None,1,random,False,5,-2,0.33599999999999997,0.04820562251366622,0.3519,0.05026964876809862,32.0,10000.0,2391.3234829273933,32,2391.3234829273933,32,32,3.111760730618358,0.23913234829273936,312.5,3.125,571.8428000000087,6.098579641357775,32
forest,0,10000,10000,/mnt/ssd3/ronan/pytorch,True,None,1,random,False,6,-2,0.264,0.03809590457929029,0.2894,0.04149582945185027,64.0,10000.0,2141.8870184956068,64,2141.8870184956068,63,64,3.498749027102587,0.21418870184956068,156.25,1.5625,458.7679999999902,5.711591344873436,64
forest,0,10000,10000,/mnt/ssd3/ronan/pytorch,True,None,1,random,False,7,-2,0.20940000000000003,0.030129964451697366,0.25139999999999996,0.036341994233504524,124.0,10000.0,1867.789067319969,124,1867.789067319969,17,0,3.8975138087248693,0.18677890673199693,80.64516129032255,0.8064516129032259,348.8636000000115,5.312826563251326,124
forest,0,10000,10000,/mnt/ssd3/ronan/pytorch,True,None,1,random,False,8,-2,0.15390000000000004,0.02257115050400092,0.20879999999999999,0.03214111612933865,243.0,10000.0,1746.460420393202,243,1746.460420393202,17,0,4.20470041079088,0.17464604203932022,41.152263374485614,0.41152263374485604,305.0123999999907,5.00563996118512,243
forest,0,10000,10000,/mnt/ssd3/ronan/pytorch,True,None,1,random,False,9,-2,0.11280000000000001,0.017331431819191105,0.2016,0.03373908723202499,401.0,10000.0,1848.207780526854,401,1848.207780526854,9,0,4.361125264817726,0.18482077805268543,24.93765586034913,0.2493765586034913,341.5871999999943,4.849215107158452,401
forest,0,10000,10000,/mnt/ssd3/ronan/pytorch,True,None,1,random,False,10,-2,0.0837,0.012561869759425007,0.1945,0.033523655584389675,574.0,10000.0,1734.2306651653926,574,1734.2306651653926,9,0,4.570013036105042,0.17342306651653924,17.421602787456443,0.17421602787456447,300.75560000000706,4.640327335871289,574
forest,0,10000,10000,/mnt/ssd3/ronan/pytorch,True,None,1,random,False,11,-2,0.06030000000000002,0.008988103427599804,0.19669999999999999,0.03545332206690563,745.0,10000.0,1643.685493030829,745,1643.685493030829,11,0,4.756543785983658,0.16436854930308292,13.422818791946309,0.13422818791946312,270.1702000000007,4.4537965859924835,745
forest,0,10000,10000,/mnt/ssd3/ronan/pytorch,True,None,1,random,False,12,-2,0.028900000000000037,0.004530594920851285,0.20079999999999998,0.03835551545363054,940.0,10000.0,1661.44996915345,940,1661.44996915345,10,0,4.891748239603265,0.16614499691534498,10.638297872340425,0.10638297872340426,276.0416000000122,4.318592132372736,940
forest,0,10000,10000,/mnt/ssd3/ronan/pytorch,True,None,1,random,False,13,-2,0.02080000000000004,0.0033749677808285576,0.18720000000000003,0.03625392134854874,963.0,10000.0,1615.6311460231261,963,1615.6311460231261,11,0,4.853580840383092,0.16156311460231262,10.384215991692624,0.10384215991692627,261.0264000000058,4.356759531592855,963
forest,0,10000,10000,/mnt/ssd3/ronan/pytorch,True,None,1,random,False,14,-2,0.012399999999999967,0.002094922161597568,0.18730000000000002,0.036963857495469404,1099.0,10000.0,1614.2366617073224,1099,1614.2366617073224,10,0,4.977670695008186,0.16142366617073223,9.09918107370337,0.09099181073703369,260.57600000000906,4.232669676967805,1099
forest,0,10000,10000,/mnt/ssd3/ronan/pytorch,True,None,1,random,False,15,-2,0.009099999999999997,0.0014592954537075442,0.19269999999999998,0.03814991799787572,1097.0,10000.0,1634.3200420970184,1097,1634.3200420970184,10,0,4.9791129870737025,0.16343200420970183,9.11577028258888,0.09115770282588881,267.1001999999997,4.231227384902367,1097
forest,0,10000,10000,/mnt/ssd3/ronan/pytorch,True,None,1,random,False,16,-2,0.0040000000000000036,0.0006943845058383292,0.19630000000000003,0.03903057561568786,1171.0,10000.0,1576.2823351163966,1171,1576.2823351163966,11,0,5.070213024980729,0.15762823351163968,8.539709649871902,0.08539709649871904,248.46660000000585,4.14012734699533,1171
forest,0,10000,10000,/mnt/ssd3/ronan/pytorch,True,None,1,random,False,17,-2,0.0024999999999999467,0.0004720966992042957,0.1976,0.03944142066775843,1143.0,10000.0,1522.059131571438,1143,1522.059131571438,12,0,5.075690174176716,0.1522059131571438,8.748906386701664,0.08748906386701662,231.66640000000345,4.134650197799378,1143
forest,0,10000,10000,/mnt/ssd3/ronan/pytorch,True,None,1,random,False,18,-2,0.0023999999999999577,0.0004263225664582969,0.1886,0.03767131597653593,1131.0,10000.0,1643.017954862332,1131,1643.017954862332,8,0,5.001515113918474,0.1643017954862332,8.841732979664016,0.08841732979664012,269.95080000001013,4.208825258057734,1131
forest,0,10000,10000,/mnt/ssd3/ronan/pytorch,True,None,1,random,False,19,-2,0.0036000000000000476,0.0006691226143899491,0.19269999999999998,0.03844174479218597,1154.0,10000.0,1583.6129577646175,1154,1583.6129577646175,10,0,5.035450413598608,0.15836129577646174,8.665511265164643,0.08665511265164645,250.7830000000117,4.174889958377547,1154
forest,0,10000,10000,/mnt/ssd3/ronan/pytorch,True,None,1,random,False,20,-2,0.0031999999999999806,0.0006043331492359364,0.20309999999999995,0.04055933612059755,1152.0,10000.0,1609.6049204696164,1152,1609.6049204696164,8,0,5.02992482501401,0.16096049204696164,8.680555555555559,0.08680555555555555,259.08280000000536,4.18041554696222,1152
forest,0,10000,10000,/mnt/ssd3/ronan/pytorch,True,None,1,random,False,21,-2,0.0007000000000000339,0.00012291483113068973,0.19920000000000004,0.039841010307572165,1212.0,10000.0,1520.1763055645881,1212,1520.1763055645881,9,0,5.122868378773342,0.1520176305564588,8.250825082508248,0.08250825082508251,231.0936000000059,4.087471993202922,1212
forest,0,10000,10000,/mnt/ssd3/ronan/pytorch,True,None,1,random,False,22,-2,0.0008000000000000229,0.00015244444444444444,0.20409999999999995,0.04079911750181536,1181.0,10000.0,1567.1974987218427,1181,1567.1974987218427,9,0,5.088827897960608,0.15671974987218426,8.467400508044028,0.08467400508044032,245.6108000000095,4.12151247401546,1181
forest,0,10000,10000,/mnt/ssd3/ronan/pytorch,True,None,1,random,False,23,-2,0.00019999999999997797,2.9565217391304335e-05,0.1935,0.03868161625708885,1191.0,10000.0,1548.5832234658878,1191,1548.5832234658878,9,0,5.116428896755783,0.15485832234658878,8.396305625524771,0.08396305625524769,239.811000000002,4.093911475220433,1191
forest,0,10000,10000,/mnt/ssd3/ronan/pytorch,True,None,1,random,False,24,-2,0.00029999999999996696,4.9117647058823566e-05,0.1864,0.0372771410034602,1158.0,10000.0,1553.6241501727502,1158,1553.6241501727502,10,0,5.054100071429136,0.155362415017275,8.635578583765113,0.08635578583765112,241.37480000001315,4.1562403005470046,1158
forest,0,10000,10000,/mnt/ssd3/ronan/pytorch,True,None,1,random,False,25,-2,0.0,0.0,0.19279999999999997,0.03856,1186.0,10000.0,1552.7253459643146,1186,1552.7253459643146,9,0,5.088284449290559,0.15527253459643145,8.431703204047215,0.08431703204047217,241.09560000000113,4.122055922685814,1186
forest,0,10000,10000,/mnt/ssd3/ronan/pytorch,True,None,1,random,False,26,-2,0.0,0.0,0.19289999999999996,0.03858,1211.0,10000.0,1506.961180654631,1211,1506.961180654631,9,0,5.150984327472624,0.15069611806546312,8.257638315441781,0.08257638315441783,227.09320000001313,4.0593560445035015,1211
forest,0,10000,10000,/mnt/ssd3/ronan/pytorch,True,None,1,random,False,27,-2,0.00039999999999995595,6.934782608695649e-05,0.19710000000000005,0.03942323093887837,1207.0,10000.0,1443.1874445130127,1207,1443.1874445130127,10,0,5.222061919672184,0.14431874445130125,8.285004142502068,0.08285004142502071,208.27900000000588,3.9882784523038493,1207
forest,0,10000,10000,/mnt/ssd3/ronan/pytorch,True,None,1,random,False,28,-2,0.0,0.0,0.20409999999999995,0.04082,1255.0,10000.0,1453.5817830449032,1255,1453.5817830449032,8,0,5.238101949060395,0.14535817830449033,7.968127490039842,0.0796812749003984,211.29000000000906,3.972238422915661,1255
forest,0,10000,10000,/mnt/ssd3/ronan/pytorch,True,None,1,random,False,29,-2,0.0,0.0,0.19120000000000004,0.03824,1224.0,10000.0,1508.9155045926198,1224,1508.9155045926198,8,0,5.150586038321329,0.15089155045926195,8.169934640522877,0.08169934640522877,227.68260000000663,4.059754333654712,1224
forest,0,10000,10000,/mnt/ssd3/ronan/pytorch,True,None,1,random,False,None,-2,0.0,0.0,0.20040000000000002,0.04008,1216.0,10000.0,1534.658268149623,1216,1534.658268149623,12,0,5.1035046499587855,0.1534658268149623,8.223684210526313,0.08223684210526316,235.51759999999962,4.10683572201722,1216
forest,0,10000,10000,/mnt/ssd3/ronan/pytorch,True,None,2,random,False,None,-2,0.0,0.0,0.1866,0.024835000000000003,2359.0,10000.000000000002,1393.3030897834112,3121,1228.445358980203,8,0,5.525315945967817,0.21787652466477428,8.478168715557437,0.08478168715557438,237.35089999999974,4.829337678614698,2359
forest,0,10000,10000,/mnt/ssd3/ronan/pytorch,True,None,3,random,False,None,-2,0.0,0.0,0.13839999999999997,0.020306666666666872,3628.0,10000.000000000002,1243.9351537225189,5030,914.3161378866721,8,0,5.905216853815985,0.25827218200960006,8.26901874310915,0.08269018743109151,222.34839999999872,5.220051464280492,3628
forest,0,10000,10000,/mnt/ssd3/ronan/pytorch,True,None,4,random,False,None,-2,0.0,0.0,0.11529999999999996,0.018155,4814.0,10000.000000000002,1230.0133129360834,5775,817.6221621262476,7,0,6.024809762304874,0.300998671093412,8.309098462816783,0.08309098462816783,226.50050000000408,5.406358902091371,4814
forest,0,10000,10000,/mnt/ssd3/ronan/pytorch,True,None,5,random,False,None,-2,0.0,0.0,0.09709999999999996,0.016363199999999932,5898.0,10000.000000000005,1168.642220698876,6278,575.9183969973524,7,0,6.123102968595596,0.33288863002511815,8.4774499830451,0.08477449983045099,221.62968000000257,5.5657491424786105,5898
forest,0,10000,10000,/mnt/ssd3/ronan/pytorch,True,None,7,random,False,None,-2,0.0,0.0,0.09019999999999995,0.015857142857142667,8535.0,10000.000000000005,1219.0451599677579,7110,704.8999929067952,7,0,6.262708050681238,0.40168788878929373,8.201523140011716,0.08201523140011718,230.50451428571216,5.664745446580053,8535
forest,0,10000,10000,/mnt/ssd3/ronan/pytorch,True,None,10,random,False,None,-2,0.0,0.0,0.07479999999999998,0.014198199999999989,10000.0,10000.000000000013,1176.0903111581188,7950,544.2793400451646,7,0,6.436924867402441,0.47772219960977325,8.320852055250459,0.08320852055250458,228.2184999999983,5.8410305278176,12018
forest,0,10000,10000,/mnt/ssd3/ronan/pytorch,True,None,13,random,False,None,-2,0.0,0.0,0.0696,0.013676331360946519,10000.0,10000.00000000001,1162.4681098889882,8131,550.8647746952059,7,0,6.520680999589361,0.5341265954808841,8.291873963515753,0.08291873963515756,219.454784615386,5.859165379694365,15678
forest,0,10000,10000,/mnt/ssd3/ronan/pytorch,True,None,16,random,False,None,-2,0.0,0.0,0.0675,0.013620390625000001,10000.0,10000.000000000013,1188.3974799335867,8263,551.762630122773,7,0,6.521031341513353,0.6022532523781005,8.364263683412617,0.0836426368341262,226.6931124999989,5.875265904289797,19129
forest,0,10000,10000,/mnt/ssd3/ronan/pytorch,True,None,20,random,False,None,-2,0.0,0.0,0.06299999999999994,0.013139499999999821,10000.0,10000.000000000011,1134.6933087843604,8765,392.05866907900406,7,0,6.676913577895618,0.6651865151970535,8.265145879824779,0.08265145879824777,221.23654999999852,6.004670122624155,24198
forest,1,10000,10000,/mnt/ssd3/ronan/pytorch,True,None,1,random,False,1,-2,0.7991,0.08618994521932956,0.7978000000000001,0.085862291952092,2.0,10000.0,7219.542921819912,2,7219.542921819912,2,2,0.6717765059228297,0.7219542921819913,5000.0,50.0,5212.180000000096,8.538563866053407,2
forest,1,10000,10000,/mnt/ssd3/ronan/pytorch,True,None,1,random,False,2,-2,0.643,0.078061010731839,0.6436,0.07811129601001884,4.0,10000.0,5273.682205063175,4,5273.682205063175,4,4,1.3328181933035574,0.5273682205063176,2500.0,25.0,2781.172399999908,7.877522178672094,4
forest,1,10000,10000,/mnt/ssd3/ronan/pytorch,True,None,1,random,False,3,-2,0.5821000000000001,0.07031385654778669,0.5857,0.07068185749000014,8.0,10000.0,4053.989146507425,8,4053.989146507425,8,8,1.9368803639301926,0.4053989146507425,1250.0,12.5,1643.48279999992,7.2734600080459,8
forest,1,10000,10000,/mnt/ssd3/ronan/pytorch,True,None,1,random,False,4,-2,0.4121,0.05702306351042448,0.4254,0.05817857760624393,16.0,10000.0,2851.1545030040024,16,2851.1545030040024,16,16,2.624966902398293,0.28511545030040025,625.0,6.25,812.9081999999318,6.585373469577776,16
forest,1,10000,10000,/mnt/ssd3/ronan/pytorch,True,None,1,random,False,5,-2,0.347,0.049901352642060984,0.35240000000000005,0.050601418362559346,32.0,10000.0,2389.1877280783106,32,2389.1877280783106,32,32,3.102060406140683,0.23891877280783108,312.5,3.125,570.8217999999968,6.108279965835235,32
forest,1,10000,10000,/mnt/ssd3/ronan/pytorch,True,None,1,random,False,6,-2,0.2752,0.0391342081114574,0.2923,0.04198616477362573,64.0,10000.0,2014.1052604072113,64,2014.1052604072113,61,64,3.556766307700105,0.20141052604072113,156.25,1.5625,405.6619999999925,5.653574064275795,64
forest,1,10000,10000,/mnt/ssd3/ronan/pytorch,True,None,1,random,False,7,-2,0.23160000000000003,0.033344916971195696,0.2641,0.038480608339873316,125.0,10000.0,1977.3522700823949,125,1977.3522700823949,19,0,3.8214976841446453,0.19773522700823945,80.00000000000003,0.8,390.9921999999926,5.388842687831578,125
forest,1,10000,10000,/mnt/ssd3/ronan/pytorch,True,None,1,random,False,8,-2,0.1684,0.024565128278513978,0.23219999999999996,0.03500031357059136,237.0,10000.0,1827.5437067276941,237,1827.5437067276941,12,0,4.22530025463645,0.1827543706727694,42.194092827004205,0.42194092827004215,333.99159999999597,4.985040117339438,237
forest,1,10000,10000,/mnt/ssd3/ronan/pytorch,True,None,1,random,False,9,-2,0.1261,0.017783355894252013,0.20440000000000003,0.03236803984558572,410.0,10000.0,1784.637778374088,410,1784.637778374088,8,0,4.421545094920311,0.1784637778374088,24.390243902439025,0.24390243902439027,318.4932000000106,4.788795277055883,410
forest,1,10000,10000,/mnt/ssd3/ronan/pytorch,True,None,1,random,False,10,-2,0.0837,0.012586723263304369,0.19610000000000005,0.033206019702686405,605.0,10000.0,1797.8915428912835,605,1797.8915428912835,8,0,4.590221883364531,0.17978915428912837,16.528925619834705,0.1652892561983471,323.2413999999988,4.620118488611562,605
forest,1,10000,10000,/mnt/ssd3/ronan/pytorch,True,None,1,random,False,11,-2,0.04390000000000005,0.006773099427911468,0.18630000000000002,0.034687215711193105,784.0,10000.0,1746.5199683942924,784,1746.5199683942924,11,0,4.715289559331544,0.17465199683942922,12.755102040816327,0.12755102040816327,305.03320000001247,4.4950508126444255,784
forest,1,10000,10000,/mnt/ssd3/ronan/pytorch,True,None,1,random,False,12,-2,0.027100000000000013,0.0040372957912973625,0.18530000000000002,0.03548076320870136,908.0,10000.0,1645.0993890947743,908,1645.0993890947743,11,0,4.8693425928353475,0.16450993890947743,11.013215859030838,0.11013215859030837,270.63520000000636,4.34099777914077,908
forest,1,10000,10000,/mnt/ssd3/ronan/pytorch,True,None,1,random,False,13,-2,0.019299999999999984,0.003054469023437649,0.18520000000000003,0.035900328246055255,989.0,10000.0,1641.7582038777819,989,1641.7582038777819,9,0,4.892234745269976,0.16417582038777817,10.11122345803842,0.10111223458038422,269.536999999995,4.31810562670596,989
forest,1,10000,10000,/mnt/ssd3/ronan/pytorch,True,None,1,random,False,14,-2,0.011700000000000044,0.0020103919469347522,0.19379999999999997,0.03828358540024123,1094.0,10000.0,1684.6952246623125,1094,1684.6952246623125,9,0,4.9685029993635474,0.16846952246623126,9.14076782449726,0.09140767824497256,283.81980000000783,4.2418373726126335,1094
forest,1,10000,10000,/mnt/ssd3/ronan/pytorch,True,None,1,random,False,15,-2,0.007399999999999962,0.0013572526226934417,0.1845,0.03674596672338363,1087.0,10000.0,1645.1516647409746,1087,1645.1516647409746,9,0,4.917132742305523,0.16451516647409745,9.199632014719409,0.0919963201471941,270.6524,4.293207629670569,1087
forest,1,10000,10000,/mnt/ssd3/ronan/pytorch,True,None,1,random,False,16,-2,0.007600000000000051,0.0014370380180596227,0.19589999999999996,0.03898647012338001,1146.0,10000.0,1737.111971060012,1146,1737.111971060012,9,0,4.916347986293609,0.1737111971060012,8.726003490401398,0.08726003490401397,301.7557999999982,4.293992385682493,1146
forest,1,10000,10000,/mnt/ssd3/ronan/pytorch,True,None,1,random,False,17,-2,0.0038000000000000256,0.0006976075072711576,0.18320000000000003,0.036557620324293987,1135.0,10000.0,1598.094490322772,1135,1598.094490322772,8,0,5.019575835643866,0.15980944903227717,8.81057268722467,0.08810572687224669,255.3906000000115,4.190764536332373,1135
forest,1,10000,10000,/mnt/ssd3/ronan/pytorch,True,None,1,random,False,18,-2,0.0036000000000000476,0.0006779430654056381,0.18469999999999998,0.036873758847501985,1162.0,10000.0,1604.749201588834,1162,1604.749201588834,9,0,5.036341838728883,0.1604749201588834,8.605851979345958,0.08605851979345956,257.5220000000081,4.1739985332471505,1162
forest,1,10000,10000,/mnt/ssd3/ronan/pytorch,True,None,1,random,False,19,-2,0.0019000000000000128,0.00033859030257619413,0.19199999999999995,0.038387263259530034,1160.0,10000.0,1506.7687281066062,1160,1506.7687281066062,9,0,5.131491497440068,0.1506768728106606,8.620689655172413,0.08620689655172414,227.03520000000523,4.078848874535896,1160
forest,1,10000,10000,/mnt/ssd3/ronan/pytorch,True,None,1,random,False,20,-2,0.0020999999999999908,0.0003968412462811631,0.2006,0.04004548500875856,1192.0,10000.0,1579.7322557952662,1192,1579.7322557952662,9,0,5.07491248397378,0.15797322557952662,8.389261744966444,0.08389261744966442,249.5554000000061,4.135427888002354,1192
forest,1,10000,10000,/mnt/ssd3/ronan/pytorch,True,None,1,random,False,21,-2,0.0006000000000000449,0.00011790227382680183,0.19589999999999996,0.039175634661544216,1206.0,10000.0,1474.1526379584984,1206,1474.1526379584984,9,0,5.170356719058628,0.14741526379584985,8.291873963515753,0.08291873963515756,217.3126000000074,4.039983652917613,1206
forest,1,10000,10000,/mnt/ssd3/ronan/pytorch,True,None,1,random,False,22,-2,9.999999999998899e-05,1.969230769230769e-05,0.19169999999999998,0.03833999053254438,1202.0,10000.0,1497.3242801744718,1202,1497.3242801744718,12,0,5.1359893214823416,0.14973242801744716,8.319467554076535,0.08319467554076539,224.19800000000802,4.074351050493865,1202
forest,1,10000,10000,/mnt/ssd3/ronan/pytorch,True,None,1,random,False,23,-2,0.0006000000000000449,0.00010958839091192041,0.1936,0.038715272617882775,1214.0,10000.0,1504.137626681814,1214,1504.137626681814,11,0,5.1594067594808655,0.1504137626681814,8.237232289950576,0.08237232289950577,226.24299999999587,4.050933612495302,1214
forest,1,10000,10000,/mnt/ssd3/ronan/pytorch,True,None,1,random,False,24,-2,0.0,0.0,0.19199999999999995,0.038400000000000004,1176.0,10000.0,1561.926374705287,1176,1561.926374705287,10,0,5.073082648233508,0.1561926374705287,8.503401360544213,0.08503401360544217,243.96139999999627,4.137257723742583,1176
forest,1,10000,10000,/mnt/ssd3/ronan/pytorch,True,None,1,random,False,25,-2,0.0006000000000000449,9.560084194412554e-05,0.19410000000000005,0.03878628703991743,1179.0,10000.0,1536.2265457932954,1179,1536.2265457932954,9,0,5.104314345251712,0.15362265457932955,8.481764206955049,0.08481764206955045,235.99920000000355,4.106026026724501,1179
forest,1,10000,10000,/mnt/ssd3/ronan/pytorch,True,None,1,random,False,26,-2,0.0,0.0,0.1986,0.03972,1192.0,10000.0,1543.6042238864209,1192,1543.6042238864209,8,0,5.120893298433788,0.15436042238864212,8.389261744966444,0.08389261744966442,238.27140000000796,4.089447073542272,1192
forest,1,10000,10000,/mnt/ssd3/ronan/pytorch,True,None,1,random,False,27,-2,0.0,0.0,0.18000000000000005,0.036,1159.0,10000.0,1522.7691880255522,1159,1522.7691880255522,10,0,5.080410086641401,0.15227691880255523,8.628127696289905,0.08628127696289907,231.88260000000793,4.129930285334806,1159
forest,1,10000,10000,/mnt/ssd3/ronan/pytorch,True,None,1,random,False,28,-2,0.0,0.0,0.19840000000000002,0.03968000000000001,1214.0,10000.0,1456.9076841035605,1214,1456.9076841035605,9,0,5.167094816093678,0.14569076841035605,8.237232289950576,0.08237232289950577,212.25800000000606,4.043245555882392,1214
forest,1,10000,10000,/mnt/ssd3/ronan/pytorch,True,None,1,random,False,29,-2,0.0,0.0,0.19140000000000001,0.03828,1218.0,10000.0,1504.224052460271,1218,1504.224052460271,9,0,5.159838653388714,0.1504224052460271,8.21018062397373,0.08210180623973728,226.26900000000205,4.050501718587462,1218
forest,1,10000,10000,/mnt/ssd3/ronan/pytorch,True,None,1,random,False,None,-2,0.0,0.0,0.19430000000000003,0.03886,1214.0,10000.0,1464.4487017304498,1214,1464.4487017304498,11,0,5.182077772128957,0.14644487017304497,8.237232289950576,0.08237232289950577,214.46100000000632,4.028262599847179,1214
forest,1,10000,10000,/mnt/ssd3/ronan/pytorch,True,None,2,random,False,None,-2,0.0,0.0,0.19189999999999996,0.02536,2410.0,10000.000000000002,1312.8476682387793,3457,1112.8000718907238,8,0,5.6416462165660235,0.21018154057861504,8.298755186721992,0.08298755186721993,220.88140000000257,4.83243938084582,2410
forest,1,10000,10000,/mnt/ssd3/ronan/pytorch,True,None,3,random,False,None,-2,0.0,0.0,0.14280000000000004,0.021111111111111303,3679.0,10000.000000000004,1259.2060108567534,4755,962.1611091703925,7,0,5.902735556147492,0.2559272162158609,8.154389779831476,0.08154389779831477,218.32913333333252,5.091423346319198,3679
forest,1,10000,10000,/mnt/ssd3/ronan/pytorch,True,None,4,random,False,None,-2,0.0,0.0,0.11350000000000005,0.01826875,4879.0,10000.000000000002,1215.200240701095,5877,817.9596567068573,7,0,6.07770011467221,0.29669152330324505,8.19840131174421,0.0819840131174421,220.0646499999965,5.342544348849569,4879
forest,1,10000,10000,/mnt/ssd3/ronan/pytorch,True,None,5,random,False,None,-2,0.0,0.0,0.09909999999999997,0.01679759999999992,5930.0,10000.00000000001,1208.2388505589447,6437,713.8781408615899,8,0,6.127468500280037,0.3366990941478756,8.431703204047215,0.08431703204047217,226.73256000000225,5.545422438245244,5930
forest,1,10000,10000,/mnt/ssd3/ronan/pytorch,True,None,7,random,False,None,-2,0.0,0.0,0.08350000000000002,0.01531632653061207,8406.0,10000.000000000007,1218.288042747708,7052,780.1256309082531,7,0,6.2514815793633325,0.3963550176293975,8.327385201046873,0.08327385201046872,224.4247142857182,5.618348333805889,8406
forest,1,10000,10000,/mnt/ssd3/ronan/pytorch,True,None,10,random,False,None,-2,0.0,0.0,0.07389999999999997,0.01447159999999997,10000.0,10000.000000000013,1201.7992677647962,7685,565.5828851724564,7,0,6.385952888415224,0.47782883964867584,8.267879288962384,0.08267879288962382,228.3203999999981,5.778504583970824,12095
forest,1,10000,10000,/mnt/ssd3/ronan/pytorch,True,None,13,random,False,None,-2,0.0,0.0,0.06710000000000005,0.01346094674556193,10000.0,10000.000000000013,1168.07576049181,8222,431.8471951975606,8,0,6.503478760225152,0.5426877739547852,8.415328845157948,0.08415328845157947,226.54616923076895,5.909093455770361,15448
forest,1,10000,10000,/mnt/ssd3/ronan/pytorch,True,None,16,random,False,None,-2,0.0,0.0,0.0675,0.01347046875,10000.0,10000.000000000011,1191.8548798773697,8258,510.4096394074077,7,0,6.528442870835671,0.604635708505543,8.340283569641365,0.08340283569641369,228.49021249999976,5.908078026415491,19184
forest,1,10000,10000,/mnt/ssd3/ronan/pytorch,True,None,20,random,False,None,-2,0.0,0.0,0.06000000000000005,0.012972249999999824,10000.0,10000.000000000013,1151.491580516332,8675,350.61374759127744,7,0,6.651078061608066,0.6700724438446936,8.32258332986559,0.0832258332986559,224.49854000000047,6.018663936891137,24031
forest,2,10000,10000,/mnt/ssd3/ronan/pytorch,True,None,1,random,False,1,-2,0.8029,0.08599256643658064,0.8031,0.08586500873164815,2.0,10000.0,7606.355763438889,2,7606.355763438889,2,2,0.6123817326993645,0.7606355763438889,5000.0,50.0,5785.664799999562,8.597958639275074,2
forest,2,10000,10000,/mnt/ssd3/ronan/pytorch,True,None,1,random,False,2,-2,0.6637,0.0786751845964652,0.6638999999999999,0.07867672340744276,4.0,10000.0,5243.164502473673,4,5243.164502473673,4,4,1.3403873185663344,0.5243164502473673,2500.0,25.0,2749.07739999985,7.869953053410336,4
forest,2,10000,10000,/mnt/ssd3/ronan/pytorch,True,None,1,random,False,3,-2,0.5285,0.06865828154936857,0.5456,0.07025536856857383,8.0,10000.0,3815.5935318112697,8,3815.5935318112697,8,8,1.9940292301137958,0.381559353181127,1250.0,12.5,1455.8753999999321,7.216311141863025,8
forest,2,10000,10000,/mnt/ssd3/ronan/pytorch,True,None,1,random,False,4,-2,0.44699999999999995,0.06027864915957185,0.45089999999999997,0.06067183192048301,16.0,10000.0,2980.452650185874,16,2980.452650185874,16,16,2.572884556631558,0.2980452650185874,625.0,6.25,888.3098000000127,6.637455815344941,16
forest,2,10000,10000,/mnt/ssd3/ronan/pytorch,True,None,1,random,False,5,-2,0.34630000000000005,0.04893550853357355,0.355,0.050036428395308176,32.0,10000.0,2411.5347810056564,32,2411.5347810056564,32,32,3.0495642898801743,0.24115347810056567,312.5,3.125,581.5500000000267,6.160776082096075,32
forest,2,10000,10000,/mnt/ssd3/ronan/pytorch,True,None,1,random,False,6,-2,0.274,0.03891922378593831,0.29869999999999997,0.04314071669866472,64.0,10000.0,2143.435560029739,64,2143.435560029739,64,64,3.490616964466864,0.21434355600297386,156.25,1.5625,459.431599999992,5.719723407509654,64
forest,2,10000,10000,/mnt/ssd3/ronan/pytorch,True,None,1,random,False,7,-2,0.22050000000000003,0.03205765387871643,0.25770000000000004,0.03786204835295472,126.0,10000.0,1915.1663113160696,126,1915.1663113160696,16,0,3.9054470980340215,0.19151663113160697,79.36507936507937,0.7936507936507935,366.7861999999926,5.304893273942247,126
forest,2,10000,10000,/mnt/ssd3/ronan/pytorch,True,None,1,random,False,8,-2,0.1713,0.025093135507799243,0.23750000000000004,0.035842552554380444,242.0,10000.0,1831.4098394406426,242,1831.4098394406426,12,0,4.208661329546119,0.18314098394406425,41.32231404958678,0.4132231404958678,335.40620000000246,5.001679042430014,242
forest,2,10000,10000,/mnt/ssd3/ronan/pytorch,True,None,1,random,False,9,-2,0.1079,0.016173450231288414,0.1965,0.03275494043665705,424.0,10000.0,1723.993619477752,424,1723.993619477752,13,0,4.519743838831179,0.17239936194777522,23.58490566037736,0.23584905660377356,297.2154000000025,4.690596533145064,424
forest,2,10000,10000,/mnt/ssd3/ronan/pytorch,True,None,1,random,False,10,-2,0.08040000000000003,0.01212114867889317,0.19620000000000004,0.03419349478801535,591.0,10000.0,1838.8523594894725,591,1838.8523594894725,10,0,4.512955557272033,0.18388523594894726,16.92047377326565,0.16920473773265654,338.13780000000054,4.697384814704249,591
forest,2,10000,10000,/mnt/ssd3/ronan/pytorch,True,None,1,random,False,11,-2,0.057599999999999985,0.008357199908029817,0.1915,0.03487227899830426,759.0,10000.0,1683.2700318130778,759,1683.2700318130778,9,0,4.749796196962855,0.16832700318130778,13.175230566534918,0.13175230566534918,283.3397999999944,4.460544175013204,759
forest,2,10000,10000,/mnt/ssd3/ronan/pytorch,True,None,1,random,False,12,-2,0.03600000000000003,0.005443861945241326,0.18799999999999994,0.035431870841132626,891.0,10000.0,1618.64573023253,891,1618.64573023253,12,0,4.8992973224803515,0.161864573023253,11.22334455667789,0.1122334455667789,262.0014000000024,4.311043049495783,891
forest,2,10000,10000,/mnt/ssd3/ronan/pytorch,True,None,1,random,False,13,-2,0.020399999999999974,0.0031859733404042065,0.1956,0.03781182327213227,994.0,10000.0,1736.69398570963,994,1736.69398570963,8,0,4.852381757124561,0.173669398570963,10.060362173038229,0.1006036217303823,301.6105999999957,4.357958614851493,994
forest,2,10000,10000,/mnt/ssd3/ronan/pytorch,True,None,1,random,False,14,-2,0.01100000000000001,0.0018676135199400961,0.1876,0.03690001764122898,1055.0,10000.0,1640.7711601561018,1055,1640.7711601561018,10,0,4.898114428212891,0.16407711601561015,9.478672985781989,0.09478672985781991,269.2129999999896,4.312225943763311,1055
forest,2,10000,10000,/mnt/ssd3/ronan/pytorch,True,None,1,random,False,15,-2,0.008900000000000019,0.0014924550484440888,0.19599999999999995,0.038872433894370305,1118.0,10000.0,1674.7901361066108,1118,1674.7901361066108,11,0,4.94669262302676,0.16747901361066106,8.944543828264761,0.08944543828264756,280.49219999999804,4.263647748949434,1118
forest,2,10000,10000,/mnt/ssd3/ronan/pytorch,True,None,1,random,False,16,-2,0.006099999999999994,0.001118295355364677,0.19420000000000004,0.03873770140908997,1143.0,10000.0,1614.0700108731344,1143,1614.0700108731344,9,0,4.9846786780826315,0.16140700108731343,8.748906386701664,0.08748906386701662,260.52220000000875,4.225661693893449,1143
forest,2,10000,10000,/mnt/ssd3/ronan/pytorch,True,None,1,random,False,17,-2,0.00539999999999996,0.0010203452120141204,0.19779999999999998,0.03947710613064616,1131.0,10000.0,1578.7089662125823,1131,1578.7089662125823,12,0,5.023734894820301,0.15787089662125822,8.841732979664016,0.08841732979664012,249.23220000000305,4.186605477155684,1131
forest,2,10000,10000,/mnt/ssd3/ronan/pytorch,True,None,1,random,False,18,-2,0.0039000000000000146,0.0006708944783181233,0.1835,0.03656340160617253,1155.0,10000.0,1566.1455871022974,1155,1566.1455871022974,11,0,4.98863826284119,0.15661455871022975,8.658008658008656,0.08658008658008659,245.28119999999785,4.22170210913471,1155
forest,2,10000,10000,/mnt/ssd3/ronan/pytorch,True,None,1,random,False,19,-2,0.0017000000000000348,0.0003354882770778894,0.1804,0.036068305612352906,1156.0,10000.0,1665.680641659739,1156,1665.680641659739,8,0,4.967408610686,0.1665680641659739,8.650519031141867,0.08650519031141868,277.449199999999,4.242931761290134,1156
forest,2,10000,10000,/mnt/ssd3/ronan/pytorch,True,None,1,random,False,20,-2,0.0033999999999999586,0.0005811273579483937,0.19310000000000005,0.0385391226103063,1182.0,10000.0,1589.8477914567798,1182,1589.8477914567798,10,0,5.017847345114246,0.15898477914567796,8.460236886632824,0.08460236886632827,252.76159999998632,4.192493026861866,1182
forest,2,10000,10000,/mnt/ssd3/ronan/pytorch,True,None,1,random,False,21,-2,0.0006000000000000449,0.00010231191942896229,0.1915,0.038296320027049184,1202.0,10000.0,1553.342846895044,1202,1553.342846895044,10,0,5.092258470694893,0.1553342846895044,8.319467554076535,0.08319467554076539,241.28740000000136,4.118081901281318,1202
forest,2,10000,10000,/mnt/ssd3/ronan/pytorch,True,None,1,random,False,22,-2,0.0009000000000000119,0.0001720490209849606,0.19899999999999995,0.03979988504383094,1227.0,10000.0,1567.1356035774313,1227,1567.1356035774313,9,0,5.1185840778373075,0.15671356035774314,8.14995925020375,0.08149959250203748,245.5914000000072,4.091756294138918,1227
forest,2,10000,10000,/mnt/ssd3/ronan/pytorch,True,None,1,random,False,23,-2,0.0009000000000000119,0.00014352839931153224,0.19899999999999995,0.03977393029539685,1216.0,10000.0,1489.6180718560042,1216,1489.6180718560042,10,0,5.16049293213217,0.14896180718560043,8.223684210526313,0.08223684210526316,221.89620000000988,4.049847439844038,1216
forest,2,10000,10000,/mnt/ssd3/ronan/pytorch,True,None,1,random,False,24,-2,0.00019999999999997797,3.8333333333333294e-05,0.19710000000000005,0.039415787037037034,1207.0,10000.0,1500.3686213727613,1207,1500.3686213727613,9,0,5.173111778962925,0.15003686213727613,8.285004142502068,0.08285004142502071,225.11060000000077,4.037228593012987,1207
forest,2,10000,10000,/mnt/ssd3/ronan/pytorch,True,None,1,random,False,25,-2,0.00029999999999996696,5.7998906506287626e-05,0.1905,0.038095586584045806,1193.0,10000.0,1560.1051246630786,1193,1560.1051246630786,9,0,5.109433210569226,0.15601051246630787,8.382229673093045,0.08382229673093042,243.39280000000727,4.1009071614069335,1193
forest,2,10000,10000,/mnt/ssd3/ronan/pytorch,True,None,1,random,False,26,-2,0.00019999999999997797,3.496233521657237e-05,0.1915,0.03830307096992131,1206.0,10000.0,1455.1103050971772,1206,1455.1103050971772,11,0,5.1779058568048715,0.1455110305097177,8.291873963515753,0.08291873963515756,211.73460000000145,4.0324345151712935,1206
forest,2,10000,10000,/mnt/ssd3/ronan/pytorch,True,None,1,random,False,27,-2,0.00029999999999996696,5.292517006802719e-05,0.1885,0.03770481188393728,1219.0,10000.0,1482.0202427767308,1219,1482.0202427767308,11,0,5.13486611811683,0.14820202427767307,8.203445447087773,0.08203445447087776,219.63840000001167,4.075474253859293,1219
forest,2,10000,10000,/mnt/ssd3/ronan/pytorch,True,None,1,random,False,28,-2,0.00019999999999997797,3.577777777777775e-05,0.19989999999999997,0.03997055308641975,1252.0,10000.0,1514.4695440978667,1252,1514.4695440978667,9,0,5.178524374091401,0.15144695440978664,7.987220447284344,0.07987220447284346,229.36179999999754,4.031815997884864,1252
forest,2,10000,10000,/mnt/ssd3/ronan/pytorch,True,None,1,random,False,29,-2,0.0,0.0,0.19669999999999999,0.03934,1214.0,10000.0,1441.3105147746617,1214,1441.3105147746617,9,0,5.173181559492411,0.14413105147746616,8.237232289950576,0.08237232289950577,207.73760000000607,4.037158812483679,1214
forest,2,10000,10000,/mnt/ssd3/ronan/pytorch,True,None,1,random,False,None,-2,0.0,0.0,0.1936,0.03872,1161.0,10000.0,1496.5680739612214,1161,1496.5680739612214,11,0,5.046822228162974,0.14965680739612214,8.613264427217919,0.08613264427217915,223.97160000000534,4.163518143813096,1161
forest,2,10000,10000,/mnt/ssd3/ronan/pytorch,True,None,2,random,False,None,-2,0.0,0.0,0.1876,0.02402,2396.0,10000.000000000002,1330.6006162631973,3384,1134.4990083732996,8,0,5.62989210026592,0.21231617931754518,8.347245409015025,0.08347245409015026,225.39079999999817,4.840529233011559,2396
forest,2,10000,10000,/mnt/ssd3/ronan/pytorch,True,None,3,random,False,None,-2,0.0,0.0,0.13790000000000002,0.020395555555555753,3518.0,10000.000000000004,1208.9776213350226,4880,827.6569337593928,8,0,5.863267169796658,0.25624179986879575,8.52757248436612,0.08527572484366117,218.86619999999616,5.264251801545964,3518
forest,2,10000,10000,/mnt/ssd3/ronan/pytorch,True,None,4,random,False,None,-2,0.0,0.0,0.11660000000000004,0.01844375,4827.0,10000.000000000004,1267.9888110705078,5743,893.4965025113416,8,0,5.991476012941343,0.3062716767838646,8.286720530350113,0.08286720530350114,234.50584999999418,5.424105714855164,4827
forest,2,10000,10000,/mnt/ssd3/ronan/pytorch,True,None,5,random,False,None,-2,0.0,0.0,0.10560000000000003,0.017555199999999913,6132.0,10000.000000000007,1216.9820047971132,6393,760.0657866263946,8,0,6.147823863088094,0.3365856503180134,8.153946510110893,0.08153946510110892,226.5798000000034,5.4935915531016954,6132
forest,2,10000,10000,/mnt/ssd3/ronan/pytorch,True,None,7,random,False,None,-2,0.0,0.0,0.08699999999999997,0.01546775510204064,8508.0,10000.000000000005,1207.2139454976825,7222,724.2444338757462,7,0,6.273841879320083,0.3985405123698217,8.227550540667611,0.08227550540667608,226.90648571428818,5.661215240618765,8508
forest,2,10000,10000,/mnt/ssd3/ronan/pytorch,True,None,10,random,False,None,-2,0.0,0.0,0.07299999999999995,0.014190399999999987,10000.0,10000.00000000001,1173.945177595615,7847,456.0043859438196,7,0,6.412147841374725,0.47675373097648643,8.347245409015025,0.08347245409015026,227.29411999999823,5.830100693668417,11980
forest,2,10000,10000,/mnt/ssd3/ronan/pytorch,True,None,13,random,False,None,-2,0.0,0.0,0.06710000000000005,0.013671242603550075,10000.0,10000.000000000011,1176.0750187399362,8190,521.5553661884805,8,0,6.509533124882395,0.5445826291757753,8.305647840531563,0.08305647840531562,228.13095384615525,5.914246983771605,15652
forest,2,10000,10000,/mnt/ssd3/ronan/pytorch,True,None,16,random,False,None,-2,0.0,0.0,0.06599999999999995,0.013454296874999999,10000.0,10000.000000000013,1189.0016985111922,8310,587.3006044607821,7,0,6.53258904960323,0.608526433279607,8.368638527119618,0.08368638527119618,231.4402625000043,5.954658076585271,19119
forest,2,10000,10000,/mnt/ssd3/ronan/pytorch,True,None,20,random,False,None,-2,0.0,0.0,0.06040000000000001,0.012845399999999823,10000.0,10000.000000000015,1151.1624255508,8742,462.49972972965077,8,0,6.664339121472515,0.6714083705167817,8.247762794342037,0.08247762794342034,225.39459999999886,6.030437817489269,24249
forest,3,10000,10000,/mnt/ssd3/ronan/pytorch,True,None,1,random,False,1,-2,0.7908999999999999,0.08598060713012808,0.7939,0.0861495160777254,2.0,10000.0,7096.327078144017,2,7096.327078144017,2,2,0.6895643195471035,0.7096327078144017,5000.0,50.0,5035.785800000044,8.520776052428856,2
forest,3,10000,10000,/mnt/ssd3/ronan/pytorch,True,None,1,random,False,2,-2,0.6632,0.07815379607386505,0.6638999999999999,0.07825237523941211,4.0,10000.0,5465.529617521069,4,5465.529617521069,4,4,1.2968075264308903,0.5465529617521069,2500.0,25.0,2987.201400000021,7.913532845544665,4
forest,3,10000,10000,/mnt/ssd3/ronan/pytorch,True,None,1,random,False,3,-2,0.5145,0.06858993152471991,0.5291,0.07017820554083662,8.0,10000.0,3766.0254911511156,8,3766.0254911511156,8,8,2.005506302426616,0.37660254911511154,1250.0,12.5,1418.2948000000047,7.204834069549346,8
forest,3,10000,10000,/mnt/ssd3/ronan/pytorch,True,None,1,random,False,4,-2,0.44410000000000005,0.05881340724133468,0.4554,0.05966960472142409,16.0,10000.0,3128.29090718878,16,3128.29090718878,16,16,2.5200249699916433,0.312829090718878,625.0,6.25,978.6203999999738,6.690315401984938,16
forest,3,10000,10000,/mnt/ssd3/ronan/pytorch,True,None,1,random,False,5,-2,0.3307,0.047007088919899055,0.35040000000000004,0.04996503483140634,32.0,10000.0,2383.0056651212562,32,2383.0056651212562,32,32,3.0963849102956376,0.2383005665121256,312.5,3.125,567.8716000000236,6.113955461680829,32
forest,3,10000,10000,/mnt/ssd3/ronan/pytorch,True,None,1,random,False,6,-2,0.2814,0.04019419358346578,0.30600000000000005,0.04453740141831812,63.0,10000.0,2200.4345025471675,63,2200.4345025471675,41,63,3.3919291409137022,0.22004345025471675,158.73015873015873,1.587301587301587,484.1911999999892,5.818411231062571,63
forest,3,10000,10000,/mnt/ssd3/ronan/pytorch,True,None,1,random,False,7,-2,0.2197,0.031037640637052714,0.2562,0.03672721380867311,127.0,10000.0,1907.6079261735101,127,1907.6079261735101,21,0,3.9072197610945767,0.19076079261735104,78.74015748031496,0.7874015748031495,363.8968000000153,5.303120610881837,127
forest,3,10000,10000,/mnt/ssd3/ronan/pytorch,True,None,1,random,False,8,-2,0.1594,0.02337479730176593,0.22199999999999998,0.03354277106391117,235.0,10000.0,1807.1635233149213,235,1807.1635233149213,12,0,4.202117471629775,0.1807163523314921,42.5531914893617,0.425531914893617,326.58400000000756,5.008222900346541,235
forest,3,10000,10000,/mnt/ssd3/ronan/pytorch,True,None,1,random,False,9,-2,0.12050000000000005,0.0184313565271549,0.20040000000000002,0.032663784682562674,385.0,10000.0,1794.7127903929363,385,1794.7127903929363,10,0,4.421169975240712,0.17947127903929364,25.974025974025977,0.2597402597402597,322.0994000000037,4.789170396735352,385
forest,3,10000,10000,/mnt/ssd3/ronan/pytorch,True,None,1,random,False,10,-2,0.06679999999999997,0.00999998192576898,0.19269999999999998,0.034201860180851876,632.0,10000.0,1690.7767445762909,632,1690.7767445762909,9,0,4.673375346792815,0.16907767445762908,15.822784810126588,0.1582278481012658,285.8726000000055,4.536965025183358,632
forest,3,10000,10000,/mnt/ssd3/ronan/pytorch,True,None,1,random,False,11,-2,0.05820000000000003,0.008728436658960646,0.19899999999999995,0.03613628809039884,756.0,10000.0,1626.5976761326078,756,1626.5976761326078,11,0,4.81569879566714,0.1626597676132608,13.227513227513228,0.13227513227513224,264.5819999999986,4.394641576308996,756
forest,3,10000,10000,/mnt/ssd3/ronan/pytorch,True,None,1,random,False,12,-2,0.026599999999999957,0.004350234957044301,0.19469999999999998,0.03735142056534883,940.0,10000.0,1656.2940560178317,940,1656.2940560178317,13,0,4.8745465487633455,0.16562940560178316,10.638297872340425,0.10638297872340426,274.33100000000655,4.335793823212709,940
forest,3,10000,10000,/mnt/ssd3/ronan/pytorch,True,None,1,random,False,13,-2,0.020299999999999985,0.003251382201898303,0.19540000000000002,0.03824252333437396,998.0,10000.0,1703.5556932486827,998,1703.5556932486827,9,0,4.8523928475701315,0.17035556932486826,10.020040080160317,0.1002004008016032,290.2102000000094,4.357947524405978,998
forest,3,10000,10000,/mnt/ssd3/ronan/pytorch,True,None,1,random,False,14,-2,0.012599999999999945,0.0021328604184507986,0.19489999999999996,0.03837816828102055,1070.0,10000.0,1556.9752727644714,1070,1556.9752727644714,10,0,5.002978182780884,0.15569752727644712,9.345794392523368,0.09345794392523366,242.41720000000666,4.207362189195256,1070
forest,3,10000,10000,/mnt/ssd3/ronan/pytorch,True,None,1,random,False,15,-2,0.006399999999999961,0.0011144395055267056,0.19610000000000005,0.038998850229043175,1126.0,10000.0,1621.7330236509338,1126,1621.7330236509338,11,0,4.988737744802467,0.16217330236509336,8.880994671403194,0.08880994671403199,263.0017999999971,4.221602627173623,1126
forest,3,10000,10000,/mnt/ssd3/ronan/pytorch,True,None,1,random,False,16,-2,0.006000000000000005,0.0010667840593204807,0.2017,0.04022263469505487,1133.0,10000.0,1676.173022095273,1133,1676.173022095273,8,0,4.972353950811178,0.16761730220952728,8.8261253309797,0.088261253309797,280.9556000000055,4.237986421164976,1133
forest,3,10000,10000,/mnt/ssd3/ronan/pytorch,True,None,1,random,False,17,-2,0.0040000000000000036,0.0007539141000054794,0.18820000000000003,0.0375615677132248,1161.0,10000.0,1651.8831677815474,1161,1651.8831677815474,9,0,4.996863742518992,0.16518831677815474,8.613264427217919,0.08613264427217915,272.87180000000035,4.213476629457201,1161
forest,3,10000,10000,/mnt/ssd3/ronan/pytorch,True,None,1,random,False,18,-2,0.0038000000000000256,0.0007348036038167761,0.19289999999999996,0.0384997357337006,1141.0,10000.0,1563.0649378704647,1141,1563.0649378704647,9,0,5.033656354971698,0.15630649378704647,8.764241893076253,0.08764241893076248,244.31720000000908,4.176684017004351,1141
forest,3,10000,10000,/mnt/ssd3/ronan/pytorch,True,None,1,random,False,19,-2,0.0022999999999999687,0.00043114818464308263,0.1996,0.03988334854897435,1212.0,10000.0,1557.8459487381929,1212,1557.8459487381929,11,0,5.114317015637975,0.1557845948738193,8.250825082508248,0.08250825082508251,242.68840000000478,4.09602335633823,1212
forest,3,10000,10000,/mnt/ssd3/ronan/pytorch,True,None,1,random,False,20,-2,0.0029000000000000137,0.0005340110148190639,0.1884,0.03761705171637625,1175.0,10000.0,1589.2727896745732,1175,1589.2727896745732,9,0,5.061234906181232,0.15892727896745729,8.510638297872342,0.0851063829787234,252.57880000000296,4.149105465794974,1175
forest,3,10000,10000,/mnt/ssd3/ronan/pytorch,True,None,1,random,False,21,-2,0.0020000000000000018,0.00036200993320837917,0.19930000000000003,0.03983638146309531,1183.0,10000.0,1608.5664425195498,1183,1608.5664425195498,8,0,5.034094576463258,0.16085664425195498,8.453085376162301,0.08453085376162299,258.7486000000069,4.176245795512867,1183
forest,3,10000,10000,/mnt/ssd3/ronan/pytorch,True,None,1,random,False,22,-2,0.0018000000000000238,0.00033886463893673525,0.18889999999999996,0.03771388935272757,1165.0,10000.0,1616.7201365728083,1165,1616.7201365728083,11,0,5.044557886210586,0.16167201365728082,8.583690987124461,0.08583690987124463,261.37840000000307,4.165782485765513,1165
forest,3,10000,10000,/mnt/ssd3/ronan/pytorch,True,None,1,random,False,23,-2,0.0006000000000000449,0.0001082853795688852,0.19199999999999995,0.03838588963726273,1209.0,10000.0,1502.9138365189137,1209,1502.9138365189137,10,0,5.11462521648422,0.15029138365189135,8.27129859387924,0.08271298593879241,225.8749999999941,4.095715155491916,1209
forest,3,10000,10000,/mnt/ssd3/ronan/pytorch,True,None,1,random,False,24,-2,0.0006000000000000449,0.00011500510030601951,0.18779999999999997,0.03755544895034759,1204.0,10000.0,1553.7605993202428,1204,1553.7605993202428,9,0,5.116892889004237,0.15537605993202427,8.305647840531563,0.08305647840531562,241.4172000000012,4.093447482971766,1204
forest,3,10000,10000,/mnt/ssd3/ronan/pytorch,True,None,1,random,False,25,-2,0.0,0.0,0.1966,0.03932,1230.0,10000.0,1486.7225699504263,1230,1486.7225699504263,11,0,5.1630520298694575,0.1486722569950426,8.130081300813005,0.0813008130081301,221.03439999999813,4.04728834210655,1230
forest,3,10000,10000,/mnt/ssd3/ronan/pytorch,True,None,1,random,False,26,-2,0.0004999999999999449,8.961805555555597e-05,0.19220000000000004,0.03843811396846066,1203.0,10000.0,1518.113302754442,1203,1518.113302754442,10,0,5.122854685495342,0.1518113302754442,8.312551953449708,0.0831255195344971,230.46680000000637,4.087485686480689,1203
forest,3,10000,10000,/mnt/ssd3/ronan/pytorch,True,None,1,random,False,27,-2,0.0006000000000000449,0.00011292145492883528,0.19830000000000003,0.03964899158415562,1227.0,10000.0,1565.02651734723,1227,1565.02651734723,8,0,5.104897716242078,0.15650265173472303,8.14995925020375,0.08149959250203748,244.9308000000059,4.105442655734081,1227
forest,3,10000,10000,/mnt/ssd3/ronan/pytorch,True,None,1,random,False,28,-2,0.0,0.0,0.20020000000000004,0.040040000000000006,1222.0,10000.0,1445.7095143907713,1222,1445.7095143907713,9,0,5.195431328019339,0.14457095143907714,8.18330605564648,0.08183306055646483,209.0076000000033,4.0149090439567034,1222
forest,3,10000,10000,/mnt/ssd3/ronan/pytorch,True,None,1,random,False,29,-2,0.0,0.0,0.1856,0.03712,1183.0,10000.0,1514.0264198487423,1183,1514.0264198487423,10,0,5.106426474941353,0.15140264198487421,8.453085376162301,0.08453085376162299,229.2276000000118,4.103913897034814,1183
forest,3,10000,10000,/mnt/ssd3/ronan/pytorch,True,None,1,random,False,None,-2,0.0,0.0,0.19330000000000003,0.03866,1187.0,10000.0,1433.2110800576445,1187,1433.2110800576445,10,0,5.1267197114770315,0.14332110800576445,8.424599831508004,0.08424599831508003,205.40940000000592,4.083620660499061,1187
forest,3,10000,10000,/mnt/ssd3/ronan/pytorch,True,None,2,random,False,None,-2,0.0,0.0,0.19499999999999995,0.025055,2409.0,10000.000000000002,1291.34522882148,3421,1077.592687428789,7,0,5.632484389249813,0.20851565888441087,8.302200083022004,0.08302200083022,217.3938999999989,4.862880315232719,2409
forest,3,10000,10000,/mnt/ssd3/ronan/pytorch,True,None,3,random,False,None,-2,0.0,0.0,0.14470000000000005,0.02122000000000019,3638.0,10000.0,1310.3463494647342,4466,1034.502779116615,8,0,5.803883354108699,0.2613651086124542,8.246289169873554,0.0824628916987356,227.70573333333,5.063255296085918,3638
forest,3,10000,10000,/mnt/ssd3/ronan/pytorch,True,None,4,random,False,None,-2,0.0,0.0,0.11870000000000003,0.01893625,4781.0,10000.000000000004,1235.273400911717,5680,806.9981412617999,8,0,6.002442609675885,0.3007441104992748,8.366450533361224,0.08366450533361221,226.11755000000142,5.371300617905013,4781
forest,3,10000,10000,/mnt/ssd3/ronan/pytorch,True,None,5,random,False,None,-2,0.0,0.0,0.1008,0.016843999999999908,5936.0,10000.000000000007,1208.7044965581952,6389,780.1461401558043,8,0,6.124876438009506,0.3348883993213262,8.423180592991917,0.08423180592991915,224.3004800000034,5.523125636822942,5936
forest,3,10000,10000,/mnt/ssd3/ronan/pytorch,True,None,7,random,False,None,-2,0.0,0.0,0.08840000000000003,0.01575959183673451,8529.0,10000.00000000001,1226.306234018174,6793,741.7762465865296,7,0,6.226898259184113,0.39660325263416585,8.20729276585766,0.08207292765857661,224.7059142857109,5.513817966229128,8529
forest,3,10000,10000,/mnt/ssd3/ronan/pytorch,True,None,10,random,False,None,-2,0.0,0.0,0.07389999999999997,0.014412799999999995,10000.0,10000.000000000011,1185.5633934969483,7777,625.71718851251,8,0,6.403344273965381,0.47625056430412765,8.273351534706709,0.08273351534706709,226.814600000003,5.785486831107523,12087
forest,3,10000,10000,/mnt/ssd3/ronan/pytorch,True,None,13,random,False,None,-2,0.0,0.0,0.06710000000000005,0.013604260355029379,10000.0,10000.000000000016,1107.4470882414375,8305,330.0424215157803,7,0,6.566356044133012,0.5271424854818666,8.34242443688635,0.0834242443688635,213.75323076922987,5.910835547485514,15583
forest,3,10000,10000,/mnt/ssd3/ronan/pytorch,True,None,16,random,False,None,-2,0.0,0.0,0.06620000000000004,0.013391015624999999,10000.0,10000.000000000011,1167.9034534423208,8453,508.07676585335014,7,0,6.568001340511306,0.6003468164319687,8.299616142753397,0.08299616142753397,225.2601875000004,5.940863171823875,19278
forest,3,10000,10000,/mnt/ssd3/ronan/pytorch,True,None,20,random,False,None,-2,0.0,0.0,0.05879999999999996,0.01288259999999981,10000.0,10000.000000000018,1148.8382196810828,8674,344.2034282223232,7,0,6.662290817856336,0.6730984623366777,8.279173738460903,0.082791737384609,226.5307699999995,6.0522261816622045,24157
forest,4,10000,10000,/mnt/ssd3/ronan/pytorch,True,None,1,random,False,1,-2,0.7904,0.08596149761151994,0.7938000000000001,0.0861707615019854,2.0,10000.0,7099.90197115425,2,7099.90197115425,2,2,0.6890555169375987,0.709990197115425,5000.0,50.0,5040.860799999955,8.521284855038436,2
forest,4,10000,10000,/mnt/ssd3/ronan/pytorch,True,None,1,random,False,2,-2,0.6537999999999999,0.07847322033278657,0.6646000000000001,0.07932391552935743,4.0,10000.0,5192.507486754353,4,5192.507486754353,4,4,1.3482538620508016,0.5192507486754352,2500.0,25.0,2696.213400000223,7.862086509924887,4
forest,4,10000,10000,/mnt/ssd3/ronan/pytorch,True,None,1,random,False,3,-2,0.5054000000000001,0.06769275777500677,0.5267,0.0697461512296463,8.0,10000.0,3910.433991259794,8,3910.433991259794,8,8,1.9599015114041447,0.39104339912597935,1250.0,12.5,1529.1494000000584,7.2504388605721495,8
forest,4,10000,10000,/mnt/ssd3/ronan/pytorch,True,None,1,random,False,4,-2,0.41990000000000005,0.05724004343234791,0.42889999999999995,0.058518027371673866,16.0,10000.0,2850.7883120287975,16,2850.7883120287975,16,16,2.635560485383669,0.28507883120287975,625.0,6.25,812.6994000000159,6.574779886592417,16
forest,4,10000,10000,/mnt/ssd3/ronan/pytorch,True,None,1,random,False,5,-2,0.3496,0.049979489284833714,0.35229999999999995,0.0512017893220033,32.0,10000.0,2451.9604401376464,32,2451.9604401376464,32,32,3.0604495579497515,0.24519604401376463,312.5,3.125,601.2110000000341,6.149890814026532,32
forest,4,10000,10000,/mnt/ssd3/ronan/pytorch,True,None,1,random,False,6,-2,0.2784,0.04006855572138522,0.2924,0.04262600090876883,64.0,10000.0,1990.4924013921782,64,1990.4924013921782,63,64,3.5803912148840853,0.1990492401392178,156.25,1.5625,396.2060000000092,5.629949157092599,64
forest,4,10000,10000,/mnt/ssd3/ronan/pytorch,True,None,1,random,False,7,-2,0.20630000000000004,0.029770191534764723,0.24770000000000003,0.035716045541643746,127.0,10000.0,1965.5040066100094,127,1965.5040066100094,16,0,3.8762107900991913,0.19655040066100096,78.74015748031496,0.7874015748031495,386.32059999998785,5.334129581876912,127
forest,4,10000,10000,/mnt/ssd3/ronan/pytorch,True,None,1,random,False,8,-2,0.16259999999999997,0.023808080899573918,0.22319999999999995,0.03403758062177861,242.0,10000.0,1885.060741726908,242,1885.060741726908,13,0,4.156560453016971,0.1885060741726908,41.32231404958678,0.4132231404958678,355.3453999999915,5.053779918959099,242
forest,4,10000,10000,/mnt/ssd3/ronan/pytorch,True,None,1,random,False,9,-2,0.16080000000000005,0.02345440614707945,0.2278,0.035196280580172344,284.0,10000.0,1875.2978430105443,284,1875.2978430105443,12,0,4.182818190310834,0.18752978430105444,35.211267605633815,0.35211267605633806,351.6742000000044,5.0275221816655975,284
forest,4,10000,10000,/mnt/ssd3/ronan/pytorch,True,None,1,random,False,10,-2,0.08399999999999996,0.012478773744376528,0.2016,0.03444699990817986,579.0,10000.0,1732.6234443756093,579,1732.6234443756093,12,0,4.625274571845293,0.17326234443756092,17.271157167530227,0.17271157167530224,300.1983999999978,4.585065800130963,579
forest,4,10000,10000,/mnt/ssd3/ronan/pytorch,True,None,1,random,False,11,-2,0.048799999999999955,0.007302155282016639,0.19599999999999995,0.03577534650972023,806.0,10000.0,1694.0702464774004,806,1694.0702464774004,9,0,4.801156505292815,0.16940702464774005,12.40694789081886,0.1240694789081886,286.98739999999987,4.4091838666831835,806
forest,4,10000,10000,/mnt/ssd3/ronan/pytorch,True,None,1,random,False,12,-2,0.028200000000000003,0.004358904202691428,0.18230000000000002,0.03498476526481738,950.0,10000.0,1714.7839514061238,950,1714.7839514061238,9,0,4.830614886324915,0.1714783951406124,10.52631578947368,0.10526315789473684,294.04840000000337,4.379725485651212,950
forest,4,10000,10000,/mnt/ssd3/ronan/pytorch,True,None,1,random,False,13,-2,0.01849999999999996,0.00313565160577606,0.1895,0.037261703887183875,995.0,10000.0,1757.2290687329298,995,1757.2290687329298,13,0,4.80182208456559,0.175722906873293,10.05025125628141,0.10050251256281406,308.7854000000046,4.408518287410381,995
forest,4,10000,10000,/mnt/ssd3/ronan/pytorch,True,None,1,random,False,14,-2,0.013299999999999979,0.002242962605206092,0.19199999999999995,0.03787297115507583,1084.0,10000.0,1722.0220672221365,1084,1722.0220672221365,11,0,4.857914195238831,0.17220220672221365,9.225092250922508,0.09225092250922508,296.5360000000064,4.352426176737193,1084
forest,4,10000,10000,/mnt/ssd3/ronan/pytorch,True,None,1,random,False,15,-2,0.007499999999999951,0.001350817481535343,0.19330000000000003,0.03839746340424206,1107.0,10000.0,1662.4999248120284,1107,1662.4999248120284,8,0,4.972267836823545,0.16624999248120284,9.03342366757001,0.09033423667570008,276.39060000000876,4.238072535152558,1107
forest,4,10000,10000,/mnt/ssd3/ronan/pytorch,True,None,1,random,False,16,-2,0.005900000000000016,0.001062059459661507,0.18510000000000004,0.03674502872017609,1105.0,10000.0,1686.9564309726557,1105,1686.9564309726557,10,0,4.921439682513212,0.16869564309726556,9.04977375565611,0.09049773755656107,284.582200000005,4.28890068946287,1105
forest,4,10000,10000,/mnt/ssd3/ronan/pytorch,True,None,1,random,False,17,-2,0.0034999999999999476,0.0006796996607844935,0.18989999999999996,0.03792724373346506,1137.0,10000.0,1602.4443828102117,1137,1602.4443828102117,9,0,5.021484421816488,0.16024443828102117,8.795074758135446,0.08795074758135445,256.78280000000336,4.188855950159622,1137
forest,4,10000,10000,/mnt/ssd3/ronan/pytorch,True,None,1,random,False,18,-2,0.0036000000000000476,0.0006237205317597128,0.18389999999999995,0.03668731281856007,1105.0,10000.0,1594.771456980592,1105,1594.771456980592,10,0,4.990339915778583,0.15947714569805918,9.04977375565611,0.09049773755656107,254.32959999998994,4.220000456197479,1105
forest,4,10000,10000,/mnt/ssd3/ronan/pytorch,True,None,1,random,False,19,-2,0.0027000000000000357,0.0004932413846980297,0.1864,0.03725835478757287,1139.0,10000.0,1655.3857556473054,1139,1655.3857556473054,10,0,4.9572949416161105,0.16553857556473053,8.779631255487267,0.08779631255487269,274.0302000000016,4.253045430360087,1139
forest,4,10000,10000,/mnt/ssd3/ronan/pytorch,True,None,1,random,False,20,-2,0.0020999999999999908,0.00039343437575691177,0.18969999999999998,0.03792589711298196,1180.0,10000.0,1544.6721334962963,1180,1544.6721334962963,13,0,5.084675520759669,0.15446721334962962,8.474576271186441,0.08474576271186442,238.60120000000043,4.125664851216422,1180
forest,4,10000,10000,/mnt/ssd3/ronan/pytorch,True,None,1,random,False,21,-2,0.0014999999999999458,0.0002840705476153298,0.1945,0.03889098064844666,1207.0,10000.0,1569.1679323769015,1207,1569.1679323769015,8,0,5.113684383493374,0.15691679323769014,8.285004142502068,0.08285004142502071,246.22879999999913,4.0966559884826985,1207
forest,4,10000,10000,/mnt/ssd3/ronan/pytorch,True,None,1,random,False,22,-2,0.0004999999999999449,9.510204081632613e-05,0.18489999999999995,0.03697693211162019,1198.0,10000.0,1462.848590934824,1198,1462.848590934824,12,0,5.136529594356464,0.1462848590934824,8.347245409015025,0.08347245409015026,213.99260000000805,4.073810777619686,1198
forest,4,10000,10000,/mnt/ssd3/ronan/pytorch,True,None,1,random,False,23,-2,0.0010999999999999899,0.00020286620046620126,0.1965,0.03928305701325253,1187.0,10000.0,1568.6025627927554,1187,1568.6025627927554,10,0,5.073869644288756,0.15686025627927552,8.424599831508004,0.08424599831508003,246.05140000001614,4.136470727687487,1187
forest,4,10000,10000,/mnt/ssd3/ronan/pytorch,True,None,1,random,False,24,-2,0.0,0.0,0.2017,0.04034,1189.0,10000.0,1493.8634475747774,1189,1493.8634475747774,9,0,5.154407259478038,0.14938634475747775,8.410428931875524,0.08410428931875527,223.16280000000398,4.055933112498086,1189
forest,4,10000,10000,/mnt/ssd3/ronan/pytorch,True,None,1,random,False,25,-2,0.00019999999999997797,3.823529411764705e-05,0.19689999999999996,0.039378010380622844,1195.0,10000.0,1504.8727520956713,1195,1504.8727520956713,8,0,5.146003146390536,0.15048727520956715,8.368200836820082,0.08368200836820085,226.46420000000407,4.064337225585602,1195
forest,4,10000,10000,/mnt/ssd3/ronan/pytorch,True,None,1,random,False,26,-2,0.0004999999999999449,7.577437417654771e-05,0.1936,0.03863614749171552,1221.0,10000.0,1532.7713462875015,1221,1532.7713462875015,11,0,5.122869553725248,0.15327713462875014,8.19000819000819,0.08190008190008191,234.93880000000428,4.087470818250834,1221
forest,4,10000,10000,/mnt/ssd3/ronan/pytorch,True,None,1,random,False,27,-2,0.0,0.0,0.1985,0.0397,1208.0,10000.0,1506.3186913797492,1208,1506.3186913797492,11,0,5.127502157285515,0.1506318691379749,8.278145695364241,0.08278145695364239,226.89960000000156,4.082838214690585,1208
forest,4,10000,10000,/mnt/ssd3/ronan/pytorch,True,None,1,random,False,28,-2,0.0,0.0,0.19130000000000003,0.038259999999999995,1220.0,10000.0,1536.014322849888,1220,1536.014322849888,10,0,5.118937184403963,0.1536014322849888,8.196721311475411,0.0819672131147541,235.9339999999941,4.091403187572158,1220
forest,4,10000,10000,/mnt/ssd3/ronan/pytorch,True,None,1,random,False,29,-2,0.0,0.0,0.19720000000000004,0.039439999999999996,1218.0,10000.0,1504.4148364065013,1218,1504.4148364065013,11,0,5.135478586270749,0.15044148364065013,8.21018062397373,0.08210180623973728,226.3263999999964,4.0748617857052265,1218
forest,4,10000,10000,/mnt/ssd3/ronan/pytorch,True,None,1,random,False,None,-2,0.0,0.0,0.19789999999999996,0.03958,1187.0,10000.0,1481.0590805231234,1187,1481.0590805231234,9,0,5.158841533372147,0.14810590805231236,8.424599831508004,0.08424599831508003,219.35359999999895,4.051498838604024,1187
forest,4,10000,10000,/mnt/ssd3/ronan/pytorch,True,None,2,random,False,None,-2,0.0,0.0,0.1987,0.025794999999999995,2396.0,10000.0,1369.935034956038,3335,1209.3146819583396,8,0,5.605387334007028,0.2140561608550429,8.347245409015025,0.08347245409015026,229.1001999999965,4.77500625615295,2396
forest,4,10000,10000,/mnt/ssd3/ronan/pytorch,True,None,3,random,False,None,-2,0.0,0.0,0.1401,0.021020000000000184,3573.0,10000.000000000004,1302.4301218192943,4477,1003.9233038434759,7,0,5.810815026876133,0.26209681417369424,8.396305625524771,0.08396305625524769,228.98246666666563,5.081803735819527,3573
forest,4,10000,10000,/mnt/ssd3/ronan/pytorch,True,None,4,random,False,None,-2,0.0,0.0,0.11509999999999998,0.01829375,4704.0,10000.000000000004,1274.486710405409,5503,907.2948803999723,7,0,5.9473062935128835,0.30619317431974213,8.503401360544213,0.08503401360544217,234.3856500000015,5.377677593301704,4704
forest,4,10000,10000,/mnt/ssd3/ronan/pytorch,True,None,5,random,False,None,-2,0.0,0.0,0.10570000000000002,0.017434399999999912,6007.0,10000.000000000005,1187.0200335293423,6452,640.5513250318041,8,0,6.150869884535703,0.33207363641216686,8.323622440486101,0.08323622440486099,220.54579999999785,5.515698093524966,6007
forest,4,10000,10000,/mnt/ssd3/ronan/pytorch,True,None,7,random,False,None,-2,0.0,0.0,0.08840000000000003,0.015451836734693691,8383.0,10000.000000000005,1220.03939381029,7037,746.8761610869636,8,0,6.252080494405434,0.39940348020516797,8.350232613622811,0.08350232613622807,227.89020000000306,5.621875275369103,8383
forest,4,10000,10000,/mnt/ssd3/ronan/pytorch,True,None,10,random,False,None,-2,0.0,0.0,0.07269999999999999,0.0141566,10000.0,10000.000000000007,1179.0902679608548,7766,604.9512377043294,7,0,6.422529326006287,0.47117565726595,8.33680700291788,0.08336807002917881,222.00649999999814,5.737452906746796,11995
forest,4,10000,10000,/mnt/ssd3/ronan/pytorch,True,None,13,random,False,None,-2,0.0,0.0,0.06869999999999998,0.013810887573964268,10000.0,10000.000000000013,1163.5424536389373,8114,433.04965073303083,7,0,6.512753302312847,0.5378629007470211,8.230973787514245,0.08230973787514247,222.53576923076952,5.86030705643517,15794
forest,4,10000,10000,/mnt/ssd3/ronan/pytorch,True,None,16,random,False,None,-2,0.0,0.0,0.06679999999999997,0.013516718749999998,10000.0,10000.00000000001,1159.0377946275091,8381,490.62409235584835,8,0,6.574727658238916,0.5973686633897027,8.283717318146518,0.08283717318146519,223.03082499999906,5.902713154369171,19315
forest,4,10000,10000,/mnt/ssd3/ronan/pytorch,True,None,20,random,False,None,-2,0.0,0.0,0.06540000000000001,0.013080999999999825,10000.0,10000.00000000001,1186.1965077507184,8555,478.1171404582772,8,0,6.591989455669961,0.6801888120220737,8.295657223443525,0.08295657223443528,231.32840999999868,6.001198140641075,24109
