model,rep,n_train_samples,n_test_samples,recurse_level,angle_params,cov_scale,onehot,noise_dims,shuffle_label_frac,n_estimators,max_features,bootstrap,max_depth,n_jobs,train_01_error,train_mse,test_01_error,test_mse,IRM_L0,IRM_L1,IRM_L2,n_regions,ACTS_L2,IRM_entropy,n_total_leaves
shallow_forest,0,1000,8192,0,45,0.15,True,0,None,1,1,False,2,-2,0.04,0.038,0.0477,0.0446,4.0,1000.0,612.7299568325349,4,612.7299568325349,1.081400909353353,4
shallow_forest,0,1000,8192,0,45,0.15,True,0,None,1,1,False,5,-2,0.006,0.005,0.0255,0.0246,16.0,1000.0,432.476588961761,16,432.476588961761,1.884389891954005,16
shallow_forest,0,1000,8192,0,45,0.15,True,0,None,1,1,False,15,-2,0.0,0.0,0.0237,0.0237,27.0,1000.0,454.3390804234212,27,454.3390804234212,1.8224353909535345,27
shallow_forest,0,1000,8192,0,45,0.15,True,0,None,1,1,False,40,-2,0.0,0.0,0.0273,0.0273,30.0,1000.0,453.72458606515914,30,453.72458606515914,1.8356207017346053,30
shallow_forest,0,1000,8192,0,45,0.15,True,0,None,2,1,False,2,-2,0.044,0.061,0.0632,0.0699,8.0,999.9999999999998,563.359565464189,9,491.3796902599862,1.2853042030732624,8
shallow_forest,0,1000,8192,0,45,0.15,True,0,None,2,1,False,5,-2,0.011,0.008,0.0221,0.0187,28.0,1000.0,441.5467132705213,24,428.08410388614055,1.8625055211170491,28
shallow_forest,0,1000,8192,0,45,0.15,True,0,None,2,1,False,15,-2,0.0,0.0,0.0308,0.0213,65.0,1000.0,404.20539333363666,66,359.4551432376507,2.2941448583982655,65
shallow_forest,0,1000,8192,0,45,0.15,True,0,None,2,1,False,40,-2,0.0,0.0,0.0232,0.0197,63.0,1000.0000000000002,403.008684769944,48,380.2998816723455,2.194937178191307,63
shallow_forest,0,1000,8192,0,45,0.15,True,0,None,3,1,False,2,-2,0.048,0.05,0.0629,0.0615,12.0,999.9999999999999,571.4284246031556,6,498.1244824338591,1.2356871138079617,12
shallow_forest,0,1000,8192,0,45,0.15,True,0,None,3,1,False,5,-2,0.017,0.012,0.0292,0.022,49.0,1000.0000000000002,424.0251564864205,57,382.29046548403477,2.0695592911413914,49
shallow_forest,0,1000,8192,0,45,0.15,True,0,None,3,1,False,15,-2,0.0,0.0,0.0209,0.0179,88.0,1000.0000000000002,409.7858519329876,48,366.2348972995337,2.1891119528238283,88
shallow_forest,0,1000,8192,0,45,0.15,True,0,None,3,1,False,40,-2,0.0,0.0,0.0198,0.0161,86.0,1000.0000000000002,421.8654340479253,61,400.00999987500313,2.1110505756432985,86
shallow_forest,0,1000,8192,0,45,0.15,True,0,None,4,1,False,2,-2,0.049,0.079,0.0637,0.0876,16.0,1000.0000000000001,539.2960689639784,13,472.5843839993023,1.407166288374283,16
shallow_forest,0,1000,8192,0,45,0.15,True,0,None,4,1,False,5,-2,0.011,0.008,0.0221,0.018,57.0,999.9999999999999,436.94007026135745,49,404.82341829494004,1.9564580466285602,57
shallow_forest,0,1000,8192,0,45,0.15,True,0,None,4,1,False,15,-2,0.0,0.0,0.0195,0.016,118.0,1000.0,411.1135791967956,81,364.1345905019187,2.223249131796626,118
shallow_forest,0,1000,8192,0,45,0.15,True,0,None,4,1,False,40,-2,0.0,0.0,0.0198,0.0164,132.0,1000.0,403.24279286801885,85,359.73323449467387,2.2946350737445584,132
shallow_forest,0,1000,8192,0,45,0.15,True,0,None,5,1,False,2,-2,0.026,0.058,0.0321,0.0658,20.0,1000.0000000000002,530.2553347209249,16,444.1418692264894,1.436502471215142,20
shallow_forest,0,1000,8192,0,45,0.15,True,0,None,5,1,False,5,-2,0.012,0.011,0.0237,0.0201,72.0,1000.0,417.5471230891191,69,358.34620131933866,2.1024509934749043,72
shallow_forest,0,1000,8192,0,45,0.15,True,0,None,5,1,False,15,-2,0.0,0.0,0.0187,0.0143,124.0,1000.0,423.0964901768862,52,385.4140630542689,2.0867857375044023,124
shallow_forest,0,1000,8192,0,45,0.15,True,0,None,5,1,False,40,-2,0.0,0.0,0.0159,0.0139,140.0,1000.0000000000001,409.9148204200477,72,362.0828634442674,2.214525340163555,140
shallow_forest,0,1000,8192,0,45,0.15,True,0,None,7,1,False,2,-2,0.048,0.038,0.0631,0.0471,28.0,999.9999999999998,536.7851772642498,19,438.67983769487284,1.435592896066223,28
shallow_forest,0,1000,8192,0,45,0.15,True,0,None,7,1,False,5,-2,0.006,0.006,0.0177,0.0145,111.0,1000.0000000000002,405.5435757557191,93,319.6810910892291,2.2313873836650204,111
shallow_forest,0,1000,8192,0,45,0.15,True,0,None,7,1,False,15,-2,0.0,0.0,0.0172,0.0153,191.0,1000.0000000000001,417.3629067350946,68,368.16029117763367,2.149525775603777,191
shallow_forest,0,1000,8192,0,45,0.15,True,0,None,7,1,False,40,-2,0.0,0.0,0.0167,0.0136,183.0,1000.0000000000001,416.53620270423716,65,381.14826511477133,2.1387583351502744,183
shallow_forest,0,1000,8192,0,45,0.15,True,0,None,10,1,False,2,-2,0.048,0.072,0.0649,0.0806,40.0,1000.0000000000005,536.6908607382837,15,472.4785709426407,1.407741245097287,40
shallow_forest,0,1000,8192,0,45,0.15,True,0,None,10,1,False,5,-2,0.013,0.009,0.0221,0.0166,143.0,999.9999999999998,421.8496651652101,71,358.31271258497094,2.0821706165083755,143
shallow_forest,0,1000,8192,0,45,0.15,True,0,None,10,1,False,15,-2,0.0,0.0,0.0177,0.0138,264.0,1000.0000000000002,421.16137049829246,107,359.521904756859,2.1644944397710564,264
shallow_forest,0,1000,8192,0,45,0.15,True,0,None,10,1,False,40,-2,0.0,0.0,0.0164,0.0136,287.0,1000.0000000000002,408.43741258606553,114,323.156308928048,2.271583667584265,287
shallow_forest,0,1000,8192,0,45,0.15,True,0,None,13,1,False,2,-2,0.032,0.029,0.0399,0.0363,52.0,1000.0000000000007,528.9364230651643,19,438.67983769487284,1.438728262045686,52
shallow_forest,0,1000,8192,0,45,0.15,True,0,None,13,1,False,5,-2,0.009,0.008,0.0221,0.0162,196.0,1000.0000000000001,413.53378259715663,91,342.6864456029739,2.1603152291011005,196
shallow_forest,0,1000,8192,0,45,0.15,True,0,None,13,1,False,15,-2,0.0,0.0,0.0167,0.0137,351.0,1000.0,410.9451078389968,101,338.1656398867277,2.2235061009592463,351
shallow_forest,0,1000,8192,0,45,0.15,True,0,None,13,1,False,40,-2,0.0,0.0,0.016,0.0129,362.0,1000.0000000000005,403.897330090752,107,315.2839989596681,2.2967523404496237,362
shallow_forest,0,1000,8192,0,45,0.15,True,0,None,16,1,False,2,-2,0.049,0.063,0.0658,0.0707,64.0,1000.0000000000008,528.5672999959418,19,438.67983769487284,1.4618510830156988,64
shallow_forest,0,1000,8192,0,45,0.15,True,0,None,16,1,False,5,-2,0.005,0.005,0.0164,0.0137,247.0,1000.0000000000007,408.939348345204,103,329.79387501892757,2.2078383927970537,247
shallow_forest,0,1000,8192,0,45,0.15,True,0,None,16,1,False,15,-2,0.0,0.0,0.0171,0.0133,467.0,1000.0000000000005,407.64272807202144,126,296.62434155004877,2.294389543271271,467
shallow_forest,0,1000,8192,0,45,0.15,True,0,None,16,1,False,40,-2,0.0,0.0,0.0151,0.0125,490.0,1000.0000000000001,391.5583848546726,126,301.8642078816235,2.3894205873184746,490
shallow_forest,0,1000,8192,0,45,0.15,True,0,None,20,1,False,2,-2,0.027,0.068,0.0326,0.0759,80.0,1000.0000000000009,530.7553344055998,19,438.67983769487284,1.4506815695107602,80
shallow_forest,0,1000,8192,0,45,0.15,True,0,None,20,1,False,5,-2,0.005,0.006,0.0181,0.0143,300.0,1000.0000000000006,412.65435293960013,105,315.37913691301776,2.191599098472247,300
shallow_forest,0,1000,8192,0,45,0.15,True,0,None,20,1,False,15,-2,0.0,0.0,0.0179,0.0133,581.0,1000.0000000000005,398.5931196094584,137,317.50275589355124,2.349697286191661,581
shallow_forest,0,1000,8192,0,45,0.15,True,0,None,20,1,False,40,-2,0.0,0.0,0.017,0.0122,559.0,1000.0000000000003,412.72230373460553,115,332.7160951922825,2.2354591536556567,559
shallow_forest,0,1000,8192,0,45,0.15,True,0,None,40,1,False,2,-2,0.045,0.053,0.0616,0.0602,160.0,1000.0000000000014,523.8623459459556,19,438.67983769487284,1.4694744706325378,160
shallow_forest,0,1000,8192,0,45,0.15,True,0,None,40,1,False,5,-2,0.005,0.006,0.0166,0.0143,605.0,1000.0000000000005,414.52283561946246,112,305.9379021958541,2.1813421835923945,605
shallow_forest,0,1000,8192,0,45,0.15,True,0,None,40,1,False,15,-2,0.0,0.0,0.0156,0.0129,1000.0,1000.000000000001,399.70908796273324,167,288.0173605878646,2.359033714774095,1159
shallow_forest,0,1000,8192,0,45,0.15,True,0,None,40,1,False,40,-2,0.0,0.0,0.0159,0.0132,1000.0,1000.0000000000007,401.4202318020356,164,273.39348931530907,2.354537703842183,1161
shallow_forest,1,1000,8192,0,45,0.15,True,0,None,1,1,False,2,-2,0.045,0.043,0.0463,0.0439,4.0,1000.0,614.6560013536026,4,614.6560013536026,1.0600608708715098,4
shallow_forest,1,1000,8192,0,45,0.15,True,0,None,1,1,False,5,-2,0.013,0.01,0.0228,0.0209,18.0,1000.0,453.25930768159634,18,453.25930768159634,1.7691332715103316,18
shallow_forest,1,1000,8192,0,45,0.15,True,0,None,1,1,False,15,-2,0.0,0.0,0.0316,0.0316,40.0,1000.0,419.6522369772381,40,419.6522369772381,2.1123144354355987,40
shallow_forest,1,1000,8192,0,45,0.15,True,0,None,1,1,False,40,-2,0.0,0.0,0.0223,0.0223,35.0,1000.0,435.64435035932695,35,435.64435035932695,1.9857255354882937,35
shallow_forest,1,1000,8192,0,45,0.15,True,0,None,2,1,False,2,-2,0.032,0.057,0.0442,0.0639,8.0,1000.0000000000001,557.319028923291,8,492.42867503832474,1.291138529831436,8
shallow_forest,1,1000,8192,0,45,0.15,True,0,None,2,1,False,5,-2,0.009,0.011,0.0223,0.0204,35.0,1000.0,410.0396322308369,39,390.52784791868555,2.0964269257989834,35
shallow_forest,1,1000,8192,0,45,0.15,True,0,None,2,1,False,15,-2,0.0,0.0,0.0253,0.0176,58.0,1000.0,411.3380604806707,52,389.96922955535865,2.153541295035624,58
shallow_forest,1,1000,8192,0,45,0.15,True,0,None,2,1,False,40,-2,0.0,0.0,0.0199,0.0148,56.0,999.9999999999999,414.08875860134134,48,396.94332089103096,2.1175497215271752,56
shallow_forest,1,1000,8192,0,45,0.15,True,0,None,3,1,False,2,-2,0.041,0.041,0.049,0.0437,12.0,999.9999999999999,512.4117268152415,16,431.8170909077129,1.5273710706766819,12
shallow_forest,1,1000,8192,0,45,0.15,True,0,None,3,1,False,5,-2,0.004,0.007,0.0162,0.0159,59.0,1000.0000000000002,413.7127291034472,51,391.57885540462985,2.1131498824429267,59
shallow_forest,1,1000,8192,0,45,0.15,True,0,None,3,1,False,15,-2,0.0,0.0,0.0192,0.0171,115.0,1000.0,388.6214953739263,106,349.69129242805,2.421580047497298,115
shallow_forest,1,1000,8192,0,45,0.15,True,0,None,3,1,False,40,-2,0.0,0.0,0.0184,0.0148,99.0,1000.0000000000003,409.6985341551626,61,385.07142194663055,2.198611116838174,99
shallow_forest,1,1000,8192,0,45,0.15,True,0,None,4,1,False,2,-2,0.042,0.035,0.0391,0.0371,16.0,1000.0000000000001,529.7904066704116,14,447.26278629011824,1.437766730363339,16
shallow_forest,1,1000,8192,0,45,0.15,True,0,None,4,1,False,5,-2,0.01,0.009,0.0212,0.0168,77.0,1000.0000000000001,378.9124239187732,92,320.50585018061685,2.3963028234014816,77
shallow_forest,1,1000,8192,0,45,0.15,True,0,None,4,1,False,15,-2,0.0,0.0,0.0143,0.012,127.0,1000.0000000000003,403.8355172591931,84,346.45057367538016,2.2925708917406764,127
shallow_forest,1,1000,8192,0,45,0.15,True,0,None,4,1,False,40,-2,0.0,0.0,0.0168,0.0135,127.0,1000.0000000000003,394.78190181415357,84,351.04415676663814,2.341019045623442,127
shallow_forest,1,1000,8192,0,45,0.15,True,0,None,5,1,False,2,-2,0.037,0.048,0.0502,0.0559,20.0,1000.0000000000001,547.786308700756,12,465.38801015926487,1.3755909862014961,20
shallow_forest,1,1000,8192,0,45,0.15,True,0,None,5,1,False,5,-2,0.007,0.007,0.0155,0.0143,98.0,1000.0000000000001,400.8106785004611,73,347.72402850536514,2.2351228490055606,98
shallow_forest,1,1000,8192,0,45,0.15,True,0,None,5,1,False,15,-2,0.0,0.0,0.0186,0.0151,172.0,1000.0000000000005,382.11694544995,97,317.0646621747684,2.451751649933333,172
shallow_forest,1,1000,8192,0,45,0.15,True,0,None,5,1,False,40,-2,0.0,0.0,0.0156,0.0128,163.0,1000.0000000000002,414.14026609350617,81,369.0799371409939,2.212741798088468,163
shallow_forest,1,1000,8192,0,45,0.15,True,0,None,7,1,False,2,-2,0.04,0.051,0.0522,0.0581,28.0,1000.0,544.6978192408284,12,465.38801015926487,1.392091305960815,28
shallow_forest,1,1000,8192,0,45,0.15,True,0,None,7,1,False,5,-2,0.006,0.006,0.0172,0.015,141.0,1000.0000000000001,382.72065797499914,94,324.45955063767195,2.3770311902070467,141
shallow_forest,1,1000,8192,0,45,0.15,True,0,None,7,1,False,15,-2,0.0,0.0,0.0165,0.014,233.0,1000.0000000000001,377.0480400291134,119,294.91354665393044,2.507279708206269,233
shallow_forest,1,1000,8192,0,45,0.15,True,0,None,7,1,False,40,-2,0.0,0.0,0.0157,0.0122,240.0,1000.0000000000002,407.025597149238,95,346.9149751740331,2.2832814931649414,240
shallow_forest,1,1000,8192,0,45,0.15,True,0,None,10,1,False,2,-2,0.032,0.055,0.0447,0.0591,40.0,1000.0000000000007,531.441962964913,18,431.7893004695693,1.4517383851176375,40
shallow_forest,1,1000,8192,0,45,0.15,True,0,None,10,1,False,5,-2,0.004,0.008,0.0151,0.015,184.0,1000.0,401.25956686414344,101,316.22776601683796,2.2827093357937036,184
shallow_forest,1,1000,8192,0,45,0.15,True,0,None,10,1,False,15,-2,0.0,0.0,0.0161,0.0126,312.0,1000.0000000000002,395.61215855936484,119,300.19660224592815,2.362980675541432,312
shallow_forest,1,1000,8192,0,45,0.15,True,0,None,10,1,False,40,-2,0.0,0.0,0.0143,0.0113,338.0,1000.0000000000005,394.9231570824886,153,289.20580907028824,2.430390941634525,338
shallow_forest,1,1000,8192,0,45,0.15,True,0,None,13,1,False,2,-2,0.036,0.07,0.0483,0.0742,52.0,1000.0000000000011,544.7271940855638,18,431.7893004695693,1.4122649188047156,52
shallow_forest,1,1000,8192,0,45,0.15,True,0,None,13,1,False,5,-2,0.003,0.007,0.0131,0.0146,249.0,1000.0000000000002,402.71664756358416,102,318.6534167398806,2.266342382775681,249
shallow_forest,1,1000,8192,0,45,0.15,True,0,None,13,1,False,15,-2,0.0,0.0,0.0135,0.012,427.0,1000.0000000000003,392.3605695887997,154,291.3657495314094,2.4315697278546993,427
shallow_forest,1,1000,8192,0,45,0.15,True,0,None,13,1,False,40,-2,0.0,0.0,0.0155,0.012,442.0,1000.0000000000006,391.1013276897817,144,294.08842207744254,2.4466902054145336,442
shallow_forest,1,1000,8192,0,45,0.15,True,0,None,16,1,False,2,-2,0.044,0.044,0.0443,0.0467,64.0,1000.0000000000008,521.6097529523388,18,431.7893004695693,1.4933937633761944,64
shallow_forest,1,1000,8192,0,45,0.15,True,0,None,16,1,False,5,-2,0.004,0.007,0.0151,0.0143,316.0,1000.0000000000002,388.7422527363085,104,306.36579443534487,2.3702205457477112,316
shallow_forest,1,1000,8192,0,45,0.15,True,0,None,16,1,False,15,-2,0.0,0.0,0.0145,0.0118,566.0,1000.0000000000005,382.5748497026432,155,270.377513857939,2.506084624135203,566
shallow_forest,1,1000,8192,0,45,0.15,True,0,None,16,1,False,40,-2,0.0,0.0,0.014,0.012,537.0,1000.0000000000003,376.75548478091196,163,271.6910009551292,2.552817162549195,537
shallow_forest,1,1000,8192,0,45,0.15,True,0,None,20,1,False,2,-2,0.046,0.052,0.0428,0.0539,80.0,1000.000000000001,536.3770129302709,14,447.26278629011824,1.411090725336445,80
shallow_forest,1,1000,8192,0,45,0.15,True,0,None,20,1,False,5,-2,0.008,0.007,0.0154,0.0136,372.0,1000.0000000000005,401.78513536466227,116,313.4294178918118,2.2926559091396794,372
shallow_forest,1,1000,8192,0,45,0.15,True,0,None,20,1,False,15,-2,0.0,0.0,0.0138,0.0112,637.0,1000.0000000000005,401.07999825471234,143,290.05861476605037,2.3755655975648327,637
shallow_forest,1,1000,8192,0,45,0.15,True,0,None,20,1,False,40,-2,0.0,0.0,0.0137,0.0113,661.0,1000.0000000000005,394.45251932266825,149,296.438863848855,2.4105174622341057,661
shallow_forest,1,1000,8192,0,45,0.15,True,0,None,40,1,False,2,-2,0.044,0.065,0.0443,0.0679,160.0,1000.0000000000024,538.3919448227286,18,431.7893004695693,1.4371920821270803,160
shallow_forest,1,1000,8192,0,45,0.15,True,0,None,40,1,False,5,-2,0.006,0.006,0.0137,0.0122,756.0,1000.0000000000007,398.68603405436716,132,296.49957841454005,2.3295769916934805,756
shallow_forest,1,1000,8192,0,45,0.15,True,0,None,40,1,False,15,-2,0.0,0.0,0.014,0.0112,1000.0,1000.0000000000006,392.6927965980532,189,257.03696232254225,2.4516225769706916,1279
shallow_forest,1,1000,8192,0,45,0.15,True,0,None,40,1,False,40,-2,0.0,0.0,0.0145,0.0113,1000.0,1000.0000000000007,393.83313725485317,179,277.90286072654953,2.4414523573849714,1341
shallow_forest,2,1000,8192,0,45,0.15,True,0,None,1,1,False,2,-2,0.269,0.14,0.2772,0.144,4.0,1000.0,603.0870583920699,4,603.0870583920699,1.1536874620561475,4
shallow_forest,2,1000,8192,0,45,0.15,True,0,None,1,1,False,5,-2,0.023,0.013,0.0449,0.0261,17.0,1000.0,412.61362071555516,17,412.61362071555516,1.9715464906232847,17
shallow_forest,2,1000,8192,0,45,0.15,True,0,None,1,1,False,15,-2,0.0,0.0,0.0291,0.0291,36.0,1000.0,420.7540849474904,36,420.7540849474904,2.0701254097259447,36
shallow_forest,2,1000,8192,0,45,0.15,True,0,None,1,1,False,40,-2,0.0,0.0,0.0291,0.0291,35.0,1000.0,425.7064716444889,35,425.7064716444889,2.0104848952675503,35
shallow_forest,2,1000,8192,0,45,0.15,True,0,None,2,1,False,2,-2,0.03,0.022,0.0416,0.0266,8.0,1000.0,526.2076586291765,14,437.3259653850889,1.4804666851032224,8
shallow_forest,2,1000,8192,0,45,0.15,True,0,None,2,1,False,5,-2,0.011,0.008,0.0205,0.0155,35.0,1000.0,408.84960560088587,39,383.13705119708794,2.0998670407548956,35
shallow_forest,2,1000,8192,0,45,0.15,True,0,None,2,1,False,15,-2,0.0,0.0,0.0232,0.0202,68.0,1000.0000000000001,382.72313752894524,58,349.5969107414995,2.3349998164045243,68
shallow_forest,2,1000,8192,0,45,0.15,True,0,None,2,1,False,40,-2,0.0,0.0,0.0198,0.0168,68.0,1000.0000000000002,391.14575288503397,62,359.7777091483017,2.313607471287422,68
shallow_forest,2,1000,8192,0,45,0.15,True,0,None,3,1,False,2,-2,0.037,0.064,0.0474,0.0703,12.0,1000.0,536.3085761843538,11,484.93504719704475,1.358369790797785,12
shallow_forest,2,1000,8192,0,45,0.15,True,0,None,3,1,False,5,-2,0.009,0.008,0.0166,0.0157,52.0,1000.0000000000002,413.341666582663,53,377.5791307792315,2.10588907957648,52
shallow_forest,2,1000,8192,0,45,0.15,True,0,None,3,1,False,15,-2,0.0,0.0,0.0209,0.0173,112.0,1000.0000000000003,393.3271185949708,82,354.4178325084673,2.3454363159597222,112
shallow_forest,2,1000,8192,0,45,0.15,True,0,None,3,1,False,40,-2,0.0,0.0,0.0222,0.0185,103.0,999.9999999999998,398.5621379129955,59,373.79673620833023,2.265918600738909,103
shallow_forest,2,1000,8192,0,45,0.15,True,0,None,4,1,False,2,-2,0.029,0.076,0.0443,0.0814,16.0,999.9999999999999,531.2493529407823,12,448.785026488184,1.4491729913728206,16
shallow_forest,2,1000,8192,0,45,0.15,True,0,None,4,1,False,5,-2,0.009,0.009,0.0209,0.0161,75.0,1000.0000000000002,398.85100601603096,45,365.50239397300805,2.187392117977285,75
shallow_forest,2,1000,8192,0,45,0.15,True,0,None,4,1,False,15,-2,0.0,0.0,0.0217,0.018,130.0,1000.0,388.97429220965233,71,340.038233144451,2.3202703780853877,130
shallow_forest,2,1000,8192,0,45,0.15,True,0,None,4,1,False,40,-2,0.0,0.0,0.0192,0.0156,152.0,1000.0000000000002,396.2234218215779,96,333.52661063249514,2.362374340151792,152
shallow_forest,2,1000,8192,0,45,0.15,True,0,None,5,1,False,2,-2,0.04,0.08,0.0479,0.0851,20.0,1000.0,529.1085332897212,14,458.9204724132494,1.4435952800967906,20
shallow_forest,2,1000,8192,0,45,0.15,True,0,None,5,1,False,5,-2,0.007,0.008,0.019,0.0155,87.0,999.9999999999999,412.56718240790786,76,348.2901089609063,2.201597695882954,87
shallow_forest,2,1000,8192,0,45,0.15,True,0,None,5,1,False,15,-2,0.0,0.0,0.0206,0.0161,186.0,1000.0000000000002,356.8454006989582,119,263.3248943795478,2.609224409510739,186
shallow_forest,2,1000,8192,0,45,0.15,True,0,None,5,1,False,40,-2,0.0,0.0,0.021,0.0161,178.0,1000.0,387.37857452368223,100,334.38600449181484,2.411086997905404,178
shallow_forest,2,1000,8192,0,45,0.15,True,0,None,7,1,False,2,-2,0.032,0.07,0.0466,0.0745,28.0,999.9999999999998,522.7880906783377,18,433.8640340014369,1.4835299383599558,28
shallow_forest,2,1000,8192,0,45,0.15,True,0,None,7,1,False,5,-2,0.009,0.008,0.0195,0.0169,130.0,1000.0000000000002,390.1152106122247,88,305.68938483369027,2.3436754630267953,130
shallow_forest,2,1000,8192,0,45,0.15,True,0,None,7,1,False,15,-2,0.0,0.0,0.0178,0.0151,255.0,1000.0000000000001,374.4456037985779,118,299.7332147093478,2.5189766046113187,255
shallow_forest,2,1000,8192,0,45,0.15,True,0,None,7,1,False,40,-2,0.0,0.0,0.0184,0.0149,244.0,999.9999999999999,380.2453558062805,117,312.2915304647246,2.45391599804994,244
shallow_forest,2,1000,8192,0,45,0.15,True,0,None,10,1,False,2,-2,0.036,0.056,0.0474,0.0617,40.0,1000.0000000000006,516.7320388750826,18,433.8640340014369,1.501670027072492,40
shallow_forest,2,1000,8192,0,45,0.15,True,0,None,10,1,False,5,-2,0.007,0.007,0.0151,0.0147,175.0,1000.0000000000005,398.3307419720452,98,317.95597179483826,2.2937463176162436,175
shallow_forest,2,1000,8192,0,45,0.15,True,0,None,10,1,False,15,-2,0.0,0.0,0.0193,0.0153,389.0,1000.0000000000005,372.2044330740836,126,278.6467297493369,2.5557712004647484,389
shallow_forest,2,1000,8192,0,45,0.15,True,0,None,10,1,False,40,-2,0.0,0.0,0.0188,0.0148,379.0,1000.0000000000001,376.88600398528996,138,286.0664258524583,2.5532092272513154,379
shallow_forest,2,1000,8192,0,45,0.15,True,0,None,13,1,False,2,-2,0.038,0.043,0.0491,0.05,52.0,1000.0000000000008,544.1165686107034,14,458.9204724132494,1.379354073656352,52
shallow_forest,2,1000,8192,0,45,0.15,True,0,None,13,1,False,5,-2,0.007,0.007,0.0181,0.0147,232.0,1000.0000000000002,391.02468936412146,110,297.1060416753587,2.3631057111284397,232
shallow_forest,2,1000,8192,0,45,0.15,True,0,None,13,1,False,15,-2,0.0,0.0,0.0205,0.0143,449.0,1000.0,383.5738513093455,149,258.11625287842685,2.494195212574063,449
shallow_forest,2,1000,8192,0,45,0.15,True,0,None,13,1,False,40,-2,0.0,0.0,0.0193,0.0143,480.0,1000.0000000000003,376.4290482977727,135,286.6391459657944,2.4957213297978056,480
shallow_forest,2,1000,8192,0,45,0.15,True,0,None,16,1,False,2,-2,0.036,0.026,0.0474,0.0316,64.0,1000.0000000000007,521.7738000680946,18,433.8640340014369,1.4772683725509936,64
shallow_forest,2,1000,8192,0,45,0.15,True,0,None,16,1,False,5,-2,0.007,0.007,0.014,0.0136,271.0,1000.0000000000001,398.34321923750616,114,295.550334122633,2.313698790345035,271
shallow_forest,2,1000,8192,0,45,0.15,True,0,None,16,1,False,15,-2,0.0,0.0,0.0182,0.0149,599.0,1000.0000000000006,379.33693178031064,152,274.87451682540524,2.537408585433642,599
shallow_forest,2,1000,8192,0,45,0.15,True,0,None,16,1,False,40,-2,0.0,0.0,0.0166,0.0135,584.0,1000.0000000000003,374.96393576582796,162,262.682317638626,2.56178541061148,584
shallow_forest,2,1000,8192,0,45,0.15,True,0,None,20,1,False,2,-2,0.028,0.04,0.0446,0.045,80.0,1000.0000000000007,512.9893030073823,18,433.8640340014369,1.5227711472937917,80
shallow_forest,2,1000,8192,0,45,0.15,True,0,None,20,1,False,5,-2,0.005,0.006,0.0153,0.0134,354.0,1000.0000000000007,403.9766577415087,106,310.5865418848666,2.2769118861841484,354
shallow_forest,2,1000,8192,0,45,0.15,True,0,None,20,1,False,15,-2,0.0,0.0,0.016,0.0135,713.0,1000.0000000000006,389.07149085997037,151,281.9929077122331,2.4673898626814874,713
shallow_forest,2,1000,8192,0,45,0.15,True,0,None,20,1,False,40,-2,0.0,0.0,0.0176,0.014,788.0,1000.0000000000007,363.6146724212322,211,225.16216378423795,2.682734789272261,788
shallow_forest,2,1000,8192,0,45,0.15,True,0,None,40,1,False,2,-2,0.034,0.058,0.0455,0.0637,160.0,1000.0000000000013,517.60620045552,18,433.8640340014369,1.498843850273753,160
shallow_forest,2,1000,8192,0,45,0.15,True,0,None,40,1,False,5,-2,0.007,0.006,0.0151,0.0133,703.0,1000.0000000000005,400.16480198788094,132,290.1516844686586,2.316749801353062,703
shallow_forest,2,1000,8192,0,45,0.15,True,0,None,40,1,False,15,-2,0.0,0.0,0.0166,0.0133,1000.0,1000.0000000000007,374.3724098407894,197,233.62790929167687,2.5711518679194967,1445
shallow_forest,2,1000,8192,0,45,0.15,True,0,None,40,1,False,40,-2,0.0,0.0,0.0156,0.0132,999.0,1000.0000000000005,371.99128686032424,177,263.2565288839006,2.578149950884545,1481
shallow_forest,3,1000,8192,0,45,0.15,True,0,None,1,1,False,2,-2,0.043,0.04,0.0505,0.0472,4.0,1000.0,614.3272743416167,4,614.3272743416167,1.0714291989307185,4
shallow_forest,3,1000,8192,0,45,0.15,True,0,None,1,1,False,5,-2,0.008,0.007,0.0204,0.0196,14.0,1000.0,459.48449375359775,14,459.48449375359775,1.716907635001424,14
shallow_forest,3,1000,8192,0,45,0.15,True,0,None,1,1,False,15,-2,0.0,0.0,0.0283,0.0283,33.0,1000.0,409.7340600926411,33,409.7340600926411,2.1168750046875005,33
shallow_forest,3,1000,8192,0,45,0.15,True,0,None,1,1,False,40,-2,0.0,0.0,0.0276,0.0276,33.0,1000.0,453.433567350279,33,453.433567350279,1.8542805124455604,33
shallow_forest,3,1000,8192,0,45,0.15,True,0,None,2,1,False,2,-2,0.035,0.062,0.043,0.0663,8.0,1000.0,556.9120217772283,7,492.44492077794854,1.2806107069694865,8
shallow_forest,3,1000,8192,0,45,0.15,True,0,None,2,1,False,5,-2,0.012,0.008,0.0278,0.0188,31.0,1000.0,447.92912385778175,32,434.3270657004926,1.8553012929205084,31
shallow_forest,3,1000,8192,0,45,0.15,True,0,None,2,1,False,15,-2,0.0,0.0,0.03,0.0188,54.0,1000.0,420.78082180631753,42,399.9174914904323,2.0862065898956983,54
shallow_forest,3,1000,8192,0,45,0.15,True,0,None,2,1,False,40,-2,0.0,0.0,0.0291,0.0207,59.0,1000.0,413.56015281939335,45,389.38926538876234,2.110978125582406,59
shallow_forest,3,1000,8192,0,45,0.15,True,0,None,3,1,False,2,-2,0.029,0.068,0.0394,0.0716,12.0,999.9999999999999,534.8700776824218,13,458.2466584711775,1.4086624085013626,12
shallow_forest,3,1000,8192,0,45,0.15,True,0,None,3,1,False,5,-2,0.014,0.011,0.0308,0.0227,56.0,1000.0000000000001,403.5002409471949,40,384.40603533243336,2.1585613589560175,56
shallow_forest,3,1000,8192,0,45,0.15,True,0,None,3,1,False,15,-2,0.0,0.0,0.0244,0.0216,95.0,1000.0,420.38791609655004,73,385.9818648589594,2.1426567699528185,95
shallow_forest,3,1000,8192,0,45,0.15,True,0,None,3,1,False,40,-2,0.0,0.0,0.0223,0.0179,100.0,1000.0,381.5317083080309,98,317.35154009394694,2.4512272282359944,100
shallow_forest,3,1000,8192,0,45,0.15,True,0,None,4,1,False,2,-2,0.043,0.065,0.0458,0.0662,16.0,1000.0,553.5855850724438,6,490.62409235584835,1.3017731824064953,16
shallow_forest,3,1000,8192,0,45,0.15,True,0,None,4,1,False,5,-2,0.008,0.007,0.027,0.0199,62.0,1000.0000000000002,419.21951290463574,45,362.3147802671042,2.0918536795076275,62
shallow_forest,3,1000,8192,0,45,0.15,True,0,None,4,1,False,15,-2,0.0,0.0,0.0211,0.0166,120.0,1000.0,415.34594015109855,78,377.75653535048207,2.196995592537845,120
shallow_forest,3,1000,8192,0,45,0.15,True,0,None,4,1,False,40,-2,0.0,0.0,0.025,0.02,116.0,1000.0000000000005,405.4224648437727,78,349.89426974444723,2.2611399561640892,116
shallow_forest,3,1000,8192,0,45,0.15,True,0,None,5,1,False,2,-2,0.049,0.05,0.0474,0.052,20.0,999.9999999999999,543.7957704874137,13,458.2466584711775,1.3740637583892057,20
shallow_forest,3,1000,8192,0,45,0.15,True,0,None,5,1,False,5,-2,0.008,0.008,0.0198,0.0173,78.0,1000.0000000000001,416.15449054407674,63,366.453271236593,2.127914003969922,78
shallow_forest,3,1000,8192,0,45,0.15,True,0,None,5,1,False,15,-2,0.0,0.0,0.024,0.0193,174.0,1000.0000000000002,376.15209689698656,114,298.38900784043636,2.5237641554201615,174
shallow_forest,3,1000,8192,0,45,0.15,True,0,None,5,1,False,40,-2,0.0,0.0,0.02,0.0172,167.0,1000.0000000000005,413.010120941364,91,356.3565630095789,2.2387662484894655,167
shallow_forest,3,1000,8192,0,45,0.15,True,0,None,7,1,False,2,-2,0.028,0.058,0.0394,0.0621,28.0,1000.0000000000001,528.5720077216905,17,452.4356307807775,1.4364551354053083,28
shallow_forest,3,1000,8192,0,45,0.15,True,0,None,7,1,False,5,-2,0.009,0.007,0.0232,0.0169,110.0,1000.0000000000002,425.3413035314063,60,387.6235286976269,2.0534215361971158,110
shallow_forest,3,1000,8192,0,45,0.15,True,0,None,7,1,False,15,-2,0.0,0.0,0.0219,0.0159,204.0,999.9999999999999,431.02881195425175,76,382.6904754498079,2.0789289059005407,204
shallow_forest,3,1000,8192,0,45,0.15,True,0,None,7,1,False,40,-2,0.0,0.0,0.0199,0.0156,193.0,1000.0000000000005,422.12359153524255,80,365.3135639419922,2.142827320236393,193
shallow_forest,3,1000,8192,0,45,0.15,True,0,None,10,1,False,2,-2,0.028,0.071,0.0386,0.0751,40.0,1000.0000000000007,536.3687910384049,17,452.4356307807775,1.409731238745892,40
shallow_forest,3,1000,8192,0,45,0.15,True,0,None,10,1,False,5,-2,0.006,0.007,0.0181,0.0174,161.0,1000.0000000000002,410.38520928513003,98,306.9071520834925,2.1968049994467744,161
shallow_forest,3,1000,8192,0,45,0.15,True,0,None,10,1,False,15,-2,0.0,0.0,0.0215,0.0157,289.0,1000.0000000000005,408.53614283194094,108,326.11654358526494,2.2679506530813303,289
shallow_forest,3,1000,8192,0,45,0.15,True,0,None,10,1,False,40,-2,0.0,0.0,0.0222,0.0165,298.0,1000.0000000000002,415.7547113383082,99,353.474185761846,2.208863878135192,298
shallow_forest,3,1000,8192,0,45,0.15,True,0,None,13,1,False,2,-2,0.028,0.052,0.0376,0.0567,52.0,1000.0000000000014,523.9095748347709,17,452.4356307807775,1.4430634512212244,52
shallow_forest,3,1000,8192,0,45,0.15,True,0,None,13,1,False,5,-2,0.009,0.007,0.0237,0.0161,243.0,1000.0000000000006,401.13014901613195,87,324.22523035692336,2.2555853655056626,243
shallow_forest,3,1000,8192,0,45,0.15,True,0,None,13,1,False,15,-2,0.0,0.0,0.0205,0.0159,402.0,1000.0000000000001,402.908420445977,159,254.94313091354314,2.342054728851266,402
shallow_forest,3,1000,8192,0,45,0.15,True,0,None,13,1,False,40,-2,0.0,0.0,0.0206,0.0155,393.0,1000.0000000000001,404.15630581079284,128,302.4731393033107,2.3254080549789355,393
shallow_forest,3,1000,8192,0,45,0.15,True,0,None,16,1,False,2,-2,0.028,0.048,0.0394,0.0529,64.0,1000.0000000000013,520.5035572645014,17,452.4356307807775,1.455021362481222,64
shallow_forest,3,1000,8192,0,45,0.15,True,0,None,16,1,False,5,-2,0.008,0.007,0.0194,0.0154,243.0,1000.0000000000006,422.13621542696393,96,324.58589001988366,2.127965857163592,243
shallow_forest,3,1000,8192,0,45,0.15,True,0,None,16,1,False,15,-2,0.0,0.0,0.021,0.0153,504.0,1000.0000000000002,395.94099741943876,168,233.44378338263797,2.4263536840468967,504
shallow_forest,3,1000,8192,0,45,0.15,True,0,None,16,1,False,40,-2,0.0,0.0,0.0237,0.0175,487.0,1000.0000000000005,394.3517029568911,158,233.63646975590092,2.422383669101147,487
shallow_forest,3,1000,8192,0,45,0.15,True,0,None,20,1,False,2,-2,0.033,0.034,0.0448,0.0379,80.0,1000.0000000000011,521.8804556601061,17,452.4356307807775,1.4528149123647938,80
shallow_forest,3,1000,8192,0,45,0.15,True,0,None,20,1,False,5,-2,0.009,0.007,0.0233,0.0163,333.0,1000.0000000000003,406.5100736759176,117,283.0053003037222,2.25851450467411,333
shallow_forest,3,1000,8192,0,45,0.15,True,0,None,20,1,False,15,-2,0.0,0.0,0.02,0.0157,622.0,1000.0000000000002,408.4627767618489,170,270.1147904132612,2.3245878556970525,622
shallow_forest,3,1000,8192,0,45,0.15,True,0,None,20,1,False,40,-2,0.0,0.0,0.0201,0.0161,631.0,1000.0000000000003,393.6885571108208,175,203.43549346168678,2.4539783581158856,631
shallow_forest,3,1000,8192,0,45,0.15,True,0,None,40,1,False,2,-2,0.028,0.062,0.0394,0.0674,160.0,1000.0000000000019,527.3382429712451,17,452.4356307807775,1.4338312907484896,160
shallow_forest,3,1000,8192,0,45,0.15,True,0,None,40,1,False,5,-2,0.007,0.007,0.0189,0.0165,648.0,1000.0000000000005,411.44324335198405,119,283.02296726590936,2.234235848589103,648
shallow_forest,3,1000,8192,0,45,0.15,True,0,None,40,1,False,15,-2,0.0,0.0,0.021,0.0153,1000.0,1000.0000000000008,399.6615458735053,184,212.18388251702814,2.396033927790669,1210
shallow_forest,3,1000,8192,0,45,0.15,True,0,None,40,1,False,40,-2,0.0,0.0,0.022,0.0153,1000.0,1000.0000000000008,409.80598305783684,188,242.60255563369483,2.3210773164621017,1234
shallow_forest,4,1000,8192,0,45,0.15,True,0,None,1,1,False,2,-2,0.039,0.037,0.0503,0.0471,4.0,1000.0,621.5673736611342,4,621.5673736611342,1.0342772051322255,4
shallow_forest,4,1000,8192,0,45,0.15,True,0,None,1,1,False,5,-2,0.019,0.015,0.0414,0.0337,16.0,1000.0,450.6794869971341,16,450.6794869971341,1.7826305929122241,16
shallow_forest,4,1000,8192,0,45,0.15,True,0,None,1,1,False,15,-2,0.0,0.0,0.0291,0.0291,37.0,1000.0,412.57968927226653,37,412.57968927226653,2.1216031143324363,37
shallow_forest,4,1000,8192,0,45,0.15,True,0,None,1,1,False,40,-2,0.0,0.0,0.0269,0.0269,27.0,1000.0,429.83950493178264,27,429.83950493178264,1.9843122711180112,27
shallow_forest,4,1000,8192,0,45,0.15,True,0,None,2,1,False,2,-2,0.035,0.022,0.0386,0.0269,8.0,1000.0000000000001,542.1521926544244,13,455.9166590507524,1.3905029097110924,8
shallow_forest,4,1000,8192,0,45,0.15,True,0,None,2,1,False,5,-2,0.007,0.011,0.0265,0.0249,37.0,1000.0000000000002,444.7561129428128,38,397.7335791707811,2.0010703828818146,37
shallow_forest,4,1000,8192,0,45,0.15,True,0,None,2,1,False,15,-2,0.0,0.0,0.0259,0.0167,56.0,999.9999999999999,418.0281091027252,48,398.5799794269652,2.1048302378796135,56
shallow_forest,4,1000,8192,0,45,0.15,True,0,None,2,1,False,40,-2,0.0,0.0,0.0244,0.0171,50.0,1000.0,414.64261720185004,44,391.91070411510833,2.100873265640378,50
shallow_forest,4,1000,8192,0,45,0.15,True,0,None,3,1,False,2,-2,0.265,0.135,0.2708,0.1386,12.0,1000.0,614.2437084198203,8,609.9377017368249,1.0992584412903577,12
shallow_forest,4,1000,8192,0,45,0.15,True,0,None,3,1,False,5,-2,0.006,0.005,0.0253,0.0165,59.0,999.9999999999998,406.13982266647463,60,365.8934271068558,2.18004155520368,59
shallow_forest,4,1000,8192,0,45,0.15,True,0,None,3,1,False,15,-2,0.0,0.0,0.0179,0.0158,63.0,1000.0000000000001,435.7863900786459,37,415.01566235504896,1.9612477304163918,63
shallow_forest,4,1000,8192,0,45,0.15,True,0,None,3,1,False,40,-2,0.0,0.0,0.0171,0.015,88.0,1000.0000000000001,406.2787767585755,62,356.3144678510823,2.209951020682718,88
shallow_forest,4,1000,8192,0,45,0.15,True,0,None,4,1,False,2,-2,0.041,0.09,0.0536,0.0951,16.0,1000.0000000000001,569.6959715497381,11,480.5101455744717,1.2960274159938088,16
shallow_forest,4,1000,8192,0,45,0.15,True,0,None,4,1,False,5,-2,0.004,0.005,0.017,0.0132,69.0,1000.0,425.2804956731498,60,382.19628464965484,2.0771313319451035,69
shallow_forest,4,1000,8192,0,45,0.15,True,0,None,4,1,False,15,-2,0.0,0.0,0.0186,0.0147,103.0,1000.0000000000002,427.2067707796775,63,390.91431286152726,2.08185645300912,103
shallow_forest,4,1000,8192,0,45,0.15,True,0,None,4,1,False,40,-2,0.0,0.0,0.0166,0.0144,105.0,1000.0,433.30243479583635,72,394.0659843224228,2.0492377438237375,105
shallow_forest,4,1000,8192,0,45,0.15,True,0,None,5,1,False,2,-2,0.041,0.045,0.0536,0.0496,20.0,1000.0,532.2950309743647,14,447.46843464092524,1.4352889936942559,20
shallow_forest,4,1000,8192,0,45,0.15,True,0,None,5,1,False,5,-2,0.001,0.004,0.02,0.0157,84.0,1000.0000000000003,430.9374896664249,50,382.85245199684954,2.00813372358124,84
shallow_forest,4,1000,8192,0,45,0.15,True,0,None,5,1,False,15,-2,0.0,0.0,0.0187,0.0164,144.0,1000.0000000000001,410.39639374633884,72,352.22719940402106,2.2259665498321013,144
shallow_forest,4,1000,8192,0,45,0.15,True,0,None,5,1,False,40,-2,0.0,0.0,0.0184,0.0146,159.0,1000.0000000000002,381.2124866790173,99,313.10701046127986,2.4319411407392932,159
shallow_forest,4,1000,8192,0,45,0.15,True,0,None,7,1,False,2,-2,0.039,0.066,0.045,0.0709,28.0,999.9999999999999,556.5644983434771,8,489.5651131361384,1.3157802559246075,28
shallow_forest,4,1000,8192,0,45,0.15,True,0,None,7,1,False,5,-2,0.001,0.005,0.0177,0.0165,120.0,1000.0000000000003,426.68719125803796,73,364.27462167985294,2.0733648032864576,120
shallow_forest,4,1000,8192,0,45,0.15,True,0,None,7,1,False,15,-2,0.0,0.0,0.0153,0.0128,200.0,1000.0000000000002,401.77300932293616,88,327.80176936679277,2.3009797482260015,200
shallow_forest,4,1000,8192,0,45,0.15,True,0,None,7,1,False,40,-2,0.0,0.0,0.0161,0.0128,183.0,1000.0000000000005,410.64543522287914,72,348.5570254635531,2.1924433401699357,183
shallow_forest,4,1000,8192,0,45,0.15,True,0,None,10,1,False,2,-2,0.037,0.055,0.0475,0.0599,40.0,1000.0000000000007,545.4182248513521,15,447.4639650295876,1.3759195910866349,40
shallow_forest,4,1000,8192,0,45,0.15,True,0,None,10,1,False,5,-2,0.002,0.005,0.0155,0.0152,163.0,1000.0000000000005,426.91336357626477,69,345.49674383414964,2.0682281752064604,163
shallow_forest,4,1000,8192,0,45,0.15,True,0,None,10,1,False,15,-2,0.0,0.0,0.0157,0.0123,251.0,1000.0000000000005,423.97745223065823,89,354.601184431186,2.1338496978306805,251
shallow_forest,4,1000,8192,0,45,0.15,True,0,None,10,1,False,40,-2,0.0,0.0,0.0175,0.0138,292.0,1000.0000000000002,411.9998543689063,123,307.1742176680849,2.258866184705366,292
shallow_forest,4,1000,8192,0,45,0.15,True,0,None,13,1,False,2,-2,0.038,0.042,0.0442,0.0463,52.0,1000.0000000000009,532.1866580939948,15,447.4639650295876,1.4280116872881217,52
shallow_forest,4,1000,8192,0,45,0.15,True,0,None,13,1,False,5,-2,0.002,0.005,0.0143,0.0133,223.0,1000.0000000000002,412.60276467822945,92,314.29285706169014,2.190411154069361,223
shallow_forest,4,1000,8192,0,45,0.15,True,0,None,13,1,False,15,-2,0.0,0.0,0.0162,0.0124,383.0,1000.0000000000006,389.8936586926715,137,287.11321808652417,2.4151078597487627,383
shallow_forest,4,1000,8192,0,45,0.15,True,0,None,13,1,False,40,-2,0.0,0.0,0.0167,0.0131,325.0,1000.0000000000003,414.5430506333478,102,326.4873657586155,2.1959045877590873,325
shallow_forest,4,1000,8192,0,45,0.15,True,0,None,16,1,False,2,-2,0.038,0.041,0.0442,0.0452,64.0,1000.0000000000008,530.6120139753716,15,447.4639650295876,1.4360876858647378,64
shallow_forest,4,1000,8192,0,45,0.15,True,0,None,16,1,False,5,-2,0.002,0.005,0.0155,0.014,282.0,1000.0000000000003,406.8002523505855,99,314.2069381792834,2.239910375459511,282
shallow_forest,4,1000,8192,0,45,0.15,True,0,None,16,1,False,15,-2,0.0,0.0,0.0154,0.0128,467.0,1000.0000000000001,409.3895894346849,146,300.4296922742491,2.3022305965815666,467
shallow_forest,4,1000,8192,0,45,0.15,True,0,None,16,1,False,40,-2,0.0,0.0,0.0157,0.0122,413.0,1000.0000000000005,411.8134817487159,132,282.41104794253357,2.2557381888769727,413
shallow_forest,4,1000,8192,0,45,0.15,True,0,None,20,1,False,2,-2,0.039,0.037,0.0457,0.0414,80.0,1000.0000000000008,540.103249388485,15,447.4639650295876,1.4039544954292666,80
shallow_forest,4,1000,8192,0,45,0.15,True,0,None,20,1,False,5,-2,0.001,0.005,0.0162,0.0138,344.0,1000.0000000000002,417.7601883856335,89,320.30610359467084,2.1570210878682157,344
shallow_forest,4,1000,8192,0,45,0.15,True,0,None,20,1,False,15,-2,0.0,0.0,0.0155,0.013,529.0,1000.0000000000005,417.10469908645246,130,302.99504946450855,2.220323105781585,529
shallow_forest,4,1000,8192,0,45,0.15,True,0,None,20,1,False,40,-2,0.0,0.0,0.0165,0.0128,527.0,1000.0000000000007,404.9368098851968,140,266.19541694026213,2.3301182578474053,527
shallow_forest,4,1000,8192,0,45,0.15,True,0,None,40,1,False,2,-2,0.038,0.041,0.0476,0.0458,160.0,1000.0000000000018,528.808755600737,15,447.4639650295876,1.4466648424781756,160
shallow_forest,4,1000,8192,0,45,0.15,True,0,None,40,1,False,5,-2,0.001,0.004,0.0167,0.0131,695.0,1000.0000000000006,417.5221955177952,98,314.1496458696078,2.1710789835181106,695
shallow_forest,4,1000,8192,0,45,0.15,True,0,None,40,1,False,15,-2,0.0,0.0,0.0164,0.0125,1000.0,1000.0000000000003,418.6419457603358,155,261.48422514560986,2.211318067413122,1055
shallow_forest,4,1000,8192,0,45,0.15,True,0,None,40,1,False,40,-2,0.0,0.0,0.0151,0.0124,1000.0,1000.0000000000007,400.9829656606375,176,254.95489797217076,2.3670848623892424,1155
shallow_forest,5,1000,8192,0,45,0.15,True,0,None,1,1,False,2,-2,0.264,0.137,0.2733,0.1427,4.0,1000.0,604.4600896668034,4,604.4600896668034,1.1658673593384166,4
shallow_forest,5,1000,8192,0,45,0.15,True,0,None,1,1,False,5,-2,0.02,0.014,0.0408,0.0313,17.0,1000.0,447.93526317984833,17,447.93526317984833,1.7711231962235088,17
shallow_forest,5,1000,8192,0,45,0.15,True,0,None,1,1,False,15,-2,0.0,0.0,0.0179,0.0179,26.0,1000.0,399.54474092396714,26,399.54474092396714,2.12617922168915,26
shallow_forest,5,1000,8192,0,45,0.15,True,0,None,1,1,False,40,-2,0.0,0.0,0.0317,0.0317,32.0,1000.0,402.59408838183407,32,402.59408838183407,2.1435547223569955,32
shallow_forest,5,1000,8192,0,45,0.15,True,0,None,2,1,False,2,-2,0.044,0.063,0.0485,0.0654,8.0,1000.0000000000001,561.7908863625327,6,496.74339452075253,1.2689066915744385,8
shallow_forest,5,1000,8192,0,45,0.15,True,0,None,2,1,False,5,-2,0.008,0.01,0.0261,0.0247,34.0,1000.0,437.7556395981667,35,397.82156804275957,1.9678327745759812,34
shallow_forest,5,1000,8192,0,45,0.15,True,0,None,2,1,False,15,-2,0.0,0.0,0.0281,0.0196,60.0,1000.0,382.3735084966007,49,369.76749451513444,2.301546067621091,60
shallow_forest,5,1000,8192,0,45,0.15,True,0,None,2,1,False,40,-2,0.0,0.0,0.0281,0.0178,56.0,999.9999999999999,420.01011892572296,46,406.6866115327624,2.0827768071323645,56
shallow_forest,5,1000,8192,0,45,0.15,True,0,None,3,1,False,2,-2,0.044,0.081,0.0485,0.0839,12.0,1000.0000000000002,567.2990588941799,8,492.24181049561406,1.273881716803952,12
shallow_forest,5,1000,8192,0,45,0.15,True,0,None,3,1,False,5,-2,0.007,0.008,0.0231,0.0175,48.0,999.9999999999999,409.9531138502981,59,357.4884613522512,2.1468655950703077,48
shallow_forest,5,1000,8192,0,45,0.15,True,0,None,3,1,False,15,-2,0.0,0.0,0.0184,0.0151,85.0,1000.0000000000001,403.3625333782667,67,372.19349806249977,2.222039562717276,85
shallow_forest,5,1000,8192,0,45,0.15,True,0,None,3,1,False,40,-2,0.0,0.0,0.0183,0.0159,75.0,1000.0000000000001,408.76888335586403,49,386.90308864107044,2.135786584131062,75
shallow_forest,5,1000,8192,0,45,0.15,True,0,None,4,1,False,2,-2,0.044,0.035,0.0485,0.0386,16.0,999.9999999999999,528.238345825064,13,437.0835160469907,1.4455954950910992,16
shallow_forest,5,1000,8192,0,45,0.15,True,0,None,4,1,False,5,-2,0.008,0.007,0.0204,0.017,65.0,1000.0,412.5160602934145,45,385.8289776571998,2.0890668681181443,65
shallow_forest,5,1000,8192,0,45,0.15,True,0,None,4,1,False,15,-2,0.0,0.0,0.0189,0.0136,103.0,1000.0000000000002,429.67342249666785,52,400.39980019975036,2.0190668079777017,103
shallow_forest,5,1000,8192,0,45,0.15,True,0,None,4,1,False,40,-2,0.0,0.0,0.0184,0.0161,127.0,1000.0000000000002,396.0339316270767,102,345.93351962479727,2.3361977066709274,127
shallow_forest,5,1000,8192,0,45,0.15,True,0,None,5,1,False,2,-2,0.03,0.029,0.045,0.0337,20.0,999.9999999999999,523.7189322527877,17,433.5596844726225,1.4691713460586509,20
shallow_forest,5,1000,8192,0,45,0.15,True,0,None,5,1,False,5,-2,0.003,0.005,0.0182,0.0138,84.0,1000.0000000000002,411.0121166097175,63,345.64143270157876,2.1487120315663093,84
shallow_forest,5,1000,8192,0,45,0.15,True,0,None,5,1,False,15,-2,0.0,0.0,0.0137,0.0127,138.0,1000.0,416.0888366683249,74,354.4601529086168,2.159028640108586,138
shallow_forest,5,1000,8192,0,45,0.15,True,0,None,5,1,False,40,-2,0.0,0.0,0.0177,0.0154,150.0,1000.0,382.10982714397693,92,300.58942097153056,2.4118964632292066,150
shallow_forest,5,1000,8192,0,45,0.15,True,0,None,7,1,False,2,-2,0.03,0.082,0.0468,0.0897,28.0,1000.0,560.3501456359994,9,472.05719992390755,1.3349471143323006,28
shallow_forest,5,1000,8192,0,45,0.15,True,0,None,7,1,False,5,-2,0.009,0.006,0.0298,0.0184,124.0,1000.0000000000003,392.24404107022724,93,294.95084336207617,2.3493718509652606,124
shallow_forest,5,1000,8192,0,45,0.15,True,0,None,7,1,False,15,-2,0.0,0.0,0.0155,0.012,197.0,999.9999999999998,384.85247637429654,112,329.07142081925014,2.409142023719219,197
shallow_forest,5,1000,8192,0,45,0.15,True,0,None,7,1,False,40,-2,0.0,0.0,0.0148,0.0127,193.0,1000.0000000000002,397.79699468396166,95,330.92597359530424,2.297920937347629,193
shallow_forest,5,1000,8192,0,45,0.15,True,0,None,10,1,False,2,-2,0.044,0.055,0.0482,0.0596,40.0,1000.0000000000007,537.8463349321997,17,433.5596844726225,1.4120511060286385,40
shallow_forest,5,1000,8192,0,45,0.15,True,0,None,10,1,False,5,-2,0.004,0.005,0.0165,0.0152,162.0,1000.0000000000003,407.19228872855643,66,352.17325281741654,2.1679735033114333,162
shallow_forest,5,1000,8192,0,45,0.15,True,0,None,10,1,False,15,-2,0.0,0.0,0.0165,0.0137,287.0,1000.0000000000003,385.84175512766893,111,282.11699700656106,2.4032961212470583,287
shallow_forest,5,1000,8192,0,45,0.15,True,0,None,10,1,False,40,-2,0.0,0.0,0.0151,0.013,288.0,1000.0000000000003,404.9021610216473,108,331.62328024431577,2.2978141438560424,288
shallow_forest,5,1000,8192,0,45,0.15,True,0,None,13,1,False,2,-2,0.044,0.061,0.0485,0.0645,52.0,1000.0000000000007,538.1536152526222,17,433.5596844726225,1.425618532769754,52
shallow_forest,5,1000,8192,0,45,0.15,True,0,None,13,1,False,5,-2,0.002,0.005,0.0146,0.0134,204.0,1000.0000000000006,406.09517350102607,91,299.64979559479093,2.2159509404678306,204
shallow_forest,5,1000,8192,0,45,0.15,True,0,None,13,1,False,15,-2,0.0,0.0,0.0145,0.0126,385.0,1000.0000000000003,391.0053647538256,131,289.91033096459324,2.397496820289807,385
shallow_forest,5,1000,8192,0,45,0.15,True,0,None,13,1,False,40,-2,0.0,0.0,0.0161,0.0126,370.0,1000.0000000000003,397.79077787020134,131,300.0233324259965,2.3313265315311806,370
shallow_forest,5,1000,8192,0,45,0.15,True,0,None,16,1,False,2,-2,0.044,0.048,0.0482,0.0526,64.0,1000.0000000000011,531.1593893314887,17,433.5596844726225,1.4395716076344218,64
shallow_forest,5,1000,8192,0,45,0.15,True,0,None,16,1,False,5,-2,0.002,0.005,0.0157,0.0139,273.0,1000.0000000000005,399.7841605166468,102,300.7723391537194,2.2756682200008562,273
shallow_forest,5,1000,8192,0,45,0.15,True,0,None,16,1,False,15,-2,0.0,0.0,0.0145,0.0127,461.0,1000.0000000000003,388.9915346925946,137,285.32437680646916,2.3884329559005137,461
shallow_forest,5,1000,8192,0,45,0.15,True,0,None,16,1,False,40,-2,0.0,0.0,0.0167,0.0138,482.0,1000.0000000000005,397.5187102514799,146,293.79584748597114,2.3600425969027445,482
shallow_forest,5,1000,8192,0,45,0.15,True,0,None,20,1,False,2,-2,0.03,0.054,0.0449,0.0592,80.0,1000.000000000001,530.1790735213905,17,433.5596844726225,1.458405533289545,80
shallow_forest,5,1000,8192,0,45,0.15,True,0,None,20,1,False,5,-2,0.003,0.006,0.016,0.0153,329.0,1000.0000000000003,402.83428354597623,105,299.2757925392563,2.2422492932080433,329
shallow_forest,5,1000,8192,0,45,0.15,True,0,None,20,1,False,15,-2,0.0,0.0,0.0161,0.0116,549.0,1000.0000000000006,399.09386740464964,130,304.8704642959039,2.307832439495144,549
shallow_forest,5,1000,8192,0,45,0.15,True,0,None,20,1,False,40,-2,0.0,0.0,0.0146,0.0121,588.0,1000.0000000000006,398.9310153397452,154,273.2068813189009,2.363250763427059,588
shallow_forest,5,1000,8192,0,45,0.15,True,0,None,40,1,False,2,-2,0.044,0.057,0.0481,0.0605,160.0,1000.0000000000015,537.0908687084523,17,433.5596844726225,1.4262811109457885,160
shallow_forest,5,1000,8192,0,45,0.15,True,0,None,40,1,False,5,-2,0.002,0.005,0.0156,0.0144,670.0,1000.0000000000005,399.37225585911693,108,295.76680003002366,2.2754300374193797,670
shallow_forest,5,1000,8192,0,45,0.15,True,0,None,40,1,False,15,-2,0.0,0.0,0.0172,0.0128,1000.0,1000.0000000000006,397.3752414280486,166,251.24888059452127,2.3619917307288825,1120
shallow_forest,5,1000,8192,0,45,0.15,True,0,None,40,1,False,40,-2,0.0,0.0,0.015,0.0121,1000.0,1000.0000000000006,400.94789094095506,150,287.66994976882796,2.3037656481971625,1117
shallow_forest,6,1000,8192,0,45,0.15,True,0,None,1,1,False,2,-2,0.027,0.026,0.0431,0.0416,4.0,1000.0,612.8246078610094,4,612.8246078610094,1.053142412375789,4
shallow_forest,6,1000,8192,0,45,0.15,True,0,None,1,1,False,5,-2,0.013,0.011,0.0453,0.041,20.0,1000.0,447.02572632903355,20,447.02572632903355,1.8292168355046081,20
shallow_forest,6,1000,8192,0,45,0.15,True,0,None,1,1,False,15,-2,0.0,0.0,0.027,0.027,19.0,1000.0,448.89642457921184,19,448.89642457921184,1.8118955792873748,19
shallow_forest,6,1000,8192,0,45,0.15,True,0,None,1,1,False,40,-2,0.0,0.0,0.0287,0.0287,25.0,1000.0,452.9878585569375,25,452.9878585569375,1.8164749391574682,25
shallow_forest,6,1000,8192,0,45,0.15,True,0,None,2,1,False,2,-2,0.262,0.108,0.2714,0.1155,8.0,1000.0000000000002,548.0022810171507,10,478.37433041500043,1.3669200122541387,8
shallow_forest,6,1000,8192,0,45,0.15,True,0,None,2,1,False,5,-2,0.004,0.006,0.0223,0.0179,34.0,999.9999999999999,394.48510745020525,38,366.12019884185577,2.168650899589407,34
shallow_forest,6,1000,8192,0,45,0.15,True,0,None,2,1,False,15,-2,0.0,0.0,0.0273,0.0198,56.0,1000.0000000000001,422.24400528604315,52,404.65788019016753,2.0923438491198016,56
shallow_forest,6,1000,8192,0,45,0.15,True,0,None,2,1,False,40,-2,0.0,0.0,0.0309,0.0209,62.0,999.9999999999998,402.2635951711265,68,379.0646382874562,2.2229571100262375,62
shallow_forest,6,1000,8192,0,45,0.15,True,0,None,3,1,False,2,-2,0.026,0.059,0.0457,0.0685,12.0,999.9999999999999,534.7876006208238,12,467.08243383796827,1.4029162201497367,12
shallow_forest,6,1000,8192,0,45,0.15,True,0,None,3,1,False,5,-2,0.003,0.004,0.019,0.0166,48.0,999.9999999999999,423.02219537250966,50,393.21749706746266,2.0577588178318793,48
shallow_forest,6,1000,8192,0,45,0.15,True,0,None,3,1,False,15,-2,0.0,0.0,0.0217,0.0173,70.0,1000.0000000000002,446.5567028820516,46,428.42268847482853,1.9197065293015603,70
shallow_forest,6,1000,8192,0,45,0.15,True,0,None,3,1,False,40,-2,0.0,0.0,0.0248,0.02,85.0,1000.0,417.9019023646578,67,386.5074384795201,2.1459859968912784,85
shallow_forest,6,1000,8192,0,45,0.15,True,0,None,4,1,False,2,-2,0.023,0.049,0.0416,0.0575,16.0,999.9999999999999,530.9059474144173,17,449.6598714584169,1.4329434420478362,16
shallow_forest,6,1000,8192,0,45,0.15,True,0,None,4,1,False,5,-2,0.003,0.005,0.0209,0.0171,68.0,1000.0000000000003,420.828349805476,52,391.2901736563289,2.0637062341469035,68
shallow_forest,6,1000,8192,0,45,0.15,True,0,None,4,1,False,15,-2,0.0,0.0,0.0248,0.0175,110.0,1000.0,398.155591446359,76,330.51172445164485,2.2994627368295664,110
shallow_forest,6,1000,8192,0,45,0.15,True,0,None,4,1,False,40,-2,0.0,0.0,0.0238,0.0165,109.0,1000.0000000000002,407.3229676804391,62,380.3393221848091,2.1930782903025845,109
shallow_forest,6,1000,8192,0,45,0.15,True,0,None,5,1,False,2,-2,0.028,0.058,0.0417,0.0645,20.0,999.9999999999999,530.3677214914195,14,470.4274651845914,1.4180827686675719,20
shallow_forest,6,1000,8192,0,45,0.15,True,0,None,5,1,False,5,-2,0.004,0.006,0.022,0.0187,83.0,1000.0000000000002,417.85586031549207,73,357.8826623350173,2.1267325646471864,83
shallow_forest,6,1000,8192,0,45,0.15,True,0,None,5,1,False,15,-2,0.0,0.0,0.0206,0.0179,141.0,1000.0000000000005,411.70610877177927,65,363.3840943134413,2.172439853100773,141
shallow_forest,6,1000,8192,0,45,0.15,True,0,None,5,1,False,40,-2,0.0,0.0,0.0195,0.015,142.0,1000.0000000000002,432.799353049424,93,375.7951569671967,2.1022720514228,142
shallow_forest,6,1000,8192,0,45,0.15,True,0,None,7,1,False,2,-2,0.026,0.027,0.0391,0.0342,28.0,999.9999999999999,522.2742261943804,19,449.60649461501333,1.458697521139166,28
shallow_forest,6,1000,8192,0,45,0.15,True,0,None,7,1,False,5,-2,0.003,0.004,0.0184,0.0175,114.0,1000.0000000000002,428.06050497373303,56,382.1648858804273,2.0414588727423593,114
shallow_forest,6,1000,8192,0,45,0.15,True,0,None,7,1,False,15,-2,0.0,0.0,0.02,0.0148,180.0,1000.0000000000003,431.17116256606425,69,381.4865659495757,2.0663434063763777,180
shallow_forest,6,1000,8192,0,45,0.15,True,0,None,7,1,False,40,-2,0.0,0.0,0.0205,0.0151,184.0,1000.0000000000002,428.61799746989396,79,355.35334527762643,2.1037292041292988,184
shallow_forest,6,1000,8192,0,45,0.15,True,0,None,10,1,False,2,-2,0.026,0.034,0.0449,0.0416,40.0,1000.0000000000007,517.2326555816057,19,449.60649461501333,1.4747410159835321,40
shallow_forest,6,1000,8192,0,45,0.15,True,0,None,10,1,False,5,-2,0.002,0.004,0.0176,0.0147,167.0,1000.0000000000002,420.9750823979965,77,332.3642580061821,2.128018384780642,167
shallow_forest,6,1000,8192,0,45,0.15,True,0,None,10,1,False,15,-2,0.0,0.0,0.0251,0.017,266.0,1000.0000000000002,424.5588769534798,95,341.9590618772955,2.1585381114108144,266
shallow_forest,6,1000,8192,0,45,0.15,True,0,None,10,1,False,40,-2,0.0,0.0,0.0161,0.0134,296.0,1000.0000000000005,419.54994935049154,108,331.5026395068371,2.2225425918785167,296
shallow_forest,6,1000,8192,0,45,0.15,True,0,None,13,1,False,2,-2,0.028,0.055,0.0417,0.0625,52.0,1000.0000000000007,522.3296132252804,19,449.60649461501333,1.4578561943083466,52
shallow_forest,6,1000,8192,0,45,0.15,True,0,None,13,1,False,5,-2,0.002,0.005,0.0215,0.0168,222.0,1000.0000000000005,422.77279978339004,90,349.95999771402444,2.1337408312273554,222
shallow_forest,6,1000,8192,0,45,0.15,True,0,None,13,1,False,15,-2,0.0,0.0,0.0228,0.0167,348.0,1000.0000000000002,421.11913450208715,90,355.1450407931948,2.154406438125795,348
shallow_forest,6,1000,8192,0,45,0.15,True,0,None,13,1,False,40,-2,0.0,0.0,0.0222,0.0142,378.0,1000.0000000000001,407.91388753629155,128,306.29397643440524,2.302058930746773,378
shallow_forest,6,1000,8192,0,45,0.15,True,0,None,16,1,False,2,-2,0.026,0.033,0.0449,0.0402,64.0,1000.0000000000009,517.3312375789809,19,449.60649461501333,1.4800096688506,64
shallow_forest,6,1000,8192,0,45,0.15,True,0,None,16,1,False,5,-2,0.001,0.004,0.0243,0.0172,275.0,1000.0000000000002,437.51966920071146,84,360.5190702306883,2.022605548868746,275
shallow_forest,6,1000,8192,0,45,0.15,True,0,None,16,1,False,15,-2,0.0,0.0,0.0226,0.0152,438.0,1000.0000000000005,416.0618381022225,120,315.32522893038544,2.2269902700087005,438
shallow_forest,6,1000,8192,0,45,0.15,True,0,None,16,1,False,40,-2,0.0,0.0,0.02,0.0138,431.0,1000.0000000000002,417.35732966488075,108,302.55908513875437,2.210337211557251,431
shallow_forest,6,1000,8192,0,45,0.15,True,0,None,20,1,False,2,-2,0.024,0.047,0.0457,0.0563,80.0,1000.0000000000011,524.2498211730738,19,449.60649461501333,1.4585130374803492,80
shallow_forest,6,1000,8192,0,45,0.15,True,0,None,20,1,False,5,-2,0.002,0.004,0.0194,0.0152,351.0,1000.0000000000005,410.26910071317826,106,310.7313952596358,2.238415174524099,351
shallow_forest,6,1000,8192,0,45,0.15,True,0,None,20,1,False,15,-2,0.0,0.0,0.022,0.0153,541.0,1000.0000000000006,405.75816689254697,117,322.45309736456244,2.2812250856751493,541
shallow_forest,6,1000,8192,0,45,0.15,True,0,None,20,1,False,40,-2,0.0,0.0,0.0209,0.0145,562.0,1000.0000000000005,402.8466271423902,124,308.9207017990216,2.3078072974534725,562
shallow_forest,6,1000,8192,0,45,0.15,True,0,None,40,1,False,2,-2,0.029,0.033,0.0454,0.0403,160.0,1000.0000000000016,517.0384197523429,19,449.60649461501333,1.4813998831562365,160
shallow_forest,6,1000,8192,0,45,0.15,True,0,None,40,1,False,5,-2,0.003,0.004,0.0187,0.014,674.0,1000.0000000000003,423.7665512991793,104,313.8725856139717,2.138436393872676,674
shallow_forest,6,1000,8192,0,45,0.15,True,0,None,40,1,False,15,-2,0.0,0.0,0.022,0.0137,997.0,1000.0000000000002,408.4663159307017,136,298.3152694717453,2.2906997971223064,1102
shallow_forest,6,1000,8192,0,45,0.15,True,0,None,40,1,False,40,-2,0.0,0.0,0.0206,0.0139,997.0,1000.0000000000013,421.6781222093458,126,332.03011911572116,2.179346731107233,1049
shallow_forest,7,1000,8192,0,45,0.15,True,0,None,1,1,False,2,-2,0.266,0.136,0.2726,0.1445,4.0,1000.0,610.5079852057629,4,610.5079852057629,1.1308598139221036,4
shallow_forest,7,1000,8192,0,45,0.15,True,0,None,1,1,False,5,-2,0.017,0.014,0.0374,0.0341,15.0,1000.0,454.5943246456119,15,454.5943246456119,1.7378292645398317,15
shallow_forest,7,1000,8192,0,45,0.15,True,0,None,1,1,False,15,-2,0.0,0.0,0.0321,0.0321,29.0,1000.0,428.7283522231764,29,428.7283522231764,1.9732246850142494,29
shallow_forest,7,1000,8192,0,45,0.15,True,0,None,1,1,False,40,-2,0.0,0.0,0.0267,0.0267,32.0,1000.0,395.81056074844696,32,395.81056074844696,2.1565758641227135,32
shallow_forest,7,1000,8192,0,45,0.15,True,0,None,2,1,False,2,-2,0.264,0.134,0.2719,0.1417,8.0,999.9999999999999,608.8649275496166,8,602.5197092212005,1.1470923361603464,8
shallow_forest,7,1000,8192,0,45,0.15,True,0,None,2,1,False,5,-2,0.005,0.007,0.0217,0.0198,34.0,1000.0000000000001,439.84883767039787,34,421.0463157421045,1.900361409528589,34
shallow_forest,7,1000,8192,0,45,0.15,True,0,None,2,1,False,15,-2,0.0,0.0,0.0245,0.0202,65.0,999.9999999999999,404.76474648862387,47,388.4044283990593,2.1980745703421207,65
shallow_forest,7,1000,8192,0,45,0.15,True,0,None,2,1,False,40,-2,0.0,0.0,0.0242,0.0157,57.0,1000.0,412.5051514829845,51,390.35368577739854,2.144136560214691,57
shallow_forest,7,1000,8192,0,45,0.15,True,0,None,3,1,False,2,-2,0.041,0.023,0.0565,0.0317,12.0,1000.0,542.0936778413446,12,450.13553514469396,1.4071327594468712,12
shallow_forest,7,1000,8192,0,45,0.15,True,0,None,3,1,False,5,-2,0.013,0.009,0.0281,0.0217,49.0,1000.0,450.81851485196705,32,436.32556652114715,1.8278232466583724,49
shallow_forest,7,1000,8192,0,45,0.15,True,0,None,3,1,False,15,-2,0.0,0.0,0.0175,0.0159,89.0,1000.0,408.7378948258488,62,372.16394236948855,2.201290341108947,89
shallow_forest,7,1000,8192,0,45,0.15,True,0,None,3,1,False,40,-2,0.0,0.0,0.0187,0.0159,82.0,1000.0000000000002,412.9108055419879,59,371.62615623769005,2.176660626393115,82
shallow_forest,7,1000,8192,0,45,0.15,True,0,None,4,1,False,2,-2,0.039,0.09,0.059,0.0987,16.0,1000.0,565.9243544856504,7,481.48727916737323,1.3109346003113196,16
shallow_forest,7,1000,8192,0,45,0.15,True,0,None,4,1,False,5,-2,0.005,0.005,0.0201,0.0156,69.0,1000.0000000000002,422.22387426577393,60,382.15965250141204,2.0672060117425084,69
shallow_forest,7,1000,8192,0,45,0.15,True,0,None,4,1,False,15,-2,0.0,0.0,0.0216,0.0151,125.0,1000.0000000000001,417.1206360275166,73,381.16925374431764,2.1688674181468723,125
shallow_forest,7,1000,8192,0,45,0.15,True,0,None,4,1,False,40,-2,0.0,0.0,0.0247,0.0172,138.0,1000.0000000000002,369.20979808233693,78,312.5347980625518,2.512891309678131,138
shallow_forest,7,1000,8192,0,45,0.15,True,0,None,5,1,False,2,-2,0.039,0.027,0.0552,0.0374,20.0,999.9999999999999,562.2772981367822,15,446.1412332434652,1.3437854162260736,20
shallow_forest,7,1000,8192,0,45,0.15,True,0,None,5,1,False,5,-2,0.006,0.007,0.0223,0.0171,82.0,1000.0000000000002,438.7718313656883,43,418.3276228029892,1.9373857715316076,82
shallow_forest,7,1000,8192,0,45,0.15,True,0,None,5,1,False,15,-2,0.0,0.0,0.0183,0.0158,152.0,1000.0000000000001,398.3564233196197,92,337.60331751924474,2.3165078272032527,152
shallow_forest,7,1000,8192,0,45,0.15,True,0,None,5,1,False,40,-2,0.0,0.0,0.021,0.0161,159.0,1000.0000000000002,401.4160933495317,84,346.43614130168345,2.29226655663568,159
shallow_forest,7,1000,8192,0,45,0.15,True,0,None,7,1,False,2,-2,0.031,0.105,0.0447,0.1132,28.0,1000.0000000000001,590.6033925968753,12,488.3502841199133,1.2016252383733257,28
shallow_forest,7,1000,8192,0,45,0.15,True,0,None,7,1,False,5,-2,0.007,0.006,0.0168,0.0149,109.0,1000.0000000000001,429.5173370856441,55,383.2440475728227,2.0249573816841755,109
shallow_forest,7,1000,8192,0,45,0.15,True,0,None,7,1,False,15,-2,0.0,0.0,0.0161,0.0133,200.0,1000.0000000000003,404.6473899632637,76,366.4587289177323,2.230153706705286,200
shallow_forest,7,1000,8192,0,45,0.15,True,0,None,7,1,False,40,-2,0.0,0.0,0.0165,0.0137,220.0,999.9999999999999,397.8022275514529,125,317.29796721693634,2.354542981020119,220
shallow_forest,7,1000,8192,0,45,0.15,True,0,None,10,1,False,2,-2,0.037,0.058,0.0565,0.0673,40.0,1000.0000000000007,549.9970545375674,10,475.7057914299552,1.3551593377259423,40
shallow_forest,7,1000,8192,0,45,0.15,True,0,None,10,1,False,5,-2,0.006,0.006,0.0172,0.0144,171.0,1000.0000000000003,420.915906090516,84,338.0532502432124,2.1375754679241306,171
shallow_forest,7,1000,8192,0,45,0.15,True,0,None,10,1,False,15,-2,0.0,0.0,0.0168,0.0137,315.0,1000.0000000000001,396.40267405758,131,289.32680484186045,2.383466248759258,315
shallow_forest,7,1000,8192,0,45,0.15,True,0,None,10,1,False,40,-2,0.0,0.0,0.0176,0.0139,313.0,1000.0000000000001,390.6206087753179,117,313.24431359563414,2.403395974632535,313
shallow_forest,7,1000,8192,0,45,0.15,True,0,None,13,1,False,2,-2,0.03,0.034,0.0466,0.0415,52.0,1000.0000000000006,529.8606493148058,18,444.9089794553488,1.4227941934243744,52
shallow_forest,7,1000,8192,0,45,0.15,True,0,None,13,1,False,5,-2,0.006,0.006,0.019,0.0166,216.0,1000.0000000000005,408.67808253921453,97,311.96794707149,2.225919410450556,216
shallow_forest,7,1000,8192,0,45,0.15,True,0,None,13,1,False,15,-2,0.0,0.0,0.0153,0.0133,436.0,1000.0000000000003,360.0120313571387,175,207.31618364228106,2.6710278977528863,436
shallow_forest,7,1000,8192,0,45,0.15,True,0,None,13,1,False,40,-2,0.0,0.0,0.0164,0.0134,396.0,1000.0000000000003,402.08574551401614,115,328.89207956410263,2.303846478442518,396
shallow_forest,7,1000,8192,0,45,0.15,True,0,None,16,1,False,2,-2,0.03,0.059,0.0425,0.0674,64.0,1000.0000000000006,539.7432983604334,18,444.9089794553488,1.4192790544152218,64
shallow_forest,7,1000,8192,0,45,0.15,True,0,None,16,1,False,5,-2,0.004,0.006,0.0156,0.0155,272.0,1000.0000000000005,420.01114196530557,89,351.749911158482,2.1297812323524514,272
shallow_forest,7,1000,8192,0,45,0.15,True,0,None,16,1,False,15,-2,0.0,0.0,0.0162,0.013,488.0,1000.0000000000005,396.25074921064817,108,321.71415884290826,2.3461786215137375,488
shallow_forest,7,1000,8192,0,45,0.15,True,0,None,16,1,False,40,-2,0.0,0.0,0.0167,0.0135,471.0,1000.0000000000006,399.89035606651,130,273.517823916468,2.3280769692658274,471
shallow_forest,7,1000,8192,0,45,0.15,True,0,None,20,1,False,2,-2,0.03,0.037,0.0464,0.0452,80.0,1000.0000000000009,523.9685773021126,18,444.9089794553488,1.4679469468745279,80
shallow_forest,7,1000,8192,0,45,0.15,True,0,None,20,1,False,5,-2,0.005,0.005,0.0164,0.0134,327.0,1000.0000000000002,418.26198727591776,100,329.53907203850656,2.14531209907482,327
shallow_forest,7,1000,8192,0,45,0.15,True,0,None,20,1,False,15,-2,0.0,0.0,0.0157,0.0132,621.0,1000.0000000000003,400.5803165408904,131,312.23388669393336,2.3370033439086506,621
shallow_forest,7,1000,8192,0,45,0.15,True,0,None,20,1,False,40,-2,0.0,0.0,0.015,0.0124,626.0,1000.0000000000008,387.7702412511822,156,257.46844466846807,2.45447055746626,626
shallow_forest,7,1000,8192,0,45,0.15,True,0,None,40,1,False,2,-2,0.03,0.052,0.0435,0.0596,160.0,1000.0000000000014,533.7552529015524,18,444.9089794553488,1.433497640174662,160
shallow_forest,7,1000,8192,0,45,0.15,True,0,None,40,1,False,5,-2,0.006,0.005,0.016,0.0141,668.0,1000.0000000000008,406.53953836004683,120,295.26936854336924,2.2406959702005578,668
shallow_forest,7,1000,8192,0,45,0.15,True,0,None,40,1,False,15,-2,0.0,0.0,0.0146,0.0128,1000.0,1000.0000000000008,386.51727322333215,169,245.6420159500406,2.4808553439598335,1275
shallow_forest,7,1000,8192,0,45,0.15,True,0,None,40,1,False,40,-2,0.0,0.0,0.0165,0.013,1000.0,1000.0000000000009,391.3754048225311,169,238.32330981253176,2.4190930241122945,1218
shallow_forest,8,1000,8192,0,45,0.15,True,0,None,1,1,False,2,-2,0.262,0.133,0.2719,0.1428,4.0,1000.0,619.74994957644,4,619.74994957644,1.037394387952862,4
shallow_forest,8,1000,8192,0,45,0.15,True,0,None,1,1,False,5,-2,0.01,0.007,0.0287,0.0235,13.0,1000.0,470.0616980780289,13,470.0616980780289,1.6418563149386476,13
shallow_forest,8,1000,8192,0,45,0.15,True,0,None,1,1,False,15,-2,0.0,0.0,0.0238,0.0238,30.0,1000.0,471.21757182855566,30,471.21757182855566,1.706690461958363,30
shallow_forest,8,1000,8192,0,45,0.15,True,0,None,1,1,False,40,-2,0.0,0.0,0.0288,0.0288,33.0,1000.0,415.1794792616803,33,415.1794792616803,2.087788375742784,33
shallow_forest,8,1000,8192,0,45,0.15,True,0,None,2,1,False,2,-2,0.032,0.053,0.0439,0.0627,8.0,999.9999999999999,554.6043634880634,7,488.4608479704387,1.312942937111997,8
shallow_forest,8,1000,8192,0,45,0.15,True,0,None,2,1,False,5,-2,0.006,0.007,0.028,0.0222,31.0,999.9999999999999,445.8929243663774,28,437.6505455269078,1.8400524433651855,31
shallow_forest,8,1000,8192,0,45,0.15,True,0,None,2,1,False,15,-2,0.0,0.0,0.0299,0.0222,58.0,999.9999999999999,424.45906752006124,46,410.25845512310894,2.0435312675526855,58
shallow_forest,8,1000,8192,0,45,0.15,True,0,None,2,1,False,40,-2,0.0,0.0,0.0381,0.0268,76.0,1000.0,394.8657999877934,87,368.61633170547395,2.344828217646998,76
shallow_forest,8,1000,8192,0,45,0.15,True,0,None,3,1,False,2,-2,0.032,0.063,0.0472,0.0707,12.0,1000.0000000000001,532.7219412288804,13,478.44748928173925,1.4048471030386163,12
shallow_forest,8,1000,8192,0,45,0.15,True,0,None,3,1,False,5,-2,0.016,0.01,0.0304,0.0241,43.0,1000.0,435.77593630978146,41,417.37992285207014,1.9399932498042411,43
shallow_forest,8,1000,8192,0,45,0.15,True,0,None,3,1,False,15,-2,0.0,0.0,0.0264,0.0228,95.0,1000.0000000000001,384.6802423947568,54,354.23720866108914,2.350488892157788,95
shallow_forest,8,1000,8192,0,45,0.15,True,0,None,3,1,False,40,-2,0.0,0.0,0.0233,0.0202,93.0,1000.0,414.5747486548381,72,374.0401048016108,2.182843169526568,93
shallow_forest,8,1000,8192,0,45,0.15,True,0,None,4,1,False,2,-2,0.027,0.072,0.0419,0.0813,16.0,1000.0,540.170343502862,12,455.28232998876643,1.3990642974552696,16
shallow_forest,8,1000,8192,0,45,0.15,True,0,None,4,1,False,5,-2,0.009,0.007,0.0226,0.017,56.0,1000.0,425.42096798347865,53,361.8756692567214,2.033740708752041,56
shallow_forest,8,1000,8192,0,45,0.15,True,0,None,4,1,False,15,-2,0.0,0.0,0.0273,0.0204,119.0,1000.0000000000002,400.78080043834433,68,347.46510616175544,2.276506560161785,119
shallow_forest,8,1000,8192,0,45,0.15,True,0,None,4,1,False,40,-2,0.0,0.0,0.0233,0.0207,118.0,1000.0,416.5468160963422,69,375.16396415434144,2.153015442932237,118
shallow_forest,8,1000,8192,0,45,0.15,True,0,None,5,1,False,2,-2,0.025,0.076,0.0411,0.0846,20.0,999.9999999999998,541.0500161722573,11,461.35886249209517,1.3828238718306909,20
shallow_forest,8,1000,8192,0,45,0.15,True,0,None,5,1,False,5,-2,0.007,0.008,0.0272,0.0214,82.0,1000.0,416.93375972688995,66,376.2924394669656,2.111937725952015,82
shallow_forest,8,1000,8192,0,45,0.15,True,0,None,5,1,False,15,-2,0.0,0.0,0.0211,0.0181,148.0,1000.0000000000003,416.80460650045603,79,376.69616403674723,2.1612636173801434,148
shallow_forest,8,1000,8192,0,45,0.15,True,0,None,5,1,False,40,-2,0.0,0.0,0.0275,0.0206,157.0,1000.0000000000002,408.48676845156194,86,361.5881635230888,2.249399151837773,157
shallow_forest,8,1000,8192,0,45,0.15,True,0,None,7,1,False,2,-2,0.042,0.025,0.0507,0.0304,28.0,999.9999999999999,556.5032592456403,13,461.0184378091618,1.3454900551801692,28
shallow_forest,8,1000,8192,0,45,0.15,True,0,None,7,1,False,5,-2,0.01,0.007,0.0264,0.0197,110.0,1000.0000000000003,428.31049199269034,64,359.8972075468216,2.059159907364699,110
shallow_forest,8,1000,8192,0,45,0.15,True,0,None,7,1,False,15,-2,0.0,0.0,0.0222,0.0169,217.0,1000.0000000000001,401.43695974967375,102,342.86148806770353,2.3144530423116194,217
shallow_forest,8,1000,8192,0,45,0.15,True,0,None,7,1,False,40,-2,0.0,0.0,0.02,0.0179,223.0,1000.0000000000002,395.4322873483537,122,272.66096163550804,2.4097567427792512,223
shallow_forest,8,1000,8192,0,45,0.15,True,0,None,10,1,False,2,-2,0.024,0.047,0.0396,0.0554,40.0,1000.0000000000006,531.0821405394838,17,451.2826165497625,1.4374514879457199,40
shallow_forest,8,1000,8192,0,45,0.15,True,0,None,10,1,False,5,-2,0.01,0.008,0.027,0.0193,142.0,1000.0000000000007,424.1843231426641,74,352.75770721559013,2.0728295971484916,142
shallow_forest,8,1000,8192,0,45,0.15,True,0,None,10,1,False,15,-2,0.0,0.0,0.0206,0.0175,292.0,1000.0000000000003,423.0403054083618,83,378.3331864904267,2.1349262332175813,292
shallow_forest,8,1000,8192,0,45,0.15,True,0,None,10,1,False,40,-2,0.0,0.0,0.0199,0.0168,295.0,1000.0000000000007,405.0435038363165,120,301.8774585821207,2.2948505452015566,295
shallow_forest,8,1000,8192,0,45,0.15,True,0,None,13,1,False,2,-2,0.024,0.035,0.0421,0.0425,52.0,1000.0000000000009,522.3601763593334,17,451.2826165497625,1.447700685929689,52
shallow_forest,8,1000,8192,0,45,0.15,True,0,None,13,1,False,5,-2,0.009,0.007,0.0266,0.0203,186.0,1000.0000000000005,437.2690396286381,61,392.48949030515456,1.962275754800778,186
shallow_forest,8,1000,8192,0,45,0.15,True,0,None,13,1,False,15,-2,0.0,0.0,0.0219,0.0167,411.0,1000.0000000000003,397.50345166154244,133,285.32437680646916,2.381241216861629,411
shallow_forest,8,1000,8192,0,45,0.15,True,0,None,13,1,False,40,-2,0.0,0.0,0.0215,0.0168,368.0,1000.0000000000005,423.0060779845065,89,353.62126632882246,2.150443049710056,368
shallow_forest,8,1000,8192,0,45,0.15,True,0,None,16,1,False,2,-2,0.031,0.057,0.0466,0.0647,64.0,1000.0000000000006,526.2546763450183,17,451.2826165497625,1.4423479472437242,64
shallow_forest,8,1000,8192,0,45,0.15,True,0,None,16,1,False,5,-2,0.008,0.007,0.0245,0.018,248.0,1000.0000000000003,416.44784149698756,103,299.64979559479093,2.1702989292552224,248
shallow_forest,8,1000,8192,0,45,0.15,True,0,None,16,1,False,15,-2,0.0,0.0,0.0214,0.0165,451.0,1000.0000000000006,418.13240837980976,120,296.62434155004877,2.2242386696519185,451
shallow_forest,8,1000,8192,0,45,0.15,True,0,None,16,1,False,40,-2,0.0,0.0,0.0225,0.0163,467.0,1000.0000000000003,414.4315006729097,111,320.64622249451185,2.2412603738392023,467
shallow_forest,8,1000,8192,0,45,0.15,True,0,None,20,1,False,2,-2,0.029,0.046,0.0425,0.0523,80.0,1000.0000000000009,522.958631251077,17,451.2826165497625,1.4566022264216383,80
shallow_forest,8,1000,8192,0,45,0.15,True,0,None,20,1,False,5,-2,0.005,0.007,0.0227,0.0191,316.0,1000.0000000000003,415.03555871756333,107,298.5799725366723,2.185382207702057,316
shallow_forest,8,1000,8192,0,45,0.15,True,0,None,20,1,False,15,-2,0.0,0.0,0.0206,0.0164,590.0,1000.0000000000003,404.76889702643894,152,257.41017850893155,2.3299549833065893,590
shallow_forest,8,1000,8192,0,45,0.15,True,0,None,20,1,False,40,-2,0.0,0.0,0.0225,0.0172,611.0,1000.0000000000005,413.50234582164103,132,314.92538798896476,2.251534637190405,611
shallow_forest,8,1000,8192,0,45,0.15,True,0,None,40,1,False,2,-2,0.029,0.057,0.0425,0.0642,160.0,1000.0000000000014,524.8864734397333,17,451.2826165497625,1.4473409202213392,160
shallow_forest,8,1000,8192,0,45,0.15,True,0,None,40,1,False,5,-2,0.005,0.007,0.0234,0.0182,607.0,1000.0000000000002,420.31117193098726,109,299.3559753871634,2.142905383762123,607
shallow_forest,8,1000,8192,0,45,0.15,True,0,None,40,1,False,15,-2,0.0,0.0,0.0219,0.0165,1000.0,1000.0000000000006,409.7106784061162,163,275.2126450583258,2.289618729369147,1137
shallow_forest,8,1000,8192,0,45,0.15,True,0,None,40,1,False,40,-2,0.0,0.0,0.0212,0.0153,1000.0,1000.0000000000003,405.189165699183,174,268.3467905528218,2.341292233237125,1206
shallow_forest,9,1000,8192,0,45,0.15,True,0,None,1,1,False,2,-2,0.054,0.05,0.0507,0.0476,4.0,1000.0,609.4965135257133,4,609.4965135257133,1.0654431422256123,4
shallow_forest,9,1000,8192,0,45,0.15,True,0,None,1,1,False,5,-2,0.021,0.013,0.0283,0.0238,19.0,1000.0,442.2035730294363,19,442.2035730294363,1.8423420190277673,19
shallow_forest,9,1000,8192,0,45,0.15,True,0,None,1,1,False,15,-2,0.0,0.0,0.0253,0.0253,34.0,1000.0,427.3055113147969,34,427.3055113147969,2.0075376869618777,34
shallow_forest,9,1000,8192,0,45,0.15,True,0,None,1,1,False,40,-2,0.0,0.0,0.031,0.031,38.0,1000.0,396.75937292016175,38,396.75937292016175,2.2528354230407484,38
shallow_forest,9,1000,8192,0,45,0.15,True,0,None,2,1,False,2,-2,0.267,0.137,0.281,0.1413,8.0,999.9999999999998,624.0516805521798,6,623.1019178272524,1.0476804837313913,8
shallow_forest,9,1000,8192,0,45,0.15,True,0,None,2,1,False,5,-2,0.012,0.013,0.0237,0.0228,34.0,1000.0,403.8421721415435,32,380.53646343024735,2.099962763600704,34
shallow_forest,9,1000,8192,0,45,0.15,True,0,None,2,1,False,15,-2,0.0,0.0,0.0352,0.0241,74.0,1000.0,396.2858816561599,60,380.3866454017543,2.2695218652303515,74
shallow_forest,9,1000,8192,0,45,0.15,True,0,None,2,1,False,40,-2,0.0,0.0,0.0277,0.0186,77.0,1000.0000000000005,402.7151598835088,59,387.56934863324784,2.2383758588277773,77
shallow_forest,9,1000,8192,0,45,0.15,True,0,None,3,1,False,2,-2,0.054,0.057,0.0505,0.0543,12.0,999.9999999999999,560.7954667751474,9,489.4364105785347,1.2909211950798356,12
shallow_forest,9,1000,8192,0,45,0.15,True,0,None,3,1,False,5,-2,0.01,0.011,0.0228,0.0181,53.0,1000.0000000000001,402.9099706441186,62,349.88283753279467,2.211495420329536,53
shallow_forest,9,1000,8192,0,45,0.15,True,0,None,3,1,False,15,-2,0.0,0.0,0.02,0.0175,120.0,1000.0000000000002,391.20384001750864,69,367.0585784312907,2.3370691518627096,120
shallow_forest,9,1000,8192,0,45,0.15,True,0,None,3,1,False,40,-2,0.0,0.0,0.0193,0.015,107.0,1000.0000000000001,391.80720882710784,73,351.4740388705829,2.3481140131464247,107
shallow_forest,9,1000,8192,0,45,0.15,True,0,None,4,1,False,2,-2,0.038,0.092,0.0549,0.0976,16.0,1000.0,572.8005761170288,12,482.5494793282861,1.2969653395434428,16
shallow_forest,9,1000,8192,0,45,0.15,True,0,None,4,1,False,5,-2,0.017,0.012,0.0226,0.0179,72.0,1000.0,411.8828717001958,51,386.99353999776275,2.110950213892698,72
shallow_forest,9,1000,8192,0,45,0.15,True,0,None,4,1,False,15,-2,0.0,0.0,0.0229,0.015,159.0,1000.0000000000001,390.42476868149646,91,345.75714020103766,2.401696022223167,159
shallow_forest,9,1000,8192,0,45,0.15,True,0,None,4,1,False,40,-2,0.0,0.0,0.0211,0.0169,170.0,1000.0000000000001,398.55677136387976,88,360.53293885579996,2.346655995917079,170
shallow_forest,9,1000,8192,0,45,0.15,True,0,None,5,1,False,2,-2,0.042,0.035,0.0598,0.0425,20.0,1000.0000000000001,542.4351758505343,12,449.98666646912994,1.3912485219353885,20
shallow_forest,9,1000,8192,0,45,0.15,True,0,None,5,1,False,5,-2,0.01,0.01,0.0179,0.0174,95.0,1000.0,378.07216242405366,91,312.5699921617557,2.3905135266378235,95
shallow_forest,9,1000,8192,0,45,0.15,True,0,None,5,1,False,15,-2,0.0,0.0,0.0195,0.0151,189.0,1000.0000000000002,385.5199086947391,93,343.2171324395098,2.3916555058993807,189
shallow_forest,9,1000,8192,0,45,0.15,True,0,None,5,1,False,40,-2,0.0,0.0,0.0231,0.018,194.0,1000.0000000000003,386.12609339437296,102,313.9936305086458,2.4446364134246523,194
shallow_forest,9,1000,8192,0,45,0.15,True,0,None,7,1,False,2,-2,0.054,0.047,0.0507,0.0457,28.0,1000.0000000000001,539.3549813604834,16,443.66879538682906,1.40133242259664,28
shallow_forest,9,1000,8192,0,45,0.15,True,0,None,7,1,False,5,-2,0.013,0.011,0.0214,0.0171,122.0,1000.0,399.343542962851,92,311.8108400937979,2.2948347775552675,122
shallow_forest,9,1000,8192,0,45,0.15,True,0,None,7,1,False,15,-2,0.0,0.0,0.0181,0.0137,250.0,1000.0000000000002,387.21238173827624,82,355.51652563558844,2.3606294720196934,250
shallow_forest,9,1000,8192,0,45,0.15,True,0,None,7,1,False,40,-2,0.0,0.0,0.0186,0.0142,290.0,1000.0000000000003,360.52642915942926,136,265.1980392084376,2.654439582544537,290
shallow_forest,9,1000,8192,0,45,0.15,True,0,None,10,1,False,2,-2,0.038,0.041,0.0559,0.0468,40.0,1000.0000000000005,535.0357558145063,16,443.66879538682906,1.423586275549669,40
shallow_forest,9,1000,8192,0,45,0.15,True,0,None,10,1,False,5,-2,0.009,0.011,0.0182,0.0179,179.0,1000.0000000000005,403.083465302163,91,350.5452895133523,2.247904887087424,179
shallow_forest,9,1000,8192,0,45,0.15,True,0,None,10,1,False,15,-2,0.0,0.0,0.0171,0.0135,375.0,1000.0000000000006,384.29800936252593,119,301.09466949781756,2.472046261640589,375
shallow_forest,9,1000,8192,0,45,0.15,True,0,None,10,1,False,40,-2,0.0,0.0,0.0194,0.0147,368.0,1000.0000000000005,376.3265868896324,121,288.5550207499429,2.513712975618569,368
shallow_forest,9,1000,8192,0,45,0.15,True,0,None,13,1,False,2,-2,0.038,0.063,0.0551,0.0676,52.0,1000.0000000000008,543.5670157319298,16,443.66879538682906,1.3993463228716736,52
shallow_forest,9,1000,8192,0,45,0.15,True,0,None,13,1,False,5,-2,0.012,0.01,0.0203,0.018,231.0,1000.0000000000002,389.4029567451862,106,308.14282402807953,2.3509020301532226,231
shallow_forest,9,1000,8192,0,45,0.15,True,0,None,13,1,False,15,-2,0.0,0.0,0.0166,0.0132,539.0,1000.0000000000003,372.7586747291051,166,269.8332818612263,2.565823079505412,539
shallow_forest,9,1000,8192,0,45,0.15,True,0,None,13,1,False,40,-2,0.0,0.0,0.0172,0.014,488.0,1000.0000000000007,382.2318141695085,125,308.5384903055047,2.4599863758406073,488
shallow_forest,9,1000,8192,0,45,0.15,True,0,None,16,1,False,2,-2,0.035,0.038,0.0381,0.0407,64.0,1000.0000000000011,525.5677064494166,16,443.66879538682906,1.4554806237301887,64
shallow_forest,9,1000,8192,0,45,0.15,True,0,None,16,1,False,5,-2,0.006,0.01,0.0165,0.0165,282.0,1000.0000000000005,393.4389644531919,93,317.5814856064503,2.3040890281400466,282
shallow_forest,9,1000,8192,0,45,0.15,True,0,None,16,1,False,15,-2,0.0,0.0,0.019,0.014,617.0,1000.0000000000003,393.38549596737806,159,303.24907254598486,2.4312584599437264,617
shallow_forest,9,1000,8192,0,45,0.15,True,0,None,16,1,False,40,-2,0.0,0.0,0.0189,0.0135,586.0,1000.0000000000007,379.5176214617709,136,309.8354401936615,2.4761009368459397,586
shallow_forest,9,1000,8192,0,45,0.15,True,0,None,20,1,False,2,-2,0.038,0.065,0.0548,0.0684,80.0,1000.0000000000009,542.050016142422,16,443.66879538682906,1.4087828341776292,80
shallow_forest,9,1000,8192,0,45,0.15,True,0,None,20,1,False,5,-2,0.009,0.009,0.0188,0.0155,356.0,1000.0000000000005,393.07136120557044,117,301.7482394314837,2.3269547791286525,356
shallow_forest,9,1000,8192,0,45,0.15,True,0,None,20,1,False,15,-2,0.0,0.0,0.0187,0.0136,769.0,1000.0000000000005,385.43570151193825,148,317.56889016400834,2.4553600501486317,769
shallow_forest,9,1000,8192,0,45,0.15,True,0,None,20,1,False,40,-2,0.0,0.0,0.0149,0.0126,786.0,1000.0000000000006,378.16759512152805,164,294.7235993265555,2.55129811433666,786
shallow_forest,9,1000,8192,0,45,0.15,True,0,None,40,1,False,2,-2,0.038,0.059,0.0549,0.0625,160.0,1000.0000000000022,537.8036119253942,16,443.66879538682906,1.4182298753696,160
shallow_forest,9,1000,8192,0,45,0.15,True,0,None,40,1,False,5,-2,0.006,0.01,0.0176,0.0168,720.0,1000.0000000000003,392.22262810806825,123,295.44542643270006,2.335078967747252,720
shallow_forest,9,1000,8192,0,45,0.15,True,0,None,40,1,False,15,-2,0.0,0.0,0.016,0.0128,1000.0,1000.0000000000008,386.93717190262305,165,314.1496458696078,2.45509934125228,1502
shallow_forest,9,1000,8192,0,45,0.15,True,0,None,40,1,False,40,-2,0.0,0.0,0.0175,0.0133,1000.0,1000.0000000000011,375.90165103388415,201,223.62468557831446,2.5843864006886017,1579
